task_id,library_version,paper_basis,suite,coordinate,target_level,harness_generation,unified_target,facet,task_family,difficulty_band,variant,title,objective,setup,deliverable,success_criterion,hidden_condition,verifier_type,human_intervention_budget,max_cid,reliability_target,repetitions,paired_design,retention_requirements,binding_status,certification_ready,hidden_asset_requirement,resource_envelope,requires_persistent_state,requires_multi_agent,requires_learning,requires_self_modification,dynamic_environment,primary_metrics,secondary_metrics,leakage_control,split,generator_ref
C-C0-GENE-A,1.0,"Unified Intelligence / HIL Framework v1.5.1 (memory-integrated, delivered-correct delegation)",C-Bench,C,C0,HG0,,general_reasoning,general_reasoning,T0,A,C0 Reactive — General Reasoning (A),Direct pattern-conditioned response on simple problems. Domain: general reasoning. Variant A: clean controlled condition.,Minimal standardized context/tools; no persistence credit. External oracle owns success.,answer or executable artifact plus compact evidence record,Externally verified performance consistent with C0; isolate cognition rather than persistence/autonomy.,Hidden answer key/counterexamples/perturbations appropriate to domain.,independent_reference_or_deterministic,H5-H4,CID0,0.9,40,no,,bound,False,required for formal certification,HIL-R2,False,False,False,False,False,correctness; robustness; calibration,tokens; latency; contamination notes,hidden/sealed assets; candidate cannot write verifier/acceptance criteria,development-bound,
C-C0-GENE-B,1.0,"Unified Intelligence / HIL Framework v1.5.1 (memory-integrated, delivered-correct delegation)",C-Bench,C,C0,HG0,,general_reasoning,general_reasoning,T0,B,C0 Reactive — General Reasoning (B),Direct pattern-conditioned response on simple problems. Domain: general reasoning. Variant B: distribution shift/distractors.,Minimal standardized context/tools; no persistence credit. External oracle owns success.,answer or executable artifact plus compact evidence record,Externally verified performance consistent with C0; isolate cognition rather than persistence/autonomy.,Hidden answer key/counterexamples/perturbations appropriate to domain.,independent_reference_or_deterministic,H5-H4,CID0,0.9,40,no,,specification-only,False,required for formal certification,HIL-R2,False,False,False,False,False,correctness; robustness; calibration,tokens; latency; contamination notes,hidden/sealed assets; candidate cannot write verifier/acceptance criteria,certification-spec,
C-C0-SCIE-A,1.0,"Unified Intelligence / HIL Framework v1.5.1 (memory-integrated, delivered-correct delegation)",C-Bench,C,C0,HG0,,scientific_reasoning,scientific_reasoning,T0,A,C0 Reactive — Scientific Reasoning (A),Direct pattern-conditioned response on simple problems. Domain: scientific reasoning. Variant A: clean controlled condition.,Minimal standardized context/tools; no persistence credit. External oracle owns success.,answer or executable artifact plus compact evidence record,Externally verified performance consistent with C0; isolate cognition rather than persistence/autonomy.,Hidden answer key/counterexamples/perturbations appropriate to domain.,independent_reference_or_deterministic,H5-H4,CID0,0.9,40,no,,specification-only,False,required for formal certification,HIL-R2,False,False,False,False,False,correctness; robustness; calibration,tokens; latency; contamination notes,hidden/sealed assets; candidate cannot write verifier/acceptance criteria,certification-spec,
C-C0-SCIE-B,1.0,"Unified Intelligence / HIL Framework v1.5.1 (memory-integrated, delivered-correct delegation)",C-Bench,C,C0,HG0,,scientific_reasoning,scientific_reasoning,T0,B,C0 Reactive — Scientific Reasoning (B),Direct pattern-conditioned response on simple problems. Domain: scientific reasoning. Variant B: distribution shift/distractors.,Minimal standardized context/tools; no persistence credit. External oracle owns success.,answer or executable artifact plus compact evidence record,Externally verified performance consistent with C0; isolate cognition rather than persistence/autonomy.,Hidden answer key/counterexamples/perturbations appropriate to domain.,independent_reference_or_deterministic,H5-H4,CID0,0.9,40,no,,specification-only,False,required for formal certification,HIL-R2,False,False,False,False,False,correctness; robustness; calibration,tokens; latency; contamination notes,hidden/sealed assets; candidate cannot write verifier/acceptance criteria,certification-spec,
C-C0-ADVA-A,1.0,"Unified Intelligence / HIL Framework v1.5.1 (memory-integrated, delivered-correct delegation)",C-Bench,C,C0,HG0,,advanced_mathematics,advanced_mathematics,T0,A,C0 Reactive — Advanced Mathematics (A),Direct pattern-conditioned response on simple problems. Domain: advanced mathematics. Variant A: clean controlled condition.,Minimal standardized context/tools; no persistence credit. External oracle owns success.,answer or executable artifact plus compact evidence record,Externally verified performance consistent with C0; isolate cognition rather than persistence/autonomy.,Hidden answer key/counterexamples/perturbations appropriate to domain.,independent_reference_or_deterministic,H5-H4,CID0,0.9,40,no,,bound,False,required for formal certification,HIL-R2,False,False,False,False,False,correctness; robustness; calibration,tokens; latency; contamination notes,hidden/sealed assets; candidate cannot write verifier/acceptance criteria,development-bound,
C-C0-ADVA-B,1.0,"Unified Intelligence / HIL Framework v1.5.1 (memory-integrated, delivered-correct delegation)",C-Bench,C,C0,HG0,,advanced_mathematics,advanced_mathematics,T0,B,C0 Reactive — Advanced Mathematics (B),Direct pattern-conditioned response on simple problems. Domain: advanced mathematics. Variant B: distribution shift/distractors.,Minimal standardized context/tools; no persistence credit. External oracle owns success.,answer or executable artifact plus compact evidence record,Externally verified performance consistent with C0; isolate cognition rather than persistence/autonomy.,Hidden answer key/counterexamples/perturbations appropriate to domain.,independent_reference_or_deterministic,H5-H4,CID0,0.9,40,no,,specification-only,False,required for formal certification,HIL-R2,False,False,False,False,False,correctness; robustness; calibration,tokens; latency; contamination notes,hidden/sealed assets; candidate cannot write verifier/acceptance criteria,certification-spec,
C-C0-CODI-A,1.0,"Unified Intelligence / HIL Framework v1.5.1 (memory-integrated, delivered-correct delegation)",C-Bench,C,C0,HG0,,coding,coding,T0,A,C0 Reactive — Coding (A),Direct pattern-conditioned response on simple problems. Domain: coding. Variant A: clean controlled condition.,Minimal standardized context/tools; no persistence credit. External oracle owns success.,answer or executable artifact plus compact evidence record,Externally verified performance consistent with C0; isolate cognition rather than persistence/autonomy.,Hidden answer key/counterexamples/perturbations appropriate to domain.,independent_reference_or_deterministic,H5-H4,CID0,0.9,40,no,,specification-only,False,required for formal certification,HIL-R2,False,False,False,False,False,correctness; robustness; calibration,tokens; latency; contamination notes,hidden/sealed assets; candidate cannot write verifier/acceptance criteria,certification-spec,
C-C0-CODI-B,1.0,"Unified Intelligence / HIL Framework v1.5.1 (memory-integrated, delivered-correct delegation)",C-Bench,C,C0,HG0,,coding,coding,T0,B,C0 Reactive — Coding (B),Direct pattern-conditioned response on simple problems. Domain: coding. Variant B: distribution shift/distractors.,Minimal standardized context/tools; no persistence credit. External oracle owns success.,answer or executable artifact plus compact evidence record,Externally verified performance consistent with C0; isolate cognition rather than persistence/autonomy.,Hidden answer key/counterexamples/perturbations appropriate to domain.,independent_reference_or_deterministic,H5-H4,CID0,0.9,40,no,,specification-only,False,required for formal certification,HIL-R2,False,False,False,False,False,correctness; robustness; calibration,tokens; latency; contamination notes,hidden/sealed assets; candidate cannot write verifier/acceptance criteria,certification-spec,
C-C0-ABST-A,1.0,"Unified Intelligence / HIL Framework v1.5.1 (memory-integrated, delivered-correct delegation)",C-Bench,C,C0,HG0,,abstract_reasoning,abstract_reasoning,T0,A,C0 Reactive — Abstract Reasoning (A),Direct pattern-conditioned response on simple problems. Domain: abstract reasoning. Variant A: clean controlled condition.,Minimal standardized context/tools; no persistence credit. External oracle owns success.,answer or executable artifact plus compact evidence record,Externally verified performance consistent with C0; isolate cognition rather than persistence/autonomy.,Hidden answer key/counterexamples/perturbations appropriate to domain.,independent_reference_or_deterministic,H5-H4,CID0,0.9,40,no,,specification-only,False,required for formal certification,HIL-R2,False,False,False,False,False,correctness; robustness; calibration,tokens; latency; contamination notes,hidden/sealed assets; candidate cannot write verifier/acceptance criteria,certification-spec,
C-C0-ABST-B,1.0,"Unified Intelligence / HIL Framework v1.5.1 (memory-integrated, delivered-correct delegation)",C-Bench,C,C0,HG0,,abstract_reasoning,abstract_reasoning,T0,B,C0 Reactive — Abstract Reasoning (B),Direct pattern-conditioned response on simple problems. Domain: abstract reasoning. Variant B: distribution shift/distractors.,Minimal standardized context/tools; no persistence credit. External oracle owns success.,answer or executable artifact plus compact evidence record,Externally verified performance consistent with C0; isolate cognition rather than persistence/autonomy.,Hidden answer key/counterexamples/perturbations appropriate to domain.,independent_reference_or_deterministic,H5-H4,CID0,0.9,40,no,,specification-only,False,required for formal certification,HIL-R2,False,False,False,False,False,correctness; robustness; calibration,tokens; latency; contamination notes,hidden/sealed assets; candidate cannot write verifier/acceptance criteria,certification-spec,
C-C0-MULT-A,1.0,"Unified Intelligence / HIL Framework v1.5.1 (memory-integrated, delivered-correct delegation)",C-Bench,C,C0,HG0,,multimodal_reasoning,multimodal_reasoning,T0,A,C0 Reactive — Multimodal Reasoning (A),Direct pattern-conditioned response on simple problems. Domain: multimodal reasoning. Variant A: clean controlled condition.,Minimal standardized context/tools; no persistence credit. External oracle owns success.,answer or executable artifact plus compact evidence record,Externally verified performance consistent with C0; isolate cognition rather than persistence/autonomy.,Hidden answer key/counterexamples/perturbations appropriate to domain.,independent_reference_or_deterministic,H5-H4,CID0,0.9,40,no,,specification-only,False,required for formal certification,HIL-R2,False,False,False,False,False,correctness; robustness; calibration,tokens; latency; contamination notes,hidden/sealed assets; candidate cannot write verifier/acceptance criteria,certification-spec,
C-C0-MULT-B,1.0,"Unified Intelligence / HIL Framework v1.5.1 (memory-integrated, delivered-correct delegation)",C-Bench,C,C0,HG0,,multimodal_reasoning,multimodal_reasoning,T0,B,C0 Reactive — Multimodal Reasoning (B),Direct pattern-conditioned response on simple problems. Domain: multimodal reasoning. Variant B: distribution shift/distractors.,Minimal standardized context/tools; no persistence credit. External oracle owns success.,answer or executable artifact plus compact evidence record,Externally verified performance consistent with C0; isolate cognition rather than persistence/autonomy.,Hidden answer key/counterexamples/perturbations appropriate to domain.,independent_reference_or_deterministic,H5-H4,CID0,0.9,40,no,,specification-only,False,required for formal certification,HIL-R2,False,False,False,False,False,correctness; robustness; calibration,tokens; latency; contamination notes,hidden/sealed assets; candidate cannot write verifier/acceptance criteria,certification-spec,
C-C0-LONG-A,1.0,"Unified Intelligence / HIL Framework v1.5.1 (memory-integrated, delivered-correct delegation)",C-Bench,C,C0,HG0,,long_context,long_context,T0,A,C0 Reactive — Long Context (A),Direct pattern-conditioned response on simple problems. Domain: long context. Variant A: clean controlled condition.,Minimal standardized context/tools; no persistence credit. External oracle owns success.,answer or executable artifact plus compact evidence record,Externally verified performance consistent with C0; isolate cognition rather than persistence/autonomy.,Hidden answer key/counterexamples/perturbations appropriate to domain.,independent_reference_or_deterministic,H5-H4,CID0,0.9,40,no,,specification-only,False,required for formal certification,HIL-R2,False,False,False,False,False,correctness; robustness; calibration,tokens; latency; contamination notes,hidden/sealed assets; candidate cannot write verifier/acceptance criteria,certification-spec,
C-C0-LONG-B,1.0,"Unified Intelligence / HIL Framework v1.5.1 (memory-integrated, delivered-correct delegation)",C-Bench,C,C0,HG0,,long_context,long_context,T0,B,C0 Reactive — Long Context (B),Direct pattern-conditioned response on simple problems. Domain: long context. Variant B: distribution shift/distractors.,Minimal standardized context/tools; no persistence credit. External oracle owns success.,answer or executable artifact plus compact evidence record,Externally verified performance consistent with C0; isolate cognition rather than persistence/autonomy.,Hidden answer key/counterexamples/perturbations appropriate to domain.,independent_reference_or_deterministic,H5-H4,CID0,0.9,40,no,,specification-only,False,required for formal certification,HIL-R2,False,False,False,False,False,correctness; robustness; calibration,tokens; latency; contamination notes,hidden/sealed assets; candidate cannot write verifier/acceptance criteria,certification-spec,
C-C0-FACT-A,1.0,"Unified Intelligence / HIL Framework v1.5.1 (memory-integrated, delivered-correct delegation)",C-Bench,C,C0,HG0,,factuality_calibration,factuality_calibration,T0,A,C0 Reactive — Factuality Calibration (A),Direct pattern-conditioned response on simple problems. Domain: factuality calibration. Variant A: clean controlled condition.,Minimal standardized context/tools; no persistence credit. External oracle owns success.,answer or executable artifact plus compact evidence record,Externally verified performance consistent with C0; isolate cognition rather than persistence/autonomy.,Hidden answer key/counterexamples/perturbations appropriate to domain.,independent_reference_or_deterministic,H5-H4,CID0,0.9,40,no,,bound,False,required for formal certification,HIL-R2,False,False,False,False,False,correctness; robustness; calibration,tokens; latency; contamination notes,hidden/sealed assets; candidate cannot write verifier/acceptance criteria,development-bound,
C-C0-FACT-B,1.0,"Unified Intelligence / HIL Framework v1.5.1 (memory-integrated, delivered-correct delegation)",C-Bench,C,C0,HG0,,factuality_calibration,factuality_calibration,T0,B,C0 Reactive — Factuality Calibration (B),Direct pattern-conditioned response on simple problems. Domain: factuality calibration. Variant B: distribution shift/distractors.,Minimal standardized context/tools; no persistence credit. External oracle owns success.,answer or executable artifact plus compact evidence record,Externally verified performance consistent with C0; isolate cognition rather than persistence/autonomy.,Hidden answer key/counterexamples/perturbations appropriate to domain.,independent_reference_or_deterministic,H5-H4,CID0,0.9,40,no,,specification-only,False,required for formal certification,HIL-R2,False,False,False,False,False,correctness; robustness; calibration,tokens; latency; contamination notes,hidden/sealed assets; candidate cannot write verifier/acceptance criteria,certification-spec,
C-C1-GENE-A,1.0,"Unified Intelligence / HIL Framework v1.5.1 (memory-integrated, delivered-correct delegation)",C-Bench,C,C1,HG0,,general_reasoning,general_reasoning,T1,A,C1 Contextual — General Reasoning (A),Understand ordinary context; solve routine well-specified problems. Domain: general reasoning. Variant A: clean controlled condition.,Minimal standardized context/tools; no persistence credit. External oracle owns success.,answer or executable artifact plus compact evidence record,Externally verified performance consistent with C1; isolate cognition rather than persistence/autonomy.,Hidden answer key/counterexamples/perturbations appropriate to domain.,independent_reference_or_deterministic,H5-H4,CID0,0.9,40,no,,bound,False,required for formal certification,HIL-R2,False,False,False,False,False,correctness; robustness; calibration,tokens; latency; contamination notes,hidden/sealed assets; candidate cannot write verifier/acceptance criteria,development-bound,
C-C1-GENE-B,1.0,"Unified Intelligence / HIL Framework v1.5.1 (memory-integrated, delivered-correct delegation)",C-Bench,C,C1,HG0,,general_reasoning,general_reasoning,T1,B,C1 Contextual — General Reasoning (B),Understand ordinary context; solve routine well-specified problems. Domain: general reasoning. Variant B: distribution shift/distractors.,Minimal standardized context/tools; no persistence credit. External oracle owns success.,answer or executable artifact plus compact evidence record,Externally verified performance consistent with C1; isolate cognition rather than persistence/autonomy.,Hidden answer key/counterexamples/perturbations appropriate to domain.,independent_reference_or_deterministic,H5-H4,CID0,0.9,40,no,,specification-only,False,required for formal certification,HIL-R2,False,False,False,False,False,correctness; robustness; calibration,tokens; latency; contamination notes,hidden/sealed assets; candidate cannot write verifier/acceptance criteria,certification-spec,
C-C1-SCIE-A,1.0,"Unified Intelligence / HIL Framework v1.5.1 (memory-integrated, delivered-correct delegation)",C-Bench,C,C1,HG0,,scientific_reasoning,scientific_reasoning,T1,A,C1 Contextual — Scientific Reasoning (A),Understand ordinary context; solve routine well-specified problems. Domain: scientific reasoning. Variant A: clean controlled condition.,Minimal standardized context/tools; no persistence credit. External oracle owns success.,answer or executable artifact plus compact evidence record,Externally verified performance consistent with C1; isolate cognition rather than persistence/autonomy.,Hidden answer key/counterexamples/perturbations appropriate to domain.,independent_reference_or_deterministic,H5-H4,CID0,0.9,40,no,,specification-only,False,required for formal certification,HIL-R2,False,False,False,False,False,correctness; robustness; calibration,tokens; latency; contamination notes,hidden/sealed assets; candidate cannot write verifier/acceptance criteria,certification-spec,
C-C1-SCIE-B,1.0,"Unified Intelligence / HIL Framework v1.5.1 (memory-integrated, delivered-correct delegation)",C-Bench,C,C1,HG0,,scientific_reasoning,scientific_reasoning,T1,B,C1 Contextual — Scientific Reasoning (B),Understand ordinary context; solve routine well-specified problems. Domain: scientific reasoning. Variant B: distribution shift/distractors.,Minimal standardized context/tools; no persistence credit. External oracle owns success.,answer or executable artifact plus compact evidence record,Externally verified performance consistent with C1; isolate cognition rather than persistence/autonomy.,Hidden answer key/counterexamples/perturbations appropriate to domain.,independent_reference_or_deterministic,H5-H4,CID0,0.9,40,no,,specification-only,False,required for formal certification,HIL-R2,False,False,False,False,False,correctness; robustness; calibration,tokens; latency; contamination notes,hidden/sealed assets; candidate cannot write verifier/acceptance criteria,certification-spec,
C-C1-ADVA-A,1.0,"Unified Intelligence / HIL Framework v1.5.1 (memory-integrated, delivered-correct delegation)",C-Bench,C,C1,HG0,,advanced_mathematics,advanced_mathematics,T1,A,C1 Contextual — Advanced Mathematics (A),Understand ordinary context; solve routine well-specified problems. Domain: advanced mathematics. Variant A: clean controlled condition.,Minimal standardized context/tools; no persistence credit. External oracle owns success.,answer or executable artifact plus compact evidence record,Externally verified performance consistent with C1; isolate cognition rather than persistence/autonomy.,Hidden answer key/counterexamples/perturbations appropriate to domain.,independent_reference_or_deterministic,H5-H4,CID0,0.9,40,no,,bound,False,required for formal certification,HIL-R2,False,False,False,False,False,correctness; robustness; calibration,tokens; latency; contamination notes,hidden/sealed assets; candidate cannot write verifier/acceptance criteria,development-bound,
C-C1-ADVA-B,1.0,"Unified Intelligence / HIL Framework v1.5.1 (memory-integrated, delivered-correct delegation)",C-Bench,C,C1,HG0,,advanced_mathematics,advanced_mathematics,T1,B,C1 Contextual — Advanced Mathematics (B),Understand ordinary context; solve routine well-specified problems. Domain: advanced mathematics. Variant B: distribution shift/distractors.,Minimal standardized context/tools; no persistence credit. External oracle owns success.,answer or executable artifact plus compact evidence record,Externally verified performance consistent with C1; isolate cognition rather than persistence/autonomy.,Hidden answer key/counterexamples/perturbations appropriate to domain.,independent_reference_or_deterministic,H5-H4,CID0,0.9,40,no,,specification-only,False,required for formal certification,HIL-R2,False,False,False,False,False,correctness; robustness; calibration,tokens; latency; contamination notes,hidden/sealed assets; candidate cannot write verifier/acceptance criteria,certification-spec,
C-C1-CODI-A,1.0,"Unified Intelligence / HIL Framework v1.5.1 (memory-integrated, delivered-correct delegation)",C-Bench,C,C1,HG0,,coding,coding,T1,A,C1 Contextual — Coding (A),Understand ordinary context; solve routine well-specified problems. Domain: coding. Variant A: clean controlled condition.,Minimal standardized context/tools; no persistence credit. External oracle owns success.,answer or executable artifact plus compact evidence record,Externally verified performance consistent with C1; isolate cognition rather than persistence/autonomy.,Hidden answer key/counterexamples/perturbations appropriate to domain.,independent_reference_or_deterministic,H5-H4,CID0,0.9,40,no,,specification-only,False,required for formal certification,HIL-R2,False,False,False,False,False,correctness; robustness; calibration,tokens; latency; contamination notes,hidden/sealed assets; candidate cannot write verifier/acceptance criteria,certification-spec,
C-C1-CODI-B,1.0,"Unified Intelligence / HIL Framework v1.5.1 (memory-integrated, delivered-correct delegation)",C-Bench,C,C1,HG0,,coding,coding,T1,B,C1 Contextual — Coding (B),Understand ordinary context; solve routine well-specified problems. Domain: coding. Variant B: distribution shift/distractors.,Minimal standardized context/tools; no persistence credit. External oracle owns success.,answer or executable artifact plus compact evidence record,Externally verified performance consistent with C1; isolate cognition rather than persistence/autonomy.,Hidden answer key/counterexamples/perturbations appropriate to domain.,independent_reference_or_deterministic,H5-H4,CID0,0.9,40,no,,specification-only,False,required for formal certification,HIL-R2,False,False,False,False,False,correctness; robustness; calibration,tokens; latency; contamination notes,hidden/sealed assets; candidate cannot write verifier/acceptance criteria,certification-spec,
C-C1-ABST-A,1.0,"Unified Intelligence / HIL Framework v1.5.1 (memory-integrated, delivered-correct delegation)",C-Bench,C,C1,HG0,,abstract_reasoning,abstract_reasoning,T1,A,C1 Contextual — Abstract Reasoning (A),Understand ordinary context; solve routine well-specified problems. Domain: abstract reasoning. Variant A: clean controlled condition.,Minimal standardized context/tools; no persistence credit. External oracle owns success.,answer or executable artifact plus compact evidence record,Externally verified performance consistent with C1; isolate cognition rather than persistence/autonomy.,Hidden answer key/counterexamples/perturbations appropriate to domain.,independent_reference_or_deterministic,H5-H4,CID0,0.9,40,no,,specification-only,False,required for formal certification,HIL-R2,False,False,False,False,False,correctness; robustness; calibration,tokens; latency; contamination notes,hidden/sealed assets; candidate cannot write verifier/acceptance criteria,certification-spec,
C-C1-ABST-B,1.0,"Unified Intelligence / HIL Framework v1.5.1 (memory-integrated, delivered-correct delegation)",C-Bench,C,C1,HG0,,abstract_reasoning,abstract_reasoning,T1,B,C1 Contextual — Abstract Reasoning (B),Understand ordinary context; solve routine well-specified problems. Domain: abstract reasoning. Variant B: distribution shift/distractors.,Minimal standardized context/tools; no persistence credit. External oracle owns success.,answer or executable artifact plus compact evidence record,Externally verified performance consistent with C1; isolate cognition rather than persistence/autonomy.,Hidden answer key/counterexamples/perturbations appropriate to domain.,independent_reference_or_deterministic,H5-H4,CID0,0.9,40,no,,specification-only,False,required for formal certification,HIL-R2,False,False,False,False,False,correctness; robustness; calibration,tokens; latency; contamination notes,hidden/sealed assets; candidate cannot write verifier/acceptance criteria,certification-spec,
C-C1-MULT-A,1.0,"Unified Intelligence / HIL Framework v1.5.1 (memory-integrated, delivered-correct delegation)",C-Bench,C,C1,HG0,,multimodal_reasoning,multimodal_reasoning,T1,A,C1 Contextual — Multimodal Reasoning (A),Understand ordinary context; solve routine well-specified problems. Domain: multimodal reasoning. Variant A: clean controlled condition.,Minimal standardized context/tools; no persistence credit. External oracle owns success.,answer or executable artifact plus compact evidence record,Externally verified performance consistent with C1; isolate cognition rather than persistence/autonomy.,Hidden answer key/counterexamples/perturbations appropriate to domain.,independent_reference_or_deterministic,H5-H4,CID0,0.9,40,no,,specification-only,False,required for formal certification,HIL-R2,False,False,False,False,False,correctness; robustness; calibration,tokens; latency; contamination notes,hidden/sealed assets; candidate cannot write verifier/acceptance criteria,certification-spec,
C-C1-MULT-B,1.0,"Unified Intelligence / HIL Framework v1.5.1 (memory-integrated, delivered-correct delegation)",C-Bench,C,C1,HG0,,multimodal_reasoning,multimodal_reasoning,T1,B,C1 Contextual — Multimodal Reasoning (B),Understand ordinary context; solve routine well-specified problems. Domain: multimodal reasoning. Variant B: distribution shift/distractors.,Minimal standardized context/tools; no persistence credit. External oracle owns success.,answer or executable artifact plus compact evidence record,Externally verified performance consistent with C1; isolate cognition rather than persistence/autonomy.,Hidden answer key/counterexamples/perturbations appropriate to domain.,independent_reference_or_deterministic,H5-H4,CID0,0.9,40,no,,specification-only,False,required for formal certification,HIL-R2,False,False,False,False,False,correctness; robustness; calibration,tokens; latency; contamination notes,hidden/sealed assets; candidate cannot write verifier/acceptance criteria,certification-spec,
C-C1-LONG-A,1.0,"Unified Intelligence / HIL Framework v1.5.1 (memory-integrated, delivered-correct delegation)",C-Bench,C,C1,HG0,,long_context,long_context,T1,A,C1 Contextual — Long Context (A),Understand ordinary context; solve routine well-specified problems. Domain: long context. Variant A: clean controlled condition.,Minimal standardized context/tools; no persistence credit. External oracle owns success.,answer or executable artifact plus compact evidence record,Externally verified performance consistent with C1; isolate cognition rather than persistence/autonomy.,Hidden answer key/counterexamples/perturbations appropriate to domain.,independent_reference_or_deterministic,H5-H4,CID0,0.9,40,no,,specification-only,False,required for formal certification,HIL-R2,False,False,False,False,False,correctness; robustness; calibration,tokens; latency; contamination notes,hidden/sealed assets; candidate cannot write verifier/acceptance criteria,certification-spec,
C-C1-LONG-B,1.0,"Unified Intelligence / HIL Framework v1.5.1 (memory-integrated, delivered-correct delegation)",C-Bench,C,C1,HG0,,long_context,long_context,T1,B,C1 Contextual — Long Context (B),Understand ordinary context; solve routine well-specified problems. Domain: long context. Variant B: distribution shift/distractors.,Minimal standardized context/tools; no persistence credit. External oracle owns success.,answer or executable artifact plus compact evidence record,Externally verified performance consistent with C1; isolate cognition rather than persistence/autonomy.,Hidden answer key/counterexamples/perturbations appropriate to domain.,independent_reference_or_deterministic,H5-H4,CID0,0.9,40,no,,specification-only,False,required for formal certification,HIL-R2,False,False,False,False,False,correctness; robustness; calibration,tokens; latency; contamination notes,hidden/sealed assets; candidate cannot write verifier/acceptance criteria,certification-spec,
C-C1-FACT-A,1.0,"Unified Intelligence / HIL Framework v1.5.1 (memory-integrated, delivered-correct delegation)",C-Bench,C,C1,HG0,,factuality_calibration,factuality_calibration,T1,A,C1 Contextual — Factuality Calibration (A),Understand ordinary context; solve routine well-specified problems. Domain: factuality calibration. Variant A: clean controlled condition.,Minimal standardized context/tools; no persistence credit. External oracle owns success.,answer or executable artifact plus compact evidence record,Externally verified performance consistent with C1; isolate cognition rather than persistence/autonomy.,Hidden answer key/counterexamples/perturbations appropriate to domain.,independent_reference_or_deterministic,H5-H4,CID0,0.9,40,no,,bound,False,required for formal certification,HIL-R2,False,False,False,False,False,correctness; robustness; calibration,tokens; latency; contamination notes,hidden/sealed assets; candidate cannot write verifier/acceptance criteria,development-bound,
C-C1-FACT-B,1.0,"Unified Intelligence / HIL Framework v1.5.1 (memory-integrated, delivered-correct delegation)",C-Bench,C,C1,HG0,,factuality_calibration,factuality_calibration,T1,B,C1 Contextual — Factuality Calibration (B),Understand ordinary context; solve routine well-specified problems. Domain: factuality calibration. Variant B: distribution shift/distractors.,Minimal standardized context/tools; no persistence credit. External oracle owns success.,answer or executable artifact plus compact evidence record,Externally verified performance consistent with C1; isolate cognition rather than persistence/autonomy.,Hidden answer key/counterexamples/perturbations appropriate to domain.,independent_reference_or_deterministic,H5-H4,CID0,0.9,40,no,,specification-only,False,required for formal certification,HIL-R2,False,False,False,False,False,correctness; robustness; calibration,tokens; latency; contamination notes,hidden/sealed assets; candidate cannot write verifier/acceptance criteria,certification-spec,
C-C2-GENE-A,1.0,"Unified Intelligence / HIL Framework v1.5.1 (memory-integrated, delivered-correct delegation)",C-Bench,C,C2,HG0,,general_reasoning,general_reasoning,T2,A,C2 Compositional — General Reasoning (A),"Combine multiple facts, constraints or reasoning steps. Domain: general reasoning. Variant A: clean controlled condition.",Minimal standardized context/tools; no persistence credit. External oracle owns success.,answer or executable artifact plus compact evidence record,Externally verified performance consistent with C2; isolate cognition rather than persistence/autonomy.,Hidden answer key/counterexamples/perturbations appropriate to domain.,independent_reference_or_deterministic,H5-H4,CID0,0.8,40,no,,specification-only,False,required for formal certification,HIL-R2,False,False,False,False,False,correctness; robustness; calibration,tokens; latency; contamination notes,hidden/sealed assets; candidate cannot write verifier/acceptance criteria,certification-spec,
C-C2-GENE-B,1.0,"Unified Intelligence / HIL Framework v1.5.1 (memory-integrated, delivered-correct delegation)",C-Bench,C,C2,HG0,,general_reasoning,general_reasoning,T2,B,C2 Compositional — General Reasoning (B),"Combine multiple facts, constraints or reasoning steps. Domain: general reasoning. Variant B: distribution shift/distractors.",Minimal standardized context/tools; no persistence credit. External oracle owns success.,answer or executable artifact plus compact evidence record,Externally verified performance consistent with C2; isolate cognition rather than persistence/autonomy.,Hidden answer key/counterexamples/perturbations appropriate to domain.,independent_reference_or_deterministic,H5-H4,CID0,0.8,40,no,,specification-only,False,required for formal certification,HIL-R2,False,False,False,False,False,correctness; robustness; calibration,tokens; latency; contamination notes,hidden/sealed assets; candidate cannot write verifier/acceptance criteria,certification-spec,
C-C2-SCIE-A,1.0,"Unified Intelligence / HIL Framework v1.5.1 (memory-integrated, delivered-correct delegation)",C-Bench,C,C2,HG0,,scientific_reasoning,scientific_reasoning,T2,A,C2 Compositional — Scientific Reasoning (A),"Combine multiple facts, constraints or reasoning steps. Domain: scientific reasoning. Variant A: clean controlled condition.",Minimal standardized context/tools; no persistence credit. External oracle owns success.,answer or executable artifact plus compact evidence record,Externally verified performance consistent with C2; isolate cognition rather than persistence/autonomy.,Hidden answer key/counterexamples/perturbations appropriate to domain.,independent_reference_or_deterministic,H5-H4,CID0,0.8,40,no,,specification-only,False,required for formal certification,HIL-R2,False,False,False,False,False,correctness; robustness; calibration,tokens; latency; contamination notes,hidden/sealed assets; candidate cannot write verifier/acceptance criteria,certification-spec,
C-C2-SCIE-B,1.0,"Unified Intelligence / HIL Framework v1.5.1 (memory-integrated, delivered-correct delegation)",C-Bench,C,C2,HG0,,scientific_reasoning,scientific_reasoning,T2,B,C2 Compositional — Scientific Reasoning (B),"Combine multiple facts, constraints or reasoning steps. Domain: scientific reasoning. Variant B: distribution shift/distractors.",Minimal standardized context/tools; no persistence credit. External oracle owns success.,answer or executable artifact plus compact evidence record,Externally verified performance consistent with C2; isolate cognition rather than persistence/autonomy.,Hidden answer key/counterexamples/perturbations appropriate to domain.,independent_reference_or_deterministic,H5-H4,CID0,0.8,40,no,,specification-only,False,required for formal certification,HIL-R2,False,False,False,False,False,correctness; robustness; calibration,tokens; latency; contamination notes,hidden/sealed assets; candidate cannot write verifier/acceptance criteria,certification-spec,
C-C2-ADVA-A,1.0,"Unified Intelligence / HIL Framework v1.5.1 (memory-integrated, delivered-correct delegation)",C-Bench,C,C2,HG0,,advanced_mathematics,advanced_mathematics,T2,A,C2 Compositional — Advanced Mathematics (A),"Combine multiple facts, constraints or reasoning steps. Domain: advanced mathematics. Variant A: clean controlled condition.",Minimal standardized context/tools; no persistence credit. External oracle owns success.,answer or executable artifact plus compact evidence record,Externally verified performance consistent with C2; isolate cognition rather than persistence/autonomy.,Hidden answer key/counterexamples/perturbations appropriate to domain.,independent_reference_or_deterministic,H5-H4,CID0,0.8,40,no,,specification-only,False,required for formal certification,HIL-R2,False,False,False,False,False,correctness; robustness; calibration,tokens; latency; contamination notes,hidden/sealed assets; candidate cannot write verifier/acceptance criteria,certification-spec,
C-C2-ADVA-B,1.0,"Unified Intelligence / HIL Framework v1.5.1 (memory-integrated, delivered-correct delegation)",C-Bench,C,C2,HG0,,advanced_mathematics,advanced_mathematics,T2,B,C2 Compositional — Advanced Mathematics (B),"Combine multiple facts, constraints or reasoning steps. Domain: advanced mathematics. Variant B: distribution shift/distractors.",Minimal standardized context/tools; no persistence credit. External oracle owns success.,answer or executable artifact plus compact evidence record,Externally verified performance consistent with C2; isolate cognition rather than persistence/autonomy.,Hidden answer key/counterexamples/perturbations appropriate to domain.,independent_reference_or_deterministic,H5-H4,CID0,0.8,40,no,,specification-only,False,required for formal certification,HIL-R2,False,False,False,False,False,correctness; robustness; calibration,tokens; latency; contamination notes,hidden/sealed assets; candidate cannot write verifier/acceptance criteria,certification-spec,
C-C2-CODI-A,1.0,"Unified Intelligence / HIL Framework v1.5.1 (memory-integrated, delivered-correct delegation)",C-Bench,C,C2,HG0,,coding,coding,T2,A,C2 Compositional — Coding (A),"Combine multiple facts, constraints or reasoning steps. Domain: coding. Variant A: clean controlled condition.",Minimal standardized context/tools; no persistence credit. External oracle owns success.,answer or executable artifact plus compact evidence record,Externally verified performance consistent with C2; isolate cognition rather than persistence/autonomy.,Hidden answer key/counterexamples/perturbations appropriate to domain.,independent_reference_or_deterministic,H5-H4,CID0,0.8,40,no,,specification-only,False,required for formal certification,HIL-R2,False,False,False,False,False,correctness; robustness; calibration,tokens; latency; contamination notes,hidden/sealed assets; candidate cannot write verifier/acceptance criteria,certification-spec,
C-C2-CODI-B,1.0,"Unified Intelligence / HIL Framework v1.5.1 (memory-integrated, delivered-correct delegation)",C-Bench,C,C2,HG0,,coding,coding,T2,B,C2 Compositional — Coding (B),"Combine multiple facts, constraints or reasoning steps. Domain: coding. Variant B: distribution shift/distractors.",Minimal standardized context/tools; no persistence credit. External oracle owns success.,answer or executable artifact plus compact evidence record,Externally verified performance consistent with C2; isolate cognition rather than persistence/autonomy.,Hidden answer key/counterexamples/perturbations appropriate to domain.,independent_reference_or_deterministic,H5-H4,CID0,0.8,40,no,,specification-only,False,required for formal certification,HIL-R2,False,False,False,False,False,correctness; robustness; calibration,tokens; latency; contamination notes,hidden/sealed assets; candidate cannot write verifier/acceptance criteria,certification-spec,
C-C2-ABST-A,1.0,"Unified Intelligence / HIL Framework v1.5.1 (memory-integrated, delivered-correct delegation)",C-Bench,C,C2,HG0,,abstract_reasoning,abstract_reasoning,T2,A,C2 Compositional — Abstract Reasoning (A),"Combine multiple facts, constraints or reasoning steps. Domain: abstract reasoning. Variant A: clean controlled condition.",Minimal standardized context/tools; no persistence credit. External oracle owns success.,answer or executable artifact plus compact evidence record,Externally verified performance consistent with C2; isolate cognition rather than persistence/autonomy.,Hidden answer key/counterexamples/perturbations appropriate to domain.,independent_reference_or_deterministic,H5-H4,CID0,0.8,40,no,,specification-only,False,required for formal certification,HIL-R2,False,False,False,False,False,correctness; robustness; calibration,tokens; latency; contamination notes,hidden/sealed assets; candidate cannot write verifier/acceptance criteria,certification-spec,
C-C2-ABST-B,1.0,"Unified Intelligence / HIL Framework v1.5.1 (memory-integrated, delivered-correct delegation)",C-Bench,C,C2,HG0,,abstract_reasoning,abstract_reasoning,T2,B,C2 Compositional — Abstract Reasoning (B),"Combine multiple facts, constraints or reasoning steps. Domain: abstract reasoning. Variant B: distribution shift/distractors.",Minimal standardized context/tools; no persistence credit. External oracle owns success.,answer or executable artifact plus compact evidence record,Externally verified performance consistent with C2; isolate cognition rather than persistence/autonomy.,Hidden answer key/counterexamples/perturbations appropriate to domain.,independent_reference_or_deterministic,H5-H4,CID0,0.8,40,no,,specification-only,False,required for formal certification,HIL-R2,False,False,False,False,False,correctness; robustness; calibration,tokens; latency; contamination notes,hidden/sealed assets; candidate cannot write verifier/acceptance criteria,certification-spec,
C-C2-MULT-A,1.0,"Unified Intelligence / HIL Framework v1.5.1 (memory-integrated, delivered-correct delegation)",C-Bench,C,C2,HG0,,multimodal_reasoning,multimodal_reasoning,T2,A,C2 Compositional — Multimodal Reasoning (A),"Combine multiple facts, constraints or reasoning steps. Domain: multimodal reasoning. Variant A: clean controlled condition.",Minimal standardized context/tools; no persistence credit. External oracle owns success.,answer or executable artifact plus compact evidence record,Externally verified performance consistent with C2; isolate cognition rather than persistence/autonomy.,Hidden answer key/counterexamples/perturbations appropriate to domain.,independent_reference_or_deterministic,H5-H4,CID0,0.8,40,no,,specification-only,False,required for formal certification,HIL-R2,False,False,False,False,False,correctness; robustness; calibration,tokens; latency; contamination notes,hidden/sealed assets; candidate cannot write verifier/acceptance criteria,certification-spec,
C-C2-MULT-B,1.0,"Unified Intelligence / HIL Framework v1.5.1 (memory-integrated, delivered-correct delegation)",C-Bench,C,C2,HG0,,multimodal_reasoning,multimodal_reasoning,T2,B,C2 Compositional — Multimodal Reasoning (B),"Combine multiple facts, constraints or reasoning steps. Domain: multimodal reasoning. Variant B: distribution shift/distractors.",Minimal standardized context/tools; no persistence credit. External oracle owns success.,answer or executable artifact plus compact evidence record,Externally verified performance consistent with C2; isolate cognition rather than persistence/autonomy.,Hidden answer key/counterexamples/perturbations appropriate to domain.,independent_reference_or_deterministic,H5-H4,CID0,0.8,40,no,,specification-only,False,required for formal certification,HIL-R2,False,False,False,False,False,correctness; robustness; calibration,tokens; latency; contamination notes,hidden/sealed assets; candidate cannot write verifier/acceptance criteria,certification-spec,
C-C2-LONG-A,1.0,"Unified Intelligence / HIL Framework v1.5.1 (memory-integrated, delivered-correct delegation)",C-Bench,C,C2,HG0,,long_context,long_context,T2,A,C2 Compositional — Long Context (A),"Combine multiple facts, constraints or reasoning steps. Domain: long context. Variant A: clean controlled condition.",Minimal standardized context/tools; no persistence credit. External oracle owns success.,answer or executable artifact plus compact evidence record,Externally verified performance consistent with C2; isolate cognition rather than persistence/autonomy.,Hidden answer key/counterexamples/perturbations appropriate to domain.,independent_reference_or_deterministic,H5-H4,CID0,0.8,40,no,,specification-only,False,required for formal certification,HIL-R2,False,False,False,False,False,correctness; robustness; calibration,tokens; latency; contamination notes,hidden/sealed assets; candidate cannot write verifier/acceptance criteria,certification-spec,
C-C2-LONG-B,1.0,"Unified Intelligence / HIL Framework v1.5.1 (memory-integrated, delivered-correct delegation)",C-Bench,C,C2,HG0,,long_context,long_context,T2,B,C2 Compositional — Long Context (B),"Combine multiple facts, constraints or reasoning steps. Domain: long context. Variant B: distribution shift/distractors.",Minimal standardized context/tools; no persistence credit. External oracle owns success.,answer or executable artifact plus compact evidence record,Externally verified performance consistent with C2; isolate cognition rather than persistence/autonomy.,Hidden answer key/counterexamples/perturbations appropriate to domain.,independent_reference_or_deterministic,H5-H4,CID0,0.8,40,no,,specification-only,False,required for formal certification,HIL-R2,False,False,False,False,False,correctness; robustness; calibration,tokens; latency; contamination notes,hidden/sealed assets; candidate cannot write verifier/acceptance criteria,certification-spec,
C-C2-FACT-A,1.0,"Unified Intelligence / HIL Framework v1.5.1 (memory-integrated, delivered-correct delegation)",C-Bench,C,C2,HG0,,factuality_calibration,factuality_calibration,T2,A,C2 Compositional — Factuality Calibration (A),"Combine multiple facts, constraints or reasoning steps. Domain: factuality calibration. Variant A: clean controlled condition.",Minimal standardized context/tools; no persistence credit. External oracle owns success.,answer or executable artifact plus compact evidence record,Externally verified performance consistent with C2; isolate cognition rather than persistence/autonomy.,Hidden answer key/counterexamples/perturbations appropriate to domain.,independent_reference_or_deterministic,H5-H4,CID0,0.8,40,no,,specification-only,False,required for formal certification,HIL-R2,False,False,False,False,False,correctness; robustness; calibration,tokens; latency; contamination notes,hidden/sealed assets; candidate cannot write verifier/acceptance criteria,certification-spec,
C-C2-FACT-B,1.0,"Unified Intelligence / HIL Framework v1.5.1 (memory-integrated, delivered-correct delegation)",C-Bench,C,C2,HG0,,factuality_calibration,factuality_calibration,T2,B,C2 Compositional — Factuality Calibration (B),"Combine multiple facts, constraints or reasoning steps. Domain: factuality calibration. Variant B: distribution shift/distractors.",Minimal standardized context/tools; no persistence credit. External oracle owns success.,answer or executable artifact plus compact evidence record,Externally verified performance consistent with C2; isolate cognition rather than persistence/autonomy.,Hidden answer key/counterexamples/perturbations appropriate to domain.,independent_reference_or_deterministic,H5-H4,CID0,0.8,40,no,,specification-only,False,required for formal certification,HIL-R2,False,False,False,False,False,correctness; robustness; calibration,tokens; latency; contamination notes,hidden/sealed assets; candidate cannot write verifier/acceptance criteria,certification-spec,
C-C3-GENE-A,1.0,"Unified Intelligence / HIL Framework v1.5.1 (memory-integrated, delivered-correct delegation)",C-Bench,C,C3,HG0,,general_reasoning,general_reasoning,T3,A,C3 Strategic — General Reasoning (A),"Abstract/causal reasoning, strategy construction and transfer. Domain: general reasoning. Variant A: clean controlled condition.",Minimal standardized context/tools; no persistence credit. External oracle owns success.,answer or executable artifact plus compact evidence record,Externally verified performance consistent with C3; isolate cognition rather than persistence/autonomy.,Hidden answer key/counterexamples/perturbations appropriate to domain.,independent_reference_or_deterministic,H5-H4,CID0,0.8,40,no,,specification-only,False,required for formal certification,HIL-R2,False,False,False,False,False,correctness; robustness; calibration,tokens; latency; contamination notes,hidden/sealed assets; candidate cannot write verifier/acceptance criteria,certification-spec,
C-C3-GENE-B,1.0,"Unified Intelligence / HIL Framework v1.5.1 (memory-integrated, delivered-correct delegation)",C-Bench,C,C3,HG0,,general_reasoning,general_reasoning,T3,B,C3 Strategic — General Reasoning (B),"Abstract/causal reasoning, strategy construction and transfer. Domain: general reasoning. Variant B: distribution shift/distractors.",Minimal standardized context/tools; no persistence credit. External oracle owns success.,answer or executable artifact plus compact evidence record,Externally verified performance consistent with C3; isolate cognition rather than persistence/autonomy.,Hidden answer key/counterexamples/perturbations appropriate to domain.,independent_reference_or_deterministic,H5-H4,CID0,0.8,40,no,,specification-only,False,required for formal certification,HIL-R2,False,False,False,False,False,correctness; robustness; calibration,tokens; latency; contamination notes,hidden/sealed assets; candidate cannot write verifier/acceptance criteria,certification-spec,
C-C3-SCIE-A,1.0,"Unified Intelligence / HIL Framework v1.5.1 (memory-integrated, delivered-correct delegation)",C-Bench,C,C3,HG0,,scientific_reasoning,scientific_reasoning,T3,A,C3 Strategic — Scientific Reasoning (A),"Abstract/causal reasoning, strategy construction and transfer. Domain: scientific reasoning. Variant A: clean controlled condition.",Minimal standardized context/tools; no persistence credit. External oracle owns success.,answer or executable artifact plus compact evidence record,Externally verified performance consistent with C3; isolate cognition rather than persistence/autonomy.,Hidden answer key/counterexamples/perturbations appropriate to domain.,independent_reference_or_deterministic,H5-H4,CID0,0.8,40,no,,specification-only,False,required for formal certification,HIL-R2,False,False,False,False,False,correctness; robustness; calibration,tokens; latency; contamination notes,hidden/sealed assets; candidate cannot write verifier/acceptance criteria,certification-spec,
C-C3-SCIE-B,1.0,"Unified Intelligence / HIL Framework v1.5.1 (memory-integrated, delivered-correct delegation)",C-Bench,C,C3,HG0,,scientific_reasoning,scientific_reasoning,T3,B,C3 Strategic — Scientific Reasoning (B),"Abstract/causal reasoning, strategy construction and transfer. Domain: scientific reasoning. Variant B: distribution shift/distractors.",Minimal standardized context/tools; no persistence credit. External oracle owns success.,answer or executable artifact plus compact evidence record,Externally verified performance consistent with C3; isolate cognition rather than persistence/autonomy.,Hidden answer key/counterexamples/perturbations appropriate to domain.,independent_reference_or_deterministic,H5-H4,CID0,0.8,40,no,,specification-only,False,required for formal certification,HIL-R2,False,False,False,False,False,correctness; robustness; calibration,tokens; latency; contamination notes,hidden/sealed assets; candidate cannot write verifier/acceptance criteria,certification-spec,
C-C3-ADVA-A,1.0,"Unified Intelligence / HIL Framework v1.5.1 (memory-integrated, delivered-correct delegation)",C-Bench,C,C3,HG0,,advanced_mathematics,advanced_mathematics,T3,A,C3 Strategic — Advanced Mathematics (A),"Abstract/causal reasoning, strategy construction and transfer. Domain: advanced mathematics. Variant A: clean controlled condition.",Minimal standardized context/tools; no persistence credit. External oracle owns success.,answer or executable artifact plus compact evidence record,Externally verified performance consistent with C3; isolate cognition rather than persistence/autonomy.,Hidden answer key/counterexamples/perturbations appropriate to domain.,independent_reference_or_deterministic,H5-H4,CID0,0.8,40,no,,specification-only,False,required for formal certification,HIL-R2,False,False,False,False,False,correctness; robustness; calibration,tokens; latency; contamination notes,hidden/sealed assets; candidate cannot write verifier/acceptance criteria,certification-spec,
C-C3-ADVA-B,1.0,"Unified Intelligence / HIL Framework v1.5.1 (memory-integrated, delivered-correct delegation)",C-Bench,C,C3,HG0,,advanced_mathematics,advanced_mathematics,T3,B,C3 Strategic — Advanced Mathematics (B),"Abstract/causal reasoning, strategy construction and transfer. Domain: advanced mathematics. Variant B: distribution shift/distractors.",Minimal standardized context/tools; no persistence credit. External oracle owns success.,answer or executable artifact plus compact evidence record,Externally verified performance consistent with C3; isolate cognition rather than persistence/autonomy.,Hidden answer key/counterexamples/perturbations appropriate to domain.,independent_reference_or_deterministic,H5-H4,CID0,0.8,40,no,,specification-only,False,required for formal certification,HIL-R2,False,False,False,False,False,correctness; robustness; calibration,tokens; latency; contamination notes,hidden/sealed assets; candidate cannot write verifier/acceptance criteria,certification-spec,
C-C3-CODI-A,1.0,"Unified Intelligence / HIL Framework v1.5.1 (memory-integrated, delivered-correct delegation)",C-Bench,C,C3,HG0,,coding,coding,T3,A,C3 Strategic — Coding (A),"Abstract/causal reasoning, strategy construction and transfer. Domain: coding. Variant A: clean controlled condition.",Minimal standardized context/tools; no persistence credit. External oracle owns success.,answer or executable artifact plus compact evidence record,Externally verified performance consistent with C3; isolate cognition rather than persistence/autonomy.,Hidden answer key/counterexamples/perturbations appropriate to domain.,independent_reference_or_deterministic,H5-H4,CID0,0.8,40,no,,specification-only,False,required for formal certification,HIL-R2,False,False,False,False,False,correctness; robustness; calibration,tokens; latency; contamination notes,hidden/sealed assets; candidate cannot write verifier/acceptance criteria,certification-spec,
C-C3-CODI-B,1.0,"Unified Intelligence / HIL Framework v1.5.1 (memory-integrated, delivered-correct delegation)",C-Bench,C,C3,HG0,,coding,coding,T3,B,C3 Strategic — Coding (B),"Abstract/causal reasoning, strategy construction and transfer. Domain: coding. Variant B: distribution shift/distractors.",Minimal standardized context/tools; no persistence credit. External oracle owns success.,answer or executable artifact plus compact evidence record,Externally verified performance consistent with C3; isolate cognition rather than persistence/autonomy.,Hidden answer key/counterexamples/perturbations appropriate to domain.,independent_reference_or_deterministic,H5-H4,CID0,0.8,40,no,,specification-only,False,required for formal certification,HIL-R2,False,False,False,False,False,correctness; robustness; calibration,tokens; latency; contamination notes,hidden/sealed assets; candidate cannot write verifier/acceptance criteria,certification-spec,
C-C3-ABST-A,1.0,"Unified Intelligence / HIL Framework v1.5.1 (memory-integrated, delivered-correct delegation)",C-Bench,C,C3,HG0,,abstract_reasoning,abstract_reasoning,T3,A,C3 Strategic — Abstract Reasoning (A),"Abstract/causal reasoning, strategy construction and transfer. Domain: abstract reasoning. Variant A: clean controlled condition.",Minimal standardized context/tools; no persistence credit. External oracle owns success.,answer or executable artifact plus compact evidence record,Externally verified performance consistent with C3; isolate cognition rather than persistence/autonomy.,Hidden answer key/counterexamples/perturbations appropriate to domain.,independent_reference_or_deterministic,H5-H4,CID0,0.8,40,no,,specification-only,False,required for formal certification,HIL-R2,False,False,False,False,False,correctness; robustness; calibration,tokens; latency; contamination notes,hidden/sealed assets; candidate cannot write verifier/acceptance criteria,certification-spec,
C-C3-ABST-B,1.0,"Unified Intelligence / HIL Framework v1.5.1 (memory-integrated, delivered-correct delegation)",C-Bench,C,C3,HG0,,abstract_reasoning,abstract_reasoning,T3,B,C3 Strategic — Abstract Reasoning (B),"Abstract/causal reasoning, strategy construction and transfer. Domain: abstract reasoning. Variant B: distribution shift/distractors.",Minimal standardized context/tools; no persistence credit. External oracle owns success.,answer or executable artifact plus compact evidence record,Externally verified performance consistent with C3; isolate cognition rather than persistence/autonomy.,Hidden answer key/counterexamples/perturbations appropriate to domain.,independent_reference_or_deterministic,H5-H4,CID0,0.8,40,no,,specification-only,False,required for formal certification,HIL-R2,False,False,False,False,False,correctness; robustness; calibration,tokens; latency; contamination notes,hidden/sealed assets; candidate cannot write verifier/acceptance criteria,certification-spec,
C-C3-MULT-A,1.0,"Unified Intelligence / HIL Framework v1.5.1 (memory-integrated, delivered-correct delegation)",C-Bench,C,C3,HG0,,multimodal_reasoning,multimodal_reasoning,T3,A,C3 Strategic — Multimodal Reasoning (A),"Abstract/causal reasoning, strategy construction and transfer. Domain: multimodal reasoning. Variant A: clean controlled condition.",Minimal standardized context/tools; no persistence credit. External oracle owns success.,answer or executable artifact plus compact evidence record,Externally verified performance consistent with C3; isolate cognition rather than persistence/autonomy.,Hidden answer key/counterexamples/perturbations appropriate to domain.,independent_reference_or_deterministic,H5-H4,CID0,0.8,40,no,,specification-only,False,required for formal certification,HIL-R2,False,False,False,False,False,correctness; robustness; calibration,tokens; latency; contamination notes,hidden/sealed assets; candidate cannot write verifier/acceptance criteria,certification-spec,
C-C3-MULT-B,1.0,"Unified Intelligence / HIL Framework v1.5.1 (memory-integrated, delivered-correct delegation)",C-Bench,C,C3,HG0,,multimodal_reasoning,multimodal_reasoning,T3,B,C3 Strategic — Multimodal Reasoning (B),"Abstract/causal reasoning, strategy construction and transfer. Domain: multimodal reasoning. Variant B: distribution shift/distractors.",Minimal standardized context/tools; no persistence credit. External oracle owns success.,answer or executable artifact plus compact evidence record,Externally verified performance consistent with C3; isolate cognition rather than persistence/autonomy.,Hidden answer key/counterexamples/perturbations appropriate to domain.,independent_reference_or_deterministic,H5-H4,CID0,0.8,40,no,,specification-only,False,required for formal certification,HIL-R2,False,False,False,False,False,correctness; robustness; calibration,tokens; latency; contamination notes,hidden/sealed assets; candidate cannot write verifier/acceptance criteria,certification-spec,
C-C3-LONG-A,1.0,"Unified Intelligence / HIL Framework v1.5.1 (memory-integrated, delivered-correct delegation)",C-Bench,C,C3,HG0,,long_context,long_context,T3,A,C3 Strategic — Long Context (A),"Abstract/causal reasoning, strategy construction and transfer. Domain: long context. Variant A: clean controlled condition.",Minimal standardized context/tools; no persistence credit. External oracle owns success.,answer or executable artifact plus compact evidence record,Externally verified performance consistent with C3; isolate cognition rather than persistence/autonomy.,Hidden answer key/counterexamples/perturbations appropriate to domain.,independent_reference_or_deterministic,H5-H4,CID0,0.8,40,no,,specification-only,False,required for formal certification,HIL-R2,False,False,False,False,False,correctness; robustness; calibration,tokens; latency; contamination notes,hidden/sealed assets; candidate cannot write verifier/acceptance criteria,certification-spec,
C-C3-LONG-B,1.0,"Unified Intelligence / HIL Framework v1.5.1 (memory-integrated, delivered-correct delegation)",C-Bench,C,C3,HG0,,long_context,long_context,T3,B,C3 Strategic — Long Context (B),"Abstract/causal reasoning, strategy construction and transfer. Domain: long context. Variant B: distribution shift/distractors.",Minimal standardized context/tools; no persistence credit. External oracle owns success.,answer or executable artifact plus compact evidence record,Externally verified performance consistent with C3; isolate cognition rather than persistence/autonomy.,Hidden answer key/counterexamples/perturbations appropriate to domain.,independent_reference_or_deterministic,H5-H4,CID0,0.8,40,no,,specification-only,False,required for formal certification,HIL-R2,False,False,False,False,False,correctness; robustness; calibration,tokens; latency; contamination notes,hidden/sealed assets; candidate cannot write verifier/acceptance criteria,certification-spec,
C-C3-FACT-A,1.0,"Unified Intelligence / HIL Framework v1.5.1 (memory-integrated, delivered-correct delegation)",C-Bench,C,C3,HG0,,factuality_calibration,factuality_calibration,T3,A,C3 Strategic — Factuality Calibration (A),"Abstract/causal reasoning, strategy construction and transfer. Domain: factuality calibration. Variant A: clean controlled condition.",Minimal standardized context/tools; no persistence credit. External oracle owns success.,answer or executable artifact plus compact evidence record,Externally verified performance consistent with C3; isolate cognition rather than persistence/autonomy.,Hidden answer key/counterexamples/perturbations appropriate to domain.,independent_reference_or_deterministic,H5-H4,CID0,0.8,40,no,,specification-only,False,required for formal certification,HIL-R2,False,False,False,False,False,correctness; robustness; calibration,tokens; latency; contamination notes,hidden/sealed assets; candidate cannot write verifier/acceptance criteria,certification-spec,
C-C3-FACT-B,1.0,"Unified Intelligence / HIL Framework v1.5.1 (memory-integrated, delivered-correct delegation)",C-Bench,C,C3,HG0,,factuality_calibration,factuality_calibration,T3,B,C3 Strategic — Factuality Calibration (B),"Abstract/causal reasoning, strategy construction and transfer. Domain: factuality calibration. Variant B: distribution shift/distractors.",Minimal standardized context/tools; no persistence credit. External oracle owns success.,answer or executable artifact plus compact evidence record,Externally verified performance consistent with C3; isolate cognition rather than persistence/autonomy.,Hidden answer key/counterexamples/perturbations appropriate to domain.,independent_reference_or_deterministic,H5-H4,CID0,0.8,40,no,,specification-only,False,required for formal certification,HIL-R2,False,False,False,False,False,correctness; robustness; calibration,tokens; latency; contamination notes,hidden/sealed assets; candidate cannot write verifier/acceptance criteria,certification-spec,
C-C4-GENE-A,1.0,"Unified Intelligence / HIL Framework v1.5.1 (memory-integrated, delivered-correct delegation)",C-Bench,C,C4,HG0,,general_reasoning,general_reasoning,T4,A,C4 Expert — General Reasoning (A),Difficult ambiguous multi-constraint expert problems. Domain: general reasoning. Variant A: clean controlled condition.,Minimal standardized context/tools; no persistence credit. External oracle owns success.,answer or executable artifact plus compact evidence record,Externally verified performance consistent with C4; isolate cognition rather than persistence/autonomy.,Hidden answer key/counterexamples/perturbations appropriate to domain.,independent_reference_or_deterministic,H5-H4,CID0,0.8,24,no,,specification-only,False,required for formal certification,HIL-R2,False,False,False,False,False,correctness; robustness; calibration,tokens; latency; contamination notes,hidden/sealed assets; candidate cannot write verifier/acceptance criteria,certification-spec,
C-C4-GENE-B,1.0,"Unified Intelligence / HIL Framework v1.5.1 (memory-integrated, delivered-correct delegation)",C-Bench,C,C4,HG0,,general_reasoning,general_reasoning,T4,B,C4 Expert — General Reasoning (B),Difficult ambiguous multi-constraint expert problems. Domain: general reasoning. Variant B: distribution shift/distractors.,Minimal standardized context/tools; no persistence credit. External oracle owns success.,answer or executable artifact plus compact evidence record,Externally verified performance consistent with C4; isolate cognition rather than persistence/autonomy.,Hidden answer key/counterexamples/perturbations appropriate to domain.,independent_reference_or_deterministic,H5-H4,CID0,0.8,24,no,,specification-only,False,required for formal certification,HIL-R2,False,False,False,False,False,correctness; robustness; calibration,tokens; latency; contamination notes,hidden/sealed assets; candidate cannot write verifier/acceptance criteria,certification-spec,
C-C4-SCIE-A,1.0,"Unified Intelligence / HIL Framework v1.5.1 (memory-integrated, delivered-correct delegation)",C-Bench,C,C4,HG0,,scientific_reasoning,scientific_reasoning,T4,A,C4 Expert — Scientific Reasoning (A),Difficult ambiguous multi-constraint expert problems. Domain: scientific reasoning. Variant A: clean controlled condition.,Minimal standardized context/tools; no persistence credit. External oracle owns success.,answer or executable artifact plus compact evidence record,Externally verified performance consistent with C4; isolate cognition rather than persistence/autonomy.,Hidden answer key/counterexamples/perturbations appropriate to domain.,independent_reference_or_deterministic,H5-H4,CID0,0.8,24,no,,specification-only,False,required for formal certification,HIL-R2,False,False,False,False,False,correctness; robustness; calibration,tokens; latency; contamination notes,hidden/sealed assets; candidate cannot write verifier/acceptance criteria,certification-spec,
C-C4-SCIE-B,1.0,"Unified Intelligence / HIL Framework v1.5.1 (memory-integrated, delivered-correct delegation)",C-Bench,C,C4,HG0,,scientific_reasoning,scientific_reasoning,T4,B,C4 Expert — Scientific Reasoning (B),Difficult ambiguous multi-constraint expert problems. Domain: scientific reasoning. Variant B: distribution shift/distractors.,Minimal standardized context/tools; no persistence credit. External oracle owns success.,answer or executable artifact plus compact evidence record,Externally verified performance consistent with C4; isolate cognition rather than persistence/autonomy.,Hidden answer key/counterexamples/perturbations appropriate to domain.,independent_reference_or_deterministic,H5-H4,CID0,0.8,24,no,,specification-only,False,required for formal certification,HIL-R2,False,False,False,False,False,correctness; robustness; calibration,tokens; latency; contamination notes,hidden/sealed assets; candidate cannot write verifier/acceptance criteria,certification-spec,
C-C4-ADVA-A,1.0,"Unified Intelligence / HIL Framework v1.5.1 (memory-integrated, delivered-correct delegation)",C-Bench,C,C4,HG0,,advanced_mathematics,advanced_mathematics,T4,A,C4 Expert — Advanced Mathematics (A),Difficult ambiguous multi-constraint expert problems. Domain: advanced mathematics. Variant A: clean controlled condition.,Minimal standardized context/tools; no persistence credit. External oracle owns success.,answer or executable artifact plus compact evidence record,Externally verified performance consistent with C4; isolate cognition rather than persistence/autonomy.,Hidden answer key/counterexamples/perturbations appropriate to domain.,independent_reference_or_deterministic,H5-H4,CID0,0.8,24,no,,specification-only,False,required for formal certification,HIL-R2,False,False,False,False,False,correctness; robustness; calibration,tokens; latency; contamination notes,hidden/sealed assets; candidate cannot write verifier/acceptance criteria,certification-spec,
C-C4-ADVA-B,1.0,"Unified Intelligence / HIL Framework v1.5.1 (memory-integrated, delivered-correct delegation)",C-Bench,C,C4,HG0,,advanced_mathematics,advanced_mathematics,T4,B,C4 Expert — Advanced Mathematics (B),Difficult ambiguous multi-constraint expert problems. Domain: advanced mathematics. Variant B: distribution shift/distractors.,Minimal standardized context/tools; no persistence credit. External oracle owns success.,answer or executable artifact plus compact evidence record,Externally verified performance consistent with C4; isolate cognition rather than persistence/autonomy.,Hidden answer key/counterexamples/perturbations appropriate to domain.,independent_reference_or_deterministic,H5-H4,CID0,0.8,24,no,,specification-only,False,required for formal certification,HIL-R2,False,False,False,False,False,correctness; robustness; calibration,tokens; latency; contamination notes,hidden/sealed assets; candidate cannot write verifier/acceptance criteria,certification-spec,
C-C4-CODI-A,1.0,"Unified Intelligence / HIL Framework v1.5.1 (memory-integrated, delivered-correct delegation)",C-Bench,C,C4,HG0,,coding,coding,T4,A,C4 Expert — Coding (A),Difficult ambiguous multi-constraint expert problems. Domain: coding. Variant A: clean controlled condition.,Minimal standardized context/tools; no persistence credit. External oracle owns success.,answer or executable artifact plus compact evidence record,Externally verified performance consistent with C4; isolate cognition rather than persistence/autonomy.,Hidden answer key/counterexamples/perturbations appropriate to domain.,independent_reference_or_deterministic,H5-H4,CID0,0.8,24,no,,specification-only,False,required for formal certification,HIL-R2,False,False,False,False,False,correctness; robustness; calibration,tokens; latency; contamination notes,hidden/sealed assets; candidate cannot write verifier/acceptance criteria,certification-spec,
C-C4-CODI-B,1.0,"Unified Intelligence / HIL Framework v1.5.1 (memory-integrated, delivered-correct delegation)",C-Bench,C,C4,HG0,,coding,coding,T4,B,C4 Expert — Coding (B),Difficult ambiguous multi-constraint expert problems. Domain: coding. Variant B: distribution shift/distractors.,Minimal standardized context/tools; no persistence credit. External oracle owns success.,answer or executable artifact plus compact evidence record,Externally verified performance consistent with C4; isolate cognition rather than persistence/autonomy.,Hidden answer key/counterexamples/perturbations appropriate to domain.,independent_reference_or_deterministic,H5-H4,CID0,0.8,24,no,,specification-only,False,required for formal certification,HIL-R2,False,False,False,False,False,correctness; robustness; calibration,tokens; latency; contamination notes,hidden/sealed assets; candidate cannot write verifier/acceptance criteria,certification-spec,
C-C4-ABST-A,1.0,"Unified Intelligence / HIL Framework v1.5.1 (memory-integrated, delivered-correct delegation)",C-Bench,C,C4,HG0,,abstract_reasoning,abstract_reasoning,T4,A,C4 Expert — Abstract Reasoning (A),Difficult ambiguous multi-constraint expert problems. Domain: abstract reasoning. Variant A: clean controlled condition.,Minimal standardized context/tools; no persistence credit. External oracle owns success.,answer or executable artifact plus compact evidence record,Externally verified performance consistent with C4; isolate cognition rather than persistence/autonomy.,Hidden answer key/counterexamples/perturbations appropriate to domain.,independent_reference_or_deterministic,H5-H4,CID0,0.8,24,no,,specification-only,False,required for formal certification,HIL-R2,False,False,False,False,False,correctness; robustness; calibration,tokens; latency; contamination notes,hidden/sealed assets; candidate cannot write verifier/acceptance criteria,certification-spec,
C-C4-ABST-B,1.0,"Unified Intelligence / HIL Framework v1.5.1 (memory-integrated, delivered-correct delegation)",C-Bench,C,C4,HG0,,abstract_reasoning,abstract_reasoning,T4,B,C4 Expert — Abstract Reasoning (B),Difficult ambiguous multi-constraint expert problems. Domain: abstract reasoning. Variant B: distribution shift/distractors.,Minimal standardized context/tools; no persistence credit. External oracle owns success.,answer or executable artifact plus compact evidence record,Externally verified performance consistent with C4; isolate cognition rather than persistence/autonomy.,Hidden answer key/counterexamples/perturbations appropriate to domain.,independent_reference_or_deterministic,H5-H4,CID0,0.8,24,no,,specification-only,False,required for formal certification,HIL-R2,False,False,False,False,False,correctness; robustness; calibration,tokens; latency; contamination notes,hidden/sealed assets; candidate cannot write verifier/acceptance criteria,certification-spec,
C-C4-MULT-A,1.0,"Unified Intelligence / HIL Framework v1.5.1 (memory-integrated, delivered-correct delegation)",C-Bench,C,C4,HG0,,multimodal_reasoning,multimodal_reasoning,T4,A,C4 Expert — Multimodal Reasoning (A),Difficult ambiguous multi-constraint expert problems. Domain: multimodal reasoning. Variant A: clean controlled condition.,Minimal standardized context/tools; no persistence credit. External oracle owns success.,answer or executable artifact plus compact evidence record,Externally verified performance consistent with C4; isolate cognition rather than persistence/autonomy.,Hidden answer key/counterexamples/perturbations appropriate to domain.,independent_reference_or_deterministic,H5-H4,CID0,0.8,24,no,,specification-only,False,required for formal certification,HIL-R2,False,False,False,False,False,correctness; robustness; calibration,tokens; latency; contamination notes,hidden/sealed assets; candidate cannot write verifier/acceptance criteria,certification-spec,
C-C4-MULT-B,1.0,"Unified Intelligence / HIL Framework v1.5.1 (memory-integrated, delivered-correct delegation)",C-Bench,C,C4,HG0,,multimodal_reasoning,multimodal_reasoning,T4,B,C4 Expert — Multimodal Reasoning (B),Difficult ambiguous multi-constraint expert problems. Domain: multimodal reasoning. Variant B: distribution shift/distractors.,Minimal standardized context/tools; no persistence credit. External oracle owns success.,answer or executable artifact plus compact evidence record,Externally verified performance consistent with C4; isolate cognition rather than persistence/autonomy.,Hidden answer key/counterexamples/perturbations appropriate to domain.,independent_reference_or_deterministic,H5-H4,CID0,0.8,24,no,,specification-only,False,required for formal certification,HIL-R2,False,False,False,False,False,correctness; robustness; calibration,tokens; latency; contamination notes,hidden/sealed assets; candidate cannot write verifier/acceptance criteria,certification-spec,
C-C4-LONG-A,1.0,"Unified Intelligence / HIL Framework v1.5.1 (memory-integrated, delivered-correct delegation)",C-Bench,C,C4,HG0,,long_context,long_context,T4,A,C4 Expert — Long Context (A),Difficult ambiguous multi-constraint expert problems. Domain: long context. Variant A: clean controlled condition.,Minimal standardized context/tools; no persistence credit. External oracle owns success.,answer or executable artifact plus compact evidence record,Externally verified performance consistent with C4; isolate cognition rather than persistence/autonomy.,Hidden answer key/counterexamples/perturbations appropriate to domain.,independent_reference_or_deterministic,H5-H4,CID0,0.8,24,no,,specification-only,False,required for formal certification,HIL-R2,False,False,False,False,False,correctness; robustness; calibration,tokens; latency; contamination notes,hidden/sealed assets; candidate cannot write verifier/acceptance criteria,certification-spec,
C-C4-LONG-B,1.0,"Unified Intelligence / HIL Framework v1.5.1 (memory-integrated, delivered-correct delegation)",C-Bench,C,C4,HG0,,long_context,long_context,T4,B,C4 Expert — Long Context (B),Difficult ambiguous multi-constraint expert problems. Domain: long context. Variant B: distribution shift/distractors.,Minimal standardized context/tools; no persistence credit. External oracle owns success.,answer or executable artifact plus compact evidence record,Externally verified performance consistent with C4; isolate cognition rather than persistence/autonomy.,Hidden answer key/counterexamples/perturbations appropriate to domain.,independent_reference_or_deterministic,H5-H4,CID0,0.8,24,no,,specification-only,False,required for formal certification,HIL-R2,False,False,False,False,False,correctness; robustness; calibration,tokens; latency; contamination notes,hidden/sealed assets; candidate cannot write verifier/acceptance criteria,certification-spec,
C-C4-FACT-A,1.0,"Unified Intelligence / HIL Framework v1.5.1 (memory-integrated, delivered-correct delegation)",C-Bench,C,C4,HG0,,factuality_calibration,factuality_calibration,T4,A,C4 Expert — Factuality Calibration (A),Difficult ambiguous multi-constraint expert problems. Domain: factuality calibration. Variant A: clean controlled condition.,Minimal standardized context/tools; no persistence credit. External oracle owns success.,answer or executable artifact plus compact evidence record,Externally verified performance consistent with C4; isolate cognition rather than persistence/autonomy.,Hidden answer key/counterexamples/perturbations appropriate to domain.,independent_reference_or_deterministic,H5-H4,CID0,0.8,24,no,,specification-only,False,required for formal certification,HIL-R2,False,False,False,False,False,correctness; robustness; calibration,tokens; latency; contamination notes,hidden/sealed assets; candidate cannot write verifier/acceptance criteria,certification-spec,
C-C4-FACT-B,1.0,"Unified Intelligence / HIL Framework v1.5.1 (memory-integrated, delivered-correct delegation)",C-Bench,C,C4,HG0,,factuality_calibration,factuality_calibration,T4,B,C4 Expert — Factuality Calibration (B),Difficult ambiguous multi-constraint expert problems. Domain: factuality calibration. Variant B: distribution shift/distractors.,Minimal standardized context/tools; no persistence credit. External oracle owns success.,answer or executable artifact plus compact evidence record,Externally verified performance consistent with C4; isolate cognition rather than persistence/autonomy.,Hidden answer key/counterexamples/perturbations appropriate to domain.,independent_reference_or_deterministic,H5-H4,CID0,0.8,24,no,,specification-only,False,required for formal certification,HIL-R2,False,False,False,False,False,correctness; robustness; calibration,tokens; latency; contamination notes,hidden/sealed assets; candidate cannot write verifier/acceptance criteria,certification-spec,
C-C5-GENE-A,1.0,"Unified Intelligence / HIL Framework v1.5.1 (memory-integrated, delivered-correct delegation)",C-Bench,C,C5,HG0,,general_reasoning,general_reasoning,T5,A,C5 Discovery — General Reasoning (A),Derive new solution methods or explanatory models from evidence. Domain: general reasoning. Variant A: clean controlled condition.,Minimal standardized context/tools; no persistence credit. External oracle owns success.,answer or executable artifact plus compact evidence record,Externally verified performance consistent with C5; isolate cognition rather than persistence/autonomy.,Hidden answer key/counterexamples/perturbations appropriate to domain.,independent_reference_or_deterministic,H5-H4,CID0,0.7,24,no,,specification-only,False,required for formal certification,HIL-R2,False,False,False,False,False,correctness; robustness; calibration,tokens; latency; contamination notes,hidden/sealed assets; candidate cannot write verifier/acceptance criteria,certification-spec,
C-C5-GENE-B,1.0,"Unified Intelligence / HIL Framework v1.5.1 (memory-integrated, delivered-correct delegation)",C-Bench,C,C5,HG0,,general_reasoning,general_reasoning,T5,B,C5 Discovery — General Reasoning (B),Derive new solution methods or explanatory models from evidence. Domain: general reasoning. Variant B: distribution shift/distractors.,Minimal standardized context/tools; no persistence credit. External oracle owns success.,answer or executable artifact plus compact evidence record,Externally verified performance consistent with C5; isolate cognition rather than persistence/autonomy.,Hidden answer key/counterexamples/perturbations appropriate to domain.,independent_reference_or_deterministic,H5-H4,CID0,0.7,24,no,,specification-only,False,required for formal certification,HIL-R2,False,False,False,False,False,correctness; robustness; calibration,tokens; latency; contamination notes,hidden/sealed assets; candidate cannot write verifier/acceptance criteria,certification-spec,
C-C5-SCIE-A,1.0,"Unified Intelligence / HIL Framework v1.5.1 (memory-integrated, delivered-correct delegation)",C-Bench,C,C5,HG0,,scientific_reasoning,scientific_reasoning,T5,A,C5 Discovery — Scientific Reasoning (A),Derive new solution methods or explanatory models from evidence. Domain: scientific reasoning. Variant A: clean controlled condition.,Minimal standardized context/tools; no persistence credit. External oracle owns success.,answer or executable artifact plus compact evidence record,Externally verified performance consistent with C5; isolate cognition rather than persistence/autonomy.,Hidden answer key/counterexamples/perturbations appropriate to domain.,independent_reference_or_deterministic,H5-H4,CID0,0.7,24,no,,specification-only,False,required for formal certification,HIL-R2,False,False,False,False,False,correctness; robustness; calibration,tokens; latency; contamination notes,hidden/sealed assets; candidate cannot write verifier/acceptance criteria,certification-spec,
C-C5-SCIE-B,1.0,"Unified Intelligence / HIL Framework v1.5.1 (memory-integrated, delivered-correct delegation)",C-Bench,C,C5,HG0,,scientific_reasoning,scientific_reasoning,T5,B,C5 Discovery — Scientific Reasoning (B),Derive new solution methods or explanatory models from evidence. Domain: scientific reasoning. Variant B: distribution shift/distractors.,Minimal standardized context/tools; no persistence credit. External oracle owns success.,answer or executable artifact plus compact evidence record,Externally verified performance consistent with C5; isolate cognition rather than persistence/autonomy.,Hidden answer key/counterexamples/perturbations appropriate to domain.,independent_reference_or_deterministic,H5-H4,CID0,0.7,24,no,,specification-only,False,required for formal certification,HIL-R2,False,False,False,False,False,correctness; robustness; calibration,tokens; latency; contamination notes,hidden/sealed assets; candidate cannot write verifier/acceptance criteria,certification-spec,
C-C5-ADVA-A,1.0,"Unified Intelligence / HIL Framework v1.5.1 (memory-integrated, delivered-correct delegation)",C-Bench,C,C5,HG0,,advanced_mathematics,advanced_mathematics,T5,A,C5 Discovery — Advanced Mathematics (A),Derive new solution methods or explanatory models from evidence. Domain: advanced mathematics. Variant A: clean controlled condition.,Minimal standardized context/tools; no persistence credit. External oracle owns success.,answer or executable artifact plus compact evidence record,Externally verified performance consistent with C5; isolate cognition rather than persistence/autonomy.,Hidden answer key/counterexamples/perturbations appropriate to domain.,independent_reference_or_deterministic,H5-H4,CID0,0.7,24,no,,specification-only,False,required for formal certification,HIL-R2,False,False,False,False,False,correctness; robustness; calibration,tokens; latency; contamination notes,hidden/sealed assets; candidate cannot write verifier/acceptance criteria,certification-spec,
C-C5-ADVA-B,1.0,"Unified Intelligence / HIL Framework v1.5.1 (memory-integrated, delivered-correct delegation)",C-Bench,C,C5,HG0,,advanced_mathematics,advanced_mathematics,T5,B,C5 Discovery — Advanced Mathematics (B),Derive new solution methods or explanatory models from evidence. Domain: advanced mathematics. Variant B: distribution shift/distractors.,Minimal standardized context/tools; no persistence credit. External oracle owns success.,answer or executable artifact plus compact evidence record,Externally verified performance consistent with C5; isolate cognition rather than persistence/autonomy.,Hidden answer key/counterexamples/perturbations appropriate to domain.,independent_reference_or_deterministic,H5-H4,CID0,0.7,24,no,,specification-only,False,required for formal certification,HIL-R2,False,False,False,False,False,correctness; robustness; calibration,tokens; latency; contamination notes,hidden/sealed assets; candidate cannot write verifier/acceptance criteria,certification-spec,
C-C5-CODI-A,1.0,"Unified Intelligence / HIL Framework v1.5.1 (memory-integrated, delivered-correct delegation)",C-Bench,C,C5,HG0,,coding,coding,T5,A,C5 Discovery — Coding (A),Derive new solution methods or explanatory models from evidence. Domain: coding. Variant A: clean controlled condition.,Minimal standardized context/tools; no persistence credit. External oracle owns success.,answer or executable artifact plus compact evidence record,Externally verified performance consistent with C5; isolate cognition rather than persistence/autonomy.,Hidden answer key/counterexamples/perturbations appropriate to domain.,independent_reference_or_deterministic,H5-H4,CID0,0.7,24,no,,specification-only,False,required for formal certification,HIL-R2,False,False,False,False,False,correctness; robustness; calibration,tokens; latency; contamination notes,hidden/sealed assets; candidate cannot write verifier/acceptance criteria,certification-spec,
C-C5-CODI-B,1.0,"Unified Intelligence / HIL Framework v1.5.1 (memory-integrated, delivered-correct delegation)",C-Bench,C,C5,HG0,,coding,coding,T5,B,C5 Discovery — Coding (B),Derive new solution methods or explanatory models from evidence. Domain: coding. Variant B: distribution shift/distractors.,Minimal standardized context/tools; no persistence credit. External oracle owns success.,answer or executable artifact plus compact evidence record,Externally verified performance consistent with C5; isolate cognition rather than persistence/autonomy.,Hidden answer key/counterexamples/perturbations appropriate to domain.,independent_reference_or_deterministic,H5-H4,CID0,0.7,24,no,,specification-only,False,required for formal certification,HIL-R2,False,False,False,False,False,correctness; robustness; calibration,tokens; latency; contamination notes,hidden/sealed assets; candidate cannot write verifier/acceptance criteria,certification-spec,
C-C5-ABST-A,1.0,"Unified Intelligence / HIL Framework v1.5.1 (memory-integrated, delivered-correct delegation)",C-Bench,C,C5,HG0,,abstract_reasoning,abstract_reasoning,T5,A,C5 Discovery — Abstract Reasoning (A),Derive new solution methods or explanatory models from evidence. Domain: abstract reasoning. Variant A: clean controlled condition.,Minimal standardized context/tools; no persistence credit. External oracle owns success.,answer or executable artifact plus compact evidence record,Externally verified performance consistent with C5; isolate cognition rather than persistence/autonomy.,Hidden answer key/counterexamples/perturbations appropriate to domain.,independent_reference_or_deterministic,H5-H4,CID0,0.7,24,no,,specification-only,False,required for formal certification,HIL-R2,False,False,False,False,False,correctness; robustness; calibration,tokens; latency; contamination notes,hidden/sealed assets; candidate cannot write verifier/acceptance criteria,certification-spec,
C-C5-ABST-B,1.0,"Unified Intelligence / HIL Framework v1.5.1 (memory-integrated, delivered-correct delegation)",C-Bench,C,C5,HG0,,abstract_reasoning,abstract_reasoning,T5,B,C5 Discovery — Abstract Reasoning (B),Derive new solution methods or explanatory models from evidence. Domain: abstract reasoning. Variant B: distribution shift/distractors.,Minimal standardized context/tools; no persistence credit. External oracle owns success.,answer or executable artifact plus compact evidence record,Externally verified performance consistent with C5; isolate cognition rather than persistence/autonomy.,Hidden answer key/counterexamples/perturbations appropriate to domain.,independent_reference_or_deterministic,H5-H4,CID0,0.7,24,no,,specification-only,False,required for formal certification,HIL-R2,False,False,False,False,False,correctness; robustness; calibration,tokens; latency; contamination notes,hidden/sealed assets; candidate cannot write verifier/acceptance criteria,certification-spec,
C-C5-MULT-A,1.0,"Unified Intelligence / HIL Framework v1.5.1 (memory-integrated, delivered-correct delegation)",C-Bench,C,C5,HG0,,multimodal_reasoning,multimodal_reasoning,T5,A,C5 Discovery — Multimodal Reasoning (A),Derive new solution methods or explanatory models from evidence. Domain: multimodal reasoning. Variant A: clean controlled condition.,Minimal standardized context/tools; no persistence credit. External oracle owns success.,answer or executable artifact plus compact evidence record,Externally verified performance consistent with C5; isolate cognition rather than persistence/autonomy.,Hidden answer key/counterexamples/perturbations appropriate to domain.,independent_reference_or_deterministic,H5-H4,CID0,0.7,24,no,,specification-only,False,required for formal certification,HIL-R2,False,False,False,False,False,correctness; robustness; calibration,tokens; latency; contamination notes,hidden/sealed assets; candidate cannot write verifier/acceptance criteria,certification-spec,
C-C5-MULT-B,1.0,"Unified Intelligence / HIL Framework v1.5.1 (memory-integrated, delivered-correct delegation)",C-Bench,C,C5,HG0,,multimodal_reasoning,multimodal_reasoning,T5,B,C5 Discovery — Multimodal Reasoning (B),Derive new solution methods or explanatory models from evidence. Domain: multimodal reasoning. Variant B: distribution shift/distractors.,Minimal standardized context/tools; no persistence credit. External oracle owns success.,answer or executable artifact plus compact evidence record,Externally verified performance consistent with C5; isolate cognition rather than persistence/autonomy.,Hidden answer key/counterexamples/perturbations appropriate to domain.,independent_reference_or_deterministic,H5-H4,CID0,0.7,24,no,,specification-only,False,required for formal certification,HIL-R2,False,False,False,False,False,correctness; robustness; calibration,tokens; latency; contamination notes,hidden/sealed assets; candidate cannot write verifier/acceptance criteria,certification-spec,
C-C5-LONG-A,1.0,"Unified Intelligence / HIL Framework v1.5.1 (memory-integrated, delivered-correct delegation)",C-Bench,C,C5,HG0,,long_context,long_context,T5,A,C5 Discovery — Long Context (A),Derive new solution methods or explanatory models from evidence. Domain: long context. Variant A: clean controlled condition.,Minimal standardized context/tools; no persistence credit. External oracle owns success.,answer or executable artifact plus compact evidence record,Externally verified performance consistent with C5; isolate cognition rather than persistence/autonomy.,Hidden answer key/counterexamples/perturbations appropriate to domain.,independent_reference_or_deterministic,H5-H4,CID0,0.7,24,no,,specification-only,False,required for formal certification,HIL-R2,False,False,False,False,False,correctness; robustness; calibration,tokens; latency; contamination notes,hidden/sealed assets; candidate cannot write verifier/acceptance criteria,certification-spec,
C-C5-LONG-B,1.0,"Unified Intelligence / HIL Framework v1.5.1 (memory-integrated, delivered-correct delegation)",C-Bench,C,C5,HG0,,long_context,long_context,T5,B,C5 Discovery — Long Context (B),Derive new solution methods or explanatory models from evidence. Domain: long context. Variant B: distribution shift/distractors.,Minimal standardized context/tools; no persistence credit. External oracle owns success.,answer or executable artifact plus compact evidence record,Externally verified performance consistent with C5; isolate cognition rather than persistence/autonomy.,Hidden answer key/counterexamples/perturbations appropriate to domain.,independent_reference_or_deterministic,H5-H4,CID0,0.7,24,no,,specification-only,False,required for formal certification,HIL-R2,False,False,False,False,False,correctness; robustness; calibration,tokens; latency; contamination notes,hidden/sealed assets; candidate cannot write verifier/acceptance criteria,certification-spec,
C-C5-FACT-A,1.0,"Unified Intelligence / HIL Framework v1.5.1 (memory-integrated, delivered-correct delegation)",C-Bench,C,C5,HG0,,factuality_calibration,factuality_calibration,T5,A,C5 Discovery — Factuality Calibration (A),Derive new solution methods or explanatory models from evidence. Domain: factuality calibration. Variant A: clean controlled condition.,Minimal standardized context/tools; no persistence credit. External oracle owns success.,answer or executable artifact plus compact evidence record,Externally verified performance consistent with C5; isolate cognition rather than persistence/autonomy.,Hidden answer key/counterexamples/perturbations appropriate to domain.,independent_reference_or_deterministic,H5-H4,CID0,0.7,24,no,,specification-only,False,required for formal certification,HIL-R2,False,False,False,False,False,correctness; robustness; calibration,tokens; latency; contamination notes,hidden/sealed assets; candidate cannot write verifier/acceptance criteria,certification-spec,
C-C5-FACT-B,1.0,"Unified Intelligence / HIL Framework v1.5.1 (memory-integrated, delivered-correct delegation)",C-Bench,C,C5,HG0,,factuality_calibration,factuality_calibration,T5,B,C5 Discovery — Factuality Calibration (B),Derive new solution methods or explanatory models from evidence. Domain: factuality calibration. Variant B: distribution shift/distractors.,Minimal standardized context/tools; no persistence credit. External oracle owns success.,answer or executable artifact plus compact evidence record,Externally verified performance consistent with C5; isolate cognition rather than persistence/autonomy.,Hidden answer key/counterexamples/perturbations appropriate to domain.,independent_reference_or_deterministic,H5-H4,CID0,0.7,24,no,,specification-only,False,required for formal certification,HIL-R2,False,False,False,False,False,correctness; robustness; calibration,tokens; latency; contamination notes,hidden/sealed assets; candidate cannot write verifier/acceptance criteria,certification-spec,
C-C6-GENE-A,1.0,"Unified Intelligence / HIL Framework v1.5.1 (memory-integrated, delivered-correct delegation)",C-Bench,C,C6,HG0,,general_reasoning,general_reasoning,T6,A,C6 Frontier-Generalizing — General Reasoning (A),Integrate domains on mission-scale cognitive problems. Domain: general reasoning. Variant A: clean controlled condition.,Minimal standardized context/tools; no persistence credit. External oracle owns success.,answer or executable artifact plus compact evidence record,Externally verified performance consistent with C6; isolate cognition rather than persistence/autonomy.,Hidden answer key/counterexamples/perturbations appropriate to domain.,independent_reference_or_deterministic,H5-H4,CID0,0.7,24,no,,specification-only,False,required for formal certification,HIL-R2,False,False,False,False,False,correctness; robustness; calibration,tokens; latency; contamination notes,hidden/sealed assets; candidate cannot write verifier/acceptance criteria,certification-spec,
C-C6-GENE-B,1.0,"Unified Intelligence / HIL Framework v1.5.1 (memory-integrated, delivered-correct delegation)",C-Bench,C,C6,HG0,,general_reasoning,general_reasoning,T6,B,C6 Frontier-Generalizing — General Reasoning (B),Integrate domains on mission-scale cognitive problems. Domain: general reasoning. Variant B: distribution shift/distractors.,Minimal standardized context/tools; no persistence credit. External oracle owns success.,answer or executable artifact plus compact evidence record,Externally verified performance consistent with C6; isolate cognition rather than persistence/autonomy.,Hidden answer key/counterexamples/perturbations appropriate to domain.,independent_reference_or_deterministic,H5-H4,CID0,0.7,24,no,,specification-only,False,required for formal certification,HIL-R2,False,False,False,False,False,correctness; robustness; calibration,tokens; latency; contamination notes,hidden/sealed assets; candidate cannot write verifier/acceptance criteria,certification-spec,
C-C6-SCIE-A,1.0,"Unified Intelligence / HIL Framework v1.5.1 (memory-integrated, delivered-correct delegation)",C-Bench,C,C6,HG0,,scientific_reasoning,scientific_reasoning,T6,A,C6 Frontier-Generalizing — Scientific Reasoning (A),Integrate domains on mission-scale cognitive problems. Domain: scientific reasoning. Variant A: clean controlled condition.,Minimal standardized context/tools; no persistence credit. External oracle owns success.,answer or executable artifact plus compact evidence record,Externally verified performance consistent with C6; isolate cognition rather than persistence/autonomy.,Hidden answer key/counterexamples/perturbations appropriate to domain.,independent_reference_or_deterministic,H5-H4,CID0,0.7,24,no,,specification-only,False,required for formal certification,HIL-R2,False,False,False,False,False,correctness; robustness; calibration,tokens; latency; contamination notes,hidden/sealed assets; candidate cannot write verifier/acceptance criteria,certification-spec,
C-C6-SCIE-B,1.0,"Unified Intelligence / HIL Framework v1.5.1 (memory-integrated, delivered-correct delegation)",C-Bench,C,C6,HG0,,scientific_reasoning,scientific_reasoning,T6,B,C6 Frontier-Generalizing — Scientific Reasoning (B),Integrate domains on mission-scale cognitive problems. Domain: scientific reasoning. Variant B: distribution shift/distractors.,Minimal standardized context/tools; no persistence credit. External oracle owns success.,answer or executable artifact plus compact evidence record,Externally verified performance consistent with C6; isolate cognition rather than persistence/autonomy.,Hidden answer key/counterexamples/perturbations appropriate to domain.,independent_reference_or_deterministic,H5-H4,CID0,0.7,24,no,,specification-only,False,required for formal certification,HIL-R2,False,False,False,False,False,correctness; robustness; calibration,tokens; latency; contamination notes,hidden/sealed assets; candidate cannot write verifier/acceptance criteria,certification-spec,
C-C6-ADVA-A,1.0,"Unified Intelligence / HIL Framework v1.5.1 (memory-integrated, delivered-correct delegation)",C-Bench,C,C6,HG0,,advanced_mathematics,advanced_mathematics,T6,A,C6 Frontier-Generalizing — Advanced Mathematics (A),Integrate domains on mission-scale cognitive problems. Domain: advanced mathematics. Variant A: clean controlled condition.,Minimal standardized context/tools; no persistence credit. External oracle owns success.,answer or executable artifact plus compact evidence record,Externally verified performance consistent with C6; isolate cognition rather than persistence/autonomy.,Hidden answer key/counterexamples/perturbations appropriate to domain.,independent_reference_or_deterministic,H5-H4,CID0,0.7,24,no,,specification-only,False,required for formal certification,HIL-R2,False,False,False,False,False,correctness; robustness; calibration,tokens; latency; contamination notes,hidden/sealed assets; candidate cannot write verifier/acceptance criteria,certification-spec,
C-C6-ADVA-B,1.0,"Unified Intelligence / HIL Framework v1.5.1 (memory-integrated, delivered-correct delegation)",C-Bench,C,C6,HG0,,advanced_mathematics,advanced_mathematics,T6,B,C6 Frontier-Generalizing — Advanced Mathematics (B),Integrate domains on mission-scale cognitive problems. Domain: advanced mathematics. Variant B: distribution shift/distractors.,Minimal standardized context/tools; no persistence credit. External oracle owns success.,answer or executable artifact plus compact evidence record,Externally verified performance consistent with C6; isolate cognition rather than persistence/autonomy.,Hidden answer key/counterexamples/perturbations appropriate to domain.,independent_reference_or_deterministic,H5-H4,CID0,0.7,24,no,,specification-only,False,required for formal certification,HIL-R2,False,False,False,False,False,correctness; robustness; calibration,tokens; latency; contamination notes,hidden/sealed assets; candidate cannot write verifier/acceptance criteria,certification-spec,
C-C6-CODI-A,1.0,"Unified Intelligence / HIL Framework v1.5.1 (memory-integrated, delivered-correct delegation)",C-Bench,C,C6,HG0,,coding,coding,T6,A,C6 Frontier-Generalizing — Coding (A),Integrate domains on mission-scale cognitive problems. Domain: coding. Variant A: clean controlled condition.,Minimal standardized context/tools; no persistence credit. External oracle owns success.,answer or executable artifact plus compact evidence record,Externally verified performance consistent with C6; isolate cognition rather than persistence/autonomy.,Hidden answer key/counterexamples/perturbations appropriate to domain.,independent_reference_or_deterministic,H5-H4,CID0,0.7,24,no,,specification-only,False,required for formal certification,HIL-R2,False,False,False,False,False,correctness; robustness; calibration,tokens; latency; contamination notes,hidden/sealed assets; candidate cannot write verifier/acceptance criteria,certification-spec,
C-C6-CODI-B,1.0,"Unified Intelligence / HIL Framework v1.5.1 (memory-integrated, delivered-correct delegation)",C-Bench,C,C6,HG0,,coding,coding,T6,B,C6 Frontier-Generalizing — Coding (B),Integrate domains on mission-scale cognitive problems. Domain: coding. Variant B: distribution shift/distractors.,Minimal standardized context/tools; no persistence credit. External oracle owns success.,answer or executable artifact plus compact evidence record,Externally verified performance consistent with C6; isolate cognition rather than persistence/autonomy.,Hidden answer key/counterexamples/perturbations appropriate to domain.,independent_reference_or_deterministic,H5-H4,CID0,0.7,24,no,,specification-only,False,required for formal certification,HIL-R2,False,False,False,False,False,correctness; robustness; calibration,tokens; latency; contamination notes,hidden/sealed assets; candidate cannot write verifier/acceptance criteria,certification-spec,
C-C6-ABST-A,1.0,"Unified Intelligence / HIL Framework v1.5.1 (memory-integrated, delivered-correct delegation)",C-Bench,C,C6,HG0,,abstract_reasoning,abstract_reasoning,T6,A,C6 Frontier-Generalizing — Abstract Reasoning (A),Integrate domains on mission-scale cognitive problems. Domain: abstract reasoning. Variant A: clean controlled condition.,Minimal standardized context/tools; no persistence credit. External oracle owns success.,answer or executable artifact plus compact evidence record,Externally verified performance consistent with C6; isolate cognition rather than persistence/autonomy.,Hidden answer key/counterexamples/perturbations appropriate to domain.,independent_reference_or_deterministic,H5-H4,CID0,0.7,24,no,,specification-only,False,required for formal certification,HIL-R2,False,False,False,False,False,correctness; robustness; calibration,tokens; latency; contamination notes,hidden/sealed assets; candidate cannot write verifier/acceptance criteria,certification-spec,
C-C6-ABST-B,1.0,"Unified Intelligence / HIL Framework v1.5.1 (memory-integrated, delivered-correct delegation)",C-Bench,C,C6,HG0,,abstract_reasoning,abstract_reasoning,T6,B,C6 Frontier-Generalizing — Abstract Reasoning (B),Integrate domains on mission-scale cognitive problems. Domain: abstract reasoning. Variant B: distribution shift/distractors.,Minimal standardized context/tools; no persistence credit. External oracle owns success.,answer or executable artifact plus compact evidence record,Externally verified performance consistent with C6; isolate cognition rather than persistence/autonomy.,Hidden answer key/counterexamples/perturbations appropriate to domain.,independent_reference_or_deterministic,H5-H4,CID0,0.7,24,no,,specification-only,False,required for formal certification,HIL-R2,False,False,False,False,False,correctness; robustness; calibration,tokens; latency; contamination notes,hidden/sealed assets; candidate cannot write verifier/acceptance criteria,certification-spec,
C-C6-MULT-A,1.0,"Unified Intelligence / HIL Framework v1.5.1 (memory-integrated, delivered-correct delegation)",C-Bench,C,C6,HG0,,multimodal_reasoning,multimodal_reasoning,T6,A,C6 Frontier-Generalizing — Multimodal Reasoning (A),Integrate domains on mission-scale cognitive problems. Domain: multimodal reasoning. Variant A: clean controlled condition.,Minimal standardized context/tools; no persistence credit. External oracle owns success.,answer or executable artifact plus compact evidence record,Externally verified performance consistent with C6; isolate cognition rather than persistence/autonomy.,Hidden answer key/counterexamples/perturbations appropriate to domain.,independent_reference_or_deterministic,H5-H4,CID0,0.7,24,no,,specification-only,False,required for formal certification,HIL-R2,False,False,False,False,False,correctness; robustness; calibration,tokens; latency; contamination notes,hidden/sealed assets; candidate cannot write verifier/acceptance criteria,certification-spec,
C-C6-MULT-B,1.0,"Unified Intelligence / HIL Framework v1.5.1 (memory-integrated, delivered-correct delegation)",C-Bench,C,C6,HG0,,multimodal_reasoning,multimodal_reasoning,T6,B,C6 Frontier-Generalizing — Multimodal Reasoning (B),Integrate domains on mission-scale cognitive problems. Domain: multimodal reasoning. Variant B: distribution shift/distractors.,Minimal standardized context/tools; no persistence credit. External oracle owns success.,answer or executable artifact plus compact evidence record,Externally verified performance consistent with C6; isolate cognition rather than persistence/autonomy.,Hidden answer key/counterexamples/perturbations appropriate to domain.,independent_reference_or_deterministic,H5-H4,CID0,0.7,24,no,,specification-only,False,required for formal certification,HIL-R2,False,False,False,False,False,correctness; robustness; calibration,tokens; latency; contamination notes,hidden/sealed assets; candidate cannot write verifier/acceptance criteria,certification-spec,
C-C6-LONG-A,1.0,"Unified Intelligence / HIL Framework v1.5.1 (memory-integrated, delivered-correct delegation)",C-Bench,C,C6,HG0,,long_context,long_context,T6,A,C6 Frontier-Generalizing — Long Context (A),Integrate domains on mission-scale cognitive problems. Domain: long context. Variant A: clean controlled condition.,Minimal standardized context/tools; no persistence credit. External oracle owns success.,answer or executable artifact plus compact evidence record,Externally verified performance consistent with C6; isolate cognition rather than persistence/autonomy.,Hidden answer key/counterexamples/perturbations appropriate to domain.,independent_reference_or_deterministic,H5-H4,CID0,0.7,24,no,,specification-only,False,required for formal certification,HIL-R2,False,False,False,False,False,correctness; robustness; calibration,tokens; latency; contamination notes,hidden/sealed assets; candidate cannot write verifier/acceptance criteria,certification-spec,
C-C6-LONG-B,1.0,"Unified Intelligence / HIL Framework v1.5.1 (memory-integrated, delivered-correct delegation)",C-Bench,C,C6,HG0,,long_context,long_context,T6,B,C6 Frontier-Generalizing — Long Context (B),Integrate domains on mission-scale cognitive problems. Domain: long context. Variant B: distribution shift/distractors.,Minimal standardized context/tools; no persistence credit. External oracle owns success.,answer or executable artifact plus compact evidence record,Externally verified performance consistent with C6; isolate cognition rather than persistence/autonomy.,Hidden answer key/counterexamples/perturbations appropriate to domain.,independent_reference_or_deterministic,H5-H4,CID0,0.7,24,no,,specification-only,False,required for formal certification,HIL-R2,False,False,False,False,False,correctness; robustness; calibration,tokens; latency; contamination notes,hidden/sealed assets; candidate cannot write verifier/acceptance criteria,certification-spec,
C-C6-FACT-A,1.0,"Unified Intelligence / HIL Framework v1.5.1 (memory-integrated, delivered-correct delegation)",C-Bench,C,C6,HG0,,factuality_calibration,factuality_calibration,T6,A,C6 Frontier-Generalizing — Factuality Calibration (A),Integrate domains on mission-scale cognitive problems. Domain: factuality calibration. Variant A: clean controlled condition.,Minimal standardized context/tools; no persistence credit. External oracle owns success.,answer or executable artifact plus compact evidence record,Externally verified performance consistent with C6; isolate cognition rather than persistence/autonomy.,Hidden answer key/counterexamples/perturbations appropriate to domain.,independent_reference_or_deterministic,H5-H4,CID0,0.7,24,no,,specification-only,False,required for formal certification,HIL-R2,False,False,False,False,False,correctness; robustness; calibration,tokens; latency; contamination notes,hidden/sealed assets; candidate cannot write verifier/acceptance criteria,certification-spec,
C-C6-FACT-B,1.0,"Unified Intelligence / HIL Framework v1.5.1 (memory-integrated, delivered-correct delegation)",C-Bench,C,C6,HG0,,factuality_calibration,factuality_calibration,T6,B,C6 Frontier-Generalizing — Factuality Calibration (B),Integrate domains on mission-scale cognitive problems. Domain: factuality calibration. Variant B: distribution shift/distractors.,Minimal standardized context/tools; no persistence credit. External oracle owns success.,answer or executable artifact plus compact evidence record,Externally verified performance consistent with C6; isolate cognition rather than persistence/autonomy.,Hidden answer key/counterexamples/perturbations appropriate to domain.,independent_reference_or_deterministic,H5-H4,CID0,0.7,24,no,,specification-only,False,required for formal certification,HIL-R2,False,False,False,False,False,correctness; robustness; calibration,tokens; latency; contamination notes,hidden/sealed assets; candidate cannot write verifier/acceptance criteria,certification-spec,
C-CΩ-GENE-A,1.0,"Unified Intelligence / HIL Framework v1.5.1 (memory-integrated, delivered-correct delegation)",C-Bench,C,CΩ,HG0,,general_reasoning,general_reasoning,TΩ,A,CΩ Open-Ended — General Reasoning (A),Expand representations and problem classes cognitively reachable. Domain: general reasoning. Variant A: clean controlled condition.,Minimal standardized context/tools; no persistence credit. External oracle owns success.,answer or executable artifact plus compact evidence record,Externally verified performance consistent with CΩ; isolate cognition rather than persistence/autonomy.,Hidden answer key/counterexamples/perturbations appropriate to domain.,independent_reference_or_deterministic,H5-H4,CID0,0.7,24,no,,specification-only,False,required for formal certification,HIL-R2,False,False,False,False,False,correctness; robustness; calibration,tokens; latency; contamination notes,hidden/sealed assets; candidate cannot write verifier/acceptance criteria,certification-spec,
C-CΩ-GENE-B,1.0,"Unified Intelligence / HIL Framework v1.5.1 (memory-integrated, delivered-correct delegation)",C-Bench,C,CΩ,HG0,,general_reasoning,general_reasoning,TΩ,B,CΩ Open-Ended — General Reasoning (B),Expand representations and problem classes cognitively reachable. Domain: general reasoning. Variant B: distribution shift/distractors.,Minimal standardized context/tools; no persistence credit. External oracle owns success.,answer or executable artifact plus compact evidence record,Externally verified performance consistent with CΩ; isolate cognition rather than persistence/autonomy.,Hidden answer key/counterexamples/perturbations appropriate to domain.,independent_reference_or_deterministic,H5-H4,CID0,0.7,24,no,,specification-only,False,required for formal certification,HIL-R2,False,False,False,False,False,correctness; robustness; calibration,tokens; latency; contamination notes,hidden/sealed assets; candidate cannot write verifier/acceptance criteria,certification-spec,
C-CΩ-SCIE-A,1.0,"Unified Intelligence / HIL Framework v1.5.1 (memory-integrated, delivered-correct delegation)",C-Bench,C,CΩ,HG0,,scientific_reasoning,scientific_reasoning,TΩ,A,CΩ Open-Ended — Scientific Reasoning (A),Expand representations and problem classes cognitively reachable. Domain: scientific reasoning. Variant A: clean controlled condition.,Minimal standardized context/tools; no persistence credit. External oracle owns success.,answer or executable artifact plus compact evidence record,Externally verified performance consistent with CΩ; isolate cognition rather than persistence/autonomy.,Hidden answer key/counterexamples/perturbations appropriate to domain.,independent_reference_or_deterministic,H5-H4,CID0,0.7,24,no,,specification-only,False,required for formal certification,HIL-R2,False,False,False,False,False,correctness; robustness; calibration,tokens; latency; contamination notes,hidden/sealed assets; candidate cannot write verifier/acceptance criteria,certification-spec,
C-CΩ-SCIE-B,1.0,"Unified Intelligence / HIL Framework v1.5.1 (memory-integrated, delivered-correct delegation)",C-Bench,C,CΩ,HG0,,scientific_reasoning,scientific_reasoning,TΩ,B,CΩ Open-Ended — Scientific Reasoning (B),Expand representations and problem classes cognitively reachable. Domain: scientific reasoning. Variant B: distribution shift/distractors.,Minimal standardized context/tools; no persistence credit. External oracle owns success.,answer or executable artifact plus compact evidence record,Externally verified performance consistent with CΩ; isolate cognition rather than persistence/autonomy.,Hidden answer key/counterexamples/perturbations appropriate to domain.,independent_reference_or_deterministic,H5-H4,CID0,0.7,24,no,,specification-only,False,required for formal certification,HIL-R2,False,False,False,False,False,correctness; robustness; calibration,tokens; latency; contamination notes,hidden/sealed assets; candidate cannot write verifier/acceptance criteria,certification-spec,
C-CΩ-ADVA-A,1.0,"Unified Intelligence / HIL Framework v1.5.1 (memory-integrated, delivered-correct delegation)",C-Bench,C,CΩ,HG0,,advanced_mathematics,advanced_mathematics,TΩ,A,CΩ Open-Ended — Advanced Mathematics (A),Expand representations and problem classes cognitively reachable. Domain: advanced mathematics. Variant A: clean controlled condition.,Minimal standardized context/tools; no persistence credit. External oracle owns success.,answer or executable artifact plus compact evidence record,Externally verified performance consistent with CΩ; isolate cognition rather than persistence/autonomy.,Hidden answer key/counterexamples/perturbations appropriate to domain.,independent_reference_or_deterministic,H5-H4,CID0,0.7,24,no,,specification-only,False,required for formal certification,HIL-R2,False,False,False,False,False,correctness; robustness; calibration,tokens; latency; contamination notes,hidden/sealed assets; candidate cannot write verifier/acceptance criteria,certification-spec,
C-CΩ-ADVA-B,1.0,"Unified Intelligence / HIL Framework v1.5.1 (memory-integrated, delivered-correct delegation)",C-Bench,C,CΩ,HG0,,advanced_mathematics,advanced_mathematics,TΩ,B,CΩ Open-Ended — Advanced Mathematics (B),Expand representations and problem classes cognitively reachable. Domain: advanced mathematics. Variant B: distribution shift/distractors.,Minimal standardized context/tools; no persistence credit. External oracle owns success.,answer or executable artifact plus compact evidence record,Externally verified performance consistent with CΩ; isolate cognition rather than persistence/autonomy.,Hidden answer key/counterexamples/perturbations appropriate to domain.,independent_reference_or_deterministic,H5-H4,CID0,0.7,24,no,,specification-only,False,required for formal certification,HIL-R2,False,False,False,False,False,correctness; robustness; calibration,tokens; latency; contamination notes,hidden/sealed assets; candidate cannot write verifier/acceptance criteria,certification-spec,
C-CΩ-CODI-A,1.0,"Unified Intelligence / HIL Framework v1.5.1 (memory-integrated, delivered-correct delegation)",C-Bench,C,CΩ,HG0,,coding,coding,TΩ,A,CΩ Open-Ended — Coding (A),Expand representations and problem classes cognitively reachable. Domain: coding. Variant A: clean controlled condition.,Minimal standardized context/tools; no persistence credit. External oracle owns success.,answer or executable artifact plus compact evidence record,Externally verified performance consistent with CΩ; isolate cognition rather than persistence/autonomy.,Hidden answer key/counterexamples/perturbations appropriate to domain.,independent_reference_or_deterministic,H5-H4,CID0,0.7,24,no,,specification-only,False,required for formal certification,HIL-R2,False,False,False,False,False,correctness; robustness; calibration,tokens; latency; contamination notes,hidden/sealed assets; candidate cannot write verifier/acceptance criteria,certification-spec,
C-CΩ-CODI-B,1.0,"Unified Intelligence / HIL Framework v1.5.1 (memory-integrated, delivered-correct delegation)",C-Bench,C,CΩ,HG0,,coding,coding,TΩ,B,CΩ Open-Ended — Coding (B),Expand representations and problem classes cognitively reachable. Domain: coding. Variant B: distribution shift/distractors.,Minimal standardized context/tools; no persistence credit. External oracle owns success.,answer or executable artifact plus compact evidence record,Externally verified performance consistent with CΩ; isolate cognition rather than persistence/autonomy.,Hidden answer key/counterexamples/perturbations appropriate to domain.,independent_reference_or_deterministic,H5-H4,CID0,0.7,24,no,,specification-only,False,required for formal certification,HIL-R2,False,False,False,False,False,correctness; robustness; calibration,tokens; latency; contamination notes,hidden/sealed assets; candidate cannot write verifier/acceptance criteria,certification-spec,
C-CΩ-ABST-A,1.0,"Unified Intelligence / HIL Framework v1.5.1 (memory-integrated, delivered-correct delegation)",C-Bench,C,CΩ,HG0,,abstract_reasoning,abstract_reasoning,TΩ,A,CΩ Open-Ended — Abstract Reasoning (A),Expand representations and problem classes cognitively reachable. Domain: abstract reasoning. Variant A: clean controlled condition.,Minimal standardized context/tools; no persistence credit. External oracle owns success.,answer or executable artifact plus compact evidence record,Externally verified performance consistent with CΩ; isolate cognition rather than persistence/autonomy.,Hidden answer key/counterexamples/perturbations appropriate to domain.,independent_reference_or_deterministic,H5-H4,CID0,0.7,24,no,,specification-only,False,required for formal certification,HIL-R2,False,False,False,False,False,correctness; robustness; calibration,tokens; latency; contamination notes,hidden/sealed assets; candidate cannot write verifier/acceptance criteria,certification-spec,
C-CΩ-ABST-B,1.0,"Unified Intelligence / HIL Framework v1.5.1 (memory-integrated, delivered-correct delegation)",C-Bench,C,CΩ,HG0,,abstract_reasoning,abstract_reasoning,TΩ,B,CΩ Open-Ended — Abstract Reasoning (B),Expand representations and problem classes cognitively reachable. Domain: abstract reasoning. Variant B: distribution shift/distractors.,Minimal standardized context/tools; no persistence credit. External oracle owns success.,answer or executable artifact plus compact evidence record,Externally verified performance consistent with CΩ; isolate cognition rather than persistence/autonomy.,Hidden answer key/counterexamples/perturbations appropriate to domain.,independent_reference_or_deterministic,H5-H4,CID0,0.7,24,no,,specification-only,False,required for formal certification,HIL-R2,False,False,False,False,False,correctness; robustness; calibration,tokens; latency; contamination notes,hidden/sealed assets; candidate cannot write verifier/acceptance criteria,certification-spec,
C-CΩ-MULT-A,1.0,"Unified Intelligence / HIL Framework v1.5.1 (memory-integrated, delivered-correct delegation)",C-Bench,C,CΩ,HG0,,multimodal_reasoning,multimodal_reasoning,TΩ,A,CΩ Open-Ended — Multimodal Reasoning (A),Expand representations and problem classes cognitively reachable. Domain: multimodal reasoning. Variant A: clean controlled condition.,Minimal standardized context/tools; no persistence credit. External oracle owns success.,answer or executable artifact plus compact evidence record,Externally verified performance consistent with CΩ; isolate cognition rather than persistence/autonomy.,Hidden answer key/counterexamples/perturbations appropriate to domain.,independent_reference_or_deterministic,H5-H4,CID0,0.7,24,no,,specification-only,False,required for formal certification,HIL-R2,False,False,False,False,False,correctness; robustness; calibration,tokens; latency; contamination notes,hidden/sealed assets; candidate cannot write verifier/acceptance criteria,certification-spec,
C-CΩ-MULT-B,1.0,"Unified Intelligence / HIL Framework v1.5.1 (memory-integrated, delivered-correct delegation)",C-Bench,C,CΩ,HG0,,multimodal_reasoning,multimodal_reasoning,TΩ,B,CΩ Open-Ended — Multimodal Reasoning (B),Expand representations and problem classes cognitively reachable. Domain: multimodal reasoning. Variant B: distribution shift/distractors.,Minimal standardized context/tools; no persistence credit. External oracle owns success.,answer or executable artifact plus compact evidence record,Externally verified performance consistent with CΩ; isolate cognition rather than persistence/autonomy.,Hidden answer key/counterexamples/perturbations appropriate to domain.,independent_reference_or_deterministic,H5-H4,CID0,0.7,24,no,,specification-only,False,required for formal certification,HIL-R2,False,False,False,False,False,correctness; robustness; calibration,tokens; latency; contamination notes,hidden/sealed assets; candidate cannot write verifier/acceptance criteria,certification-spec,
C-CΩ-LONG-A,1.0,"Unified Intelligence / HIL Framework v1.5.1 (memory-integrated, delivered-correct delegation)",C-Bench,C,CΩ,HG0,,long_context,long_context,TΩ,A,CΩ Open-Ended — Long Context (A),Expand representations and problem classes cognitively reachable. Domain: long context. Variant A: clean controlled condition.,Minimal standardized context/tools; no persistence credit. External oracle owns success.,answer or executable artifact plus compact evidence record,Externally verified performance consistent with CΩ; isolate cognition rather than persistence/autonomy.,Hidden answer key/counterexamples/perturbations appropriate to domain.,independent_reference_or_deterministic,H5-H4,CID0,0.7,24,no,,specification-only,False,required for formal certification,HIL-R2,False,False,False,False,False,correctness; robustness; calibration,tokens; latency; contamination notes,hidden/sealed assets; candidate cannot write verifier/acceptance criteria,certification-spec,
C-CΩ-LONG-B,1.0,"Unified Intelligence / HIL Framework v1.5.1 (memory-integrated, delivered-correct delegation)",C-Bench,C,CΩ,HG0,,long_context,long_context,TΩ,B,CΩ Open-Ended — Long Context (B),Expand representations and problem classes cognitively reachable. Domain: long context. Variant B: distribution shift/distractors.,Minimal standardized context/tools; no persistence credit. External oracle owns success.,answer or executable artifact plus compact evidence record,Externally verified performance consistent with CΩ; isolate cognition rather than persistence/autonomy.,Hidden answer key/counterexamples/perturbations appropriate to domain.,independent_reference_or_deterministic,H5-H4,CID0,0.7,24,no,,specification-only,False,required for formal certification,HIL-R2,False,False,False,False,False,correctness; robustness; calibration,tokens; latency; contamination notes,hidden/sealed assets; candidate cannot write verifier/acceptance criteria,certification-spec,
C-CΩ-FACT-A,1.0,"Unified Intelligence / HIL Framework v1.5.1 (memory-integrated, delivered-correct delegation)",C-Bench,C,CΩ,HG0,,factuality_calibration,factuality_calibration,TΩ,A,CΩ Open-Ended — Factuality Calibration (A),Expand representations and problem classes cognitively reachable. Domain: factuality calibration. Variant A: clean controlled condition.,Minimal standardized context/tools; no persistence credit. External oracle owns success.,answer or executable artifact plus compact evidence record,Externally verified performance consistent with CΩ; isolate cognition rather than persistence/autonomy.,Hidden answer key/counterexamples/perturbations appropriate to domain.,independent_reference_or_deterministic,H5-H4,CID0,0.7,24,no,,specification-only,False,required for formal certification,HIL-R2,False,False,False,False,False,correctness; robustness; calibration,tokens; latency; contamination notes,hidden/sealed assets; candidate cannot write verifier/acceptance criteria,certification-spec,
C-CΩ-FACT-B,1.0,"Unified Intelligence / HIL Framework v1.5.1 (memory-integrated, delivered-correct delegation)",C-Bench,C,CΩ,HG0,,factuality_calibration,factuality_calibration,TΩ,B,CΩ Open-Ended — Factuality Calibration (B),Expand representations and problem classes cognitively reachable. Domain: factuality calibration. Variant B: distribution shift/distractors.,Minimal standardized context/tools; no persistence credit. External oracle owns success.,answer or executable artifact plus compact evidence record,Externally verified performance consistent with CΩ; isolate cognition rather than persistence/autonomy.,Hidden answer key/counterexamples/perturbations appropriate to domain.,independent_reference_or_deterministic,H5-H4,CID0,0.7,24,no,,specification-only,False,required for formal certification,HIL-R2,False,False,False,False,False,correctness; robustness; calibration,tokens; latency; contamination notes,hidden/sealed assets; candidate cannot write verifier/acceptance criteria,certification-spec,
I-I0-TRANSIENT_BA-A,1.0,"Unified Intelligence / HIL Framework v1.5.1 (memory-integrated, delivered-correct delegation)",I-Bench,I,I0,HG0,U0,transient_baseline,longitudinal_individual,T0,A,I0 — Transient Baseline (A),No persistent evolving cognition; solve within one episode. Variant A is a clean longitudinal condition.,Multi-session harness with real process/context discontinuity where persistence is claimed; do not replay full transcript as a substitute for memory.,state/evidence artifact plus task outcome; exact provenance record when applicable,Externally verified I0 behavior with all lower I-level retention; long context alone cannot substitute for persistent memory.,"Hidden later queries, withheld updates, sealed replay or external promotion oracle according to level.",independent_reference_or_deterministic,H1,CID1,0.85,12,no,all lower I levels,specification-only,False,required for formal certification,HIL-R2,False,False,False,False,False,task correctness; memory integrity; transfer/change evidence; retention,retrieval precision/recall; contradiction; provenance; regression; cost,hidden/sealed assets; candidate cannot write verifier/acceptance criteria,certification-spec,
I-I0-TRANSIENT_BA-B,1.0,"Unified Intelligence / HIL Framework v1.5.1 (memory-integrated, delivered-correct delegation)",I-Bench,I,I0,HG0,U0,transient_baseline,longitudinal_individual,T0,B,I0 — Transient Baseline (B),No persistent evolving cognition; solve within one episode. Variant B adds conflicting/stale/distractor evidence or distribution shift.,Multi-session harness with real process/context discontinuity where persistence is claimed; do not replay full transcript as a substitute for memory.,state/evidence artifact plus task outcome; exact provenance record when applicable,Externally verified I0 behavior with all lower I-level retention; long context alone cannot substitute for persistent memory.,"Hidden later queries, withheld updates, sealed replay or external promotion oracle according to level.",independent_reference_or_deterministic,H1,CID1,0.85,12,no,all lower I levels,specification-only,False,required for formal certification,HIL-R2,False,False,False,False,False,task correctness; memory integrity; transfer/change evidence; retention,retrieval precision/recall; contradiction; provenance; regression; cost,hidden/sealed assets; candidate cannot write verifier/acceptance criteria,certification-spec,
I-I0-NO_PERSISTEN-A,1.0,"Unified Intelligence / HIL Framework v1.5.1 (memory-integrated, delivered-correct delegation)",I-Bench,I,I0,HG0,U0,no_persistence_control,longitudinal_individual,T0,A,I0 — No Persistence Control (A),Restart erases state unless externally re-supplied. Variant A is a clean longitudinal condition.,Multi-session harness with real process/context discontinuity where persistence is claimed; do not replay full transcript as a substitute for memory.,state/evidence artifact plus task outcome; exact provenance record when applicable,Externally verified I0 behavior with all lower I-level retention; long context alone cannot substitute for persistent memory.,"Hidden later queries, withheld updates, sealed replay or external promotion oracle according to level.",independent_reference_or_deterministic,H1,CID1,0.85,12,no,all lower I levels,specification-only,False,required for formal certification,HIL-R2,False,False,False,False,False,task correctness; memory integrity; transfer/change evidence; retention,retrieval precision/recall; contradiction; provenance; regression; cost,hidden/sealed assets; candidate cannot write verifier/acceptance criteria,certification-spec,
I-I0-NO_PERSISTEN-B,1.0,"Unified Intelligence / HIL Framework v1.5.1 (memory-integrated, delivered-correct delegation)",I-Bench,I,I0,HG0,U0,no_persistence_control,longitudinal_individual,T0,B,I0 — No Persistence Control (B),Restart erases state unless externally re-supplied. Variant B adds conflicting/stale/distractor evidence or distribution shift.,Multi-session harness with real process/context discontinuity where persistence is claimed; do not replay full transcript as a substitute for memory.,state/evidence artifact plus task outcome; exact provenance record when applicable,Externally verified I0 behavior with all lower I-level retention; long context alone cannot substitute for persistent memory.,"Hidden later queries, withheld updates, sealed replay or external promotion oracle according to level.",independent_reference_or_deterministic,H1,CID1,0.85,12,no,all lower I levels,specification-only,False,required for formal certification,HIL-R2,False,False,False,False,False,task correctness; memory integrity; transfer/change evidence; retention,retrieval precision/recall; contradiction; provenance; regression; cost,hidden/sealed assets; candidate cannot write verifier/acceptance criteria,certification-spec,
I-I0-BOUNDED_CONT-A,1.0,"Unified Intelligence / HIL Framework v1.5.1 (memory-integrated, delivered-correct delegation)",I-Bench,I,I0,HG0,U0,bounded_context_operation,longitudinal_individual,T0,A,I0 — Bounded Context Operation (A),Operate only on active context. Variant A is a clean longitudinal condition.,Multi-session harness with real process/context discontinuity where persistence is claimed; do not replay full transcript as a substitute for memory.,state/evidence artifact plus task outcome; exact provenance record when applicable,Externally verified I0 behavior with all lower I-level retention; long context alone cannot substitute for persistent memory.,"Hidden later queries, withheld updates, sealed replay or external promotion oracle according to level.",independent_reference_or_deterministic,H1,CID1,0.85,12,no,all lower I levels,specification-only,False,required for formal certification,HIL-R2,False,False,False,False,False,task correctness; memory integrity; transfer/change evidence; retention,retrieval precision/recall; contradiction; provenance; regression; cost,hidden/sealed assets; candidate cannot write verifier/acceptance criteria,certification-spec,
I-I0-BOUNDED_CONT-B,1.0,"Unified Intelligence / HIL Framework v1.5.1 (memory-integrated, delivered-correct delegation)",I-Bench,I,I0,HG0,U0,bounded_context_operation,longitudinal_individual,T0,B,I0 — Bounded Context Operation (B),Operate only on active context. Variant B adds conflicting/stale/distractor evidence or distribution shift.,Multi-session harness with real process/context discontinuity where persistence is claimed; do not replay full transcript as a substitute for memory.,state/evidence artifact plus task outcome; exact provenance record when applicable,Externally verified I0 behavior with all lower I-level retention; long context alone cannot substitute for persistent memory.,"Hidden later queries, withheld updates, sealed replay or external promotion oracle according to level.",independent_reference_or_deterministic,H1,CID1,0.85,12,no,all lower I levels,specification-only,False,required for formal certification,HIL-R2,False,False,False,False,False,task correctness; memory integrity; transfer/change evidence; retention,retrieval precision/recall; contradiction; provenance; regression; cost,hidden/sealed assets; candidate cannot write verifier/acceptance criteria,certification-spec,
I-I0-EPHEMERAL_TO-A,1.0,"Unified Intelligence / HIL Framework v1.5.1 (memory-integrated, delivered-correct delegation)",I-Bench,I,I0,HG0,U0,ephemeral_tool_use,longitudinal_individual,T0,A,I0 — Ephemeral Tool Use (A),Use tools without durable learning. Variant A is a clean longitudinal condition.,Multi-session harness with real process/context discontinuity where persistence is claimed; do not replay full transcript as a substitute for memory.,state/evidence artifact plus task outcome; exact provenance record when applicable,Externally verified I0 behavior with all lower I-level retention; long context alone cannot substitute for persistent memory.,"Hidden later queries, withheld updates, sealed replay or external promotion oracle according to level.",independent_reference_or_deterministic,H1,CID1,0.85,12,no,all lower I levels,specification-only,False,required for formal certification,HIL-R2,False,False,False,False,False,task correctness; memory integrity; transfer/change evidence; retention,retrieval precision/recall; contradiction; provenance; regression; cost,hidden/sealed assets; candidate cannot write verifier/acceptance criteria,certification-spec,
I-I0-EPHEMERAL_TO-B,1.0,"Unified Intelligence / HIL Framework v1.5.1 (memory-integrated, delivered-correct delegation)",I-Bench,I,I0,HG0,U0,ephemeral_tool_use,longitudinal_individual,T0,B,I0 — Ephemeral Tool Use (B),Use tools without durable learning. Variant B adds conflicting/stale/distractor evidence or distribution shift.,Multi-session harness with real process/context discontinuity where persistence is claimed; do not replay full transcript as a substitute for memory.,state/evidence artifact plus task outcome; exact provenance record when applicable,Externally verified I0 behavior with all lower I-level retention; long context alone cannot substitute for persistent memory.,"Hidden later queries, withheld updates, sealed replay or external promotion oracle according to level.",independent_reference_or_deterministic,H1,CID1,0.85,12,no,all lower I levels,specification-only,False,required for formal certification,HIL-R2,False,False,False,False,False,task correctness; memory integrity; transfer/change evidence; retention,retrieval precision/recall; contradiction; provenance; regression; cost,hidden/sealed assets; candidate cannot write verifier/acceptance criteria,certification-spec,
I-I0-SAME_SESSION-A,1.0,"Unified Intelligence / HIL Framework v1.5.1 (memory-integrated, delivered-correct delegation)",I-Bench,I,I0,HG0,U0,same_session_repeatability,longitudinal_individual,T0,A,I0 — Same Session Repeatability (A),Repeat within session without claiming learning. Variant A is a clean longitudinal condition.,Multi-session harness with real process/context discontinuity where persistence is claimed; do not replay full transcript as a substitute for memory.,state/evidence artifact plus task outcome; exact provenance record when applicable,Externally verified I0 behavior with all lower I-level retention; long context alone cannot substitute for persistent memory.,"Hidden later queries, withheld updates, sealed replay or external promotion oracle according to level.",independent_reference_or_deterministic,H1,CID1,0.85,12,no,all lower I levels,specification-only,False,required for formal certification,HIL-R2,False,False,False,False,False,task correctness; memory integrity; transfer/change evidence; retention,retrieval precision/recall; contradiction; provenance; regression; cost,hidden/sealed assets; candidate cannot write verifier/acceptance criteria,certification-spec,
I-I0-SAME_SESSION-B,1.0,"Unified Intelligence / HIL Framework v1.5.1 (memory-integrated, delivered-correct delegation)",I-Bench,I,I0,HG0,U0,same_session_repeatability,longitudinal_individual,T0,B,I0 — Same Session Repeatability (B),Repeat within session without claiming learning. Variant B adds conflicting/stale/distractor evidence or distribution shift.,Multi-session harness with real process/context discontinuity where persistence is claimed; do not replay full transcript as a substitute for memory.,state/evidence artifact plus task outcome; exact provenance record when applicable,Externally verified I0 behavior with all lower I-level retention; long context alone cannot substitute for persistent memory.,"Hidden later queries, withheld updates, sealed replay or external promotion oracle according to level.",independent_reference_or_deterministic,H1,CID1,0.85,12,no,all lower I levels,specification-only,False,required for formal certification,HIL-R2,False,False,False,False,False,task correctness; memory integrity; transfer/change evidence; retention,retrieval precision/recall; contradiction; provenance; regression; cost,hidden/sealed assets; candidate cannot write verifier/acceptance criteria,certification-spec,
I-I0-STATE_ABSENC-A,1.0,"Unified Intelligence / HIL Framework v1.5.1 (memory-integrated, delivered-correct delegation)",I-Bench,I,I0,HG0,U0,state_absence_detection,longitudinal_individual,T0,A,I0 — State Absence Detection (A),Expose absence of durable state. Variant A is a clean longitudinal condition.,Multi-session harness with real process/context discontinuity where persistence is claimed; do not replay full transcript as a substitute for memory.,state/evidence artifact plus task outcome; exact provenance record when applicable,Externally verified I0 behavior with all lower I-level retention; long context alone cannot substitute for persistent memory.,"Hidden later queries, withheld updates, sealed replay or external promotion oracle according to level.",independent_reference_or_deterministic,H1,CID1,0.85,12,no,all lower I levels,specification-only,False,required for formal certification,HIL-R2,False,False,False,False,False,task correctness; memory integrity; transfer/change evidence; retention,retrieval precision/recall; contradiction; provenance; regression; cost,hidden/sealed assets; candidate cannot write verifier/acceptance criteria,certification-spec,
I-I0-STATE_ABSENC-B,1.0,"Unified Intelligence / HIL Framework v1.5.1 (memory-integrated, delivered-correct delegation)",I-Bench,I,I0,HG0,U0,state_absence_detection,longitudinal_individual,T0,B,I0 — State Absence Detection (B),Expose absence of durable state. Variant B adds conflicting/stale/distractor evidence or distribution shift.,Multi-session harness with real process/context discontinuity where persistence is claimed; do not replay full transcript as a substitute for memory.,state/evidence artifact plus task outcome; exact provenance record when applicable,Externally verified I0 behavior with all lower I-level retention; long context alone cannot substitute for persistent memory.,"Hidden later queries, withheld updates, sealed replay or external promotion oracle according to level.",independent_reference_or_deterministic,H1,CID1,0.85,12,no,all lower I levels,specification-only,False,required for formal certification,HIL-R2,False,False,False,False,False,task correctness; memory integrity; transfer/change evidence; retention,retrieval precision/recall; contradiction; provenance; regression; cost,hidden/sealed assets; candidate cannot write verifier/acceptance criteria,certification-spec,
I-I0-CONTEXT_DISC-A,1.0,"Unified Intelligence / HIL Framework v1.5.1 (memory-integrated, delivered-correct delegation)",I-Bench,I,I0,HG0,U0,context_discontinuity_control,longitudinal_individual,T0,A,I0 — Context Discontinuity Control (A),Measure degradation when context is cut. Variant A is a clean longitudinal condition.,Multi-session harness with real process/context discontinuity where persistence is claimed; do not replay full transcript as a substitute for memory.,state/evidence artifact plus task outcome; exact provenance record when applicable,Externally verified I0 behavior with all lower I-level retention; long context alone cannot substitute for persistent memory.,"Hidden later queries, withheld updates, sealed replay or external promotion oracle according to level.",independent_reference_or_deterministic,H1,CID1,0.85,12,no,all lower I levels,specification-only,False,required for formal certification,HIL-R2,False,False,False,False,False,task correctness; memory integrity; transfer/change evidence; retention,retrieval precision/recall; contradiction; provenance; regression; cost,hidden/sealed assets; candidate cannot write verifier/acceptance criteria,certification-spec,
I-I0-CONTEXT_DISC-B,1.0,"Unified Intelligence / HIL Framework v1.5.1 (memory-integrated, delivered-correct delegation)",I-Bench,I,I0,HG0,U0,context_discontinuity_control,longitudinal_individual,T0,B,I0 — Context Discontinuity Control (B),Measure degradation when context is cut. Variant B adds conflicting/stale/distractor evidence or distribution shift.,Multi-session harness with real process/context discontinuity where persistence is claimed; do not replay full transcript as a substitute for memory.,state/evidence artifact plus task outcome; exact provenance record when applicable,Externally verified I0 behavior with all lower I-level retention; long context alone cannot substitute for persistent memory.,"Hidden later queries, withheld updates, sealed replay or external promotion oracle according to level.",independent_reference_or_deterministic,H1,CID1,0.85,12,no,all lower I levels,specification-only,False,required for formal certification,HIL-R2,False,False,False,False,False,task correctness; memory integrity; transfer/change evidence; retention,retrieval precision/recall; contradiction; provenance; regression; cost,hidden/sealed assets; candidate cannot write verifier/acceptance criteria,certification-spec,
I-I1-RESTART_CONT-A,1.0,"Unified Intelligence / HIL Framework v1.5.1 (memory-integrated, delivered-correct delegation)",I-Bench,I,I1,HG1,U1,restart_continuity,longitudinal_individual,T2,A,I1 — Restart Continuity (A),Recover task/identity state after genuine process restart. Variant A is a clean longitudinal condition.,Multi-session harness with real process/context discontinuity where persistence is claimed; do not replay full transcript as a substitute for memory.,state/evidence artifact plus task outcome; exact provenance record when applicable,Externally verified I1 behavior with all lower I-level retention; long context alone cannot substitute for persistent memory.,"Hidden later queries, withheld updates, sealed replay or external promotion oracle according to level.",independent_reference_or_deterministic,H1,CID1,0.85,12,yes,all lower I levels,bound,False,required for formal certification,HIL-R2,True,False,False,False,False,task correctness; memory integrity; transfer/change evidence; retention,retrieval precision/recall; contradiction; provenance; regression; cost,hidden/sealed assets; candidate cannot write verifier/acceptance criteria,development-bound,
I-I1-RESTART_CONT-B,1.0,"Unified Intelligence / HIL Framework v1.5.1 (memory-integrated, delivered-correct delegation)",I-Bench,I,I1,HG1,U1,restart_continuity,longitudinal_individual,T2,B,I1 — Restart Continuity (B),Recover task/identity state after genuine process restart. Variant B adds conflicting/stale/distractor evidence or distribution shift.,Multi-session harness with real process/context discontinuity where persistence is claimed; do not replay full transcript as a substitute for memory.,state/evidence artifact plus task outcome; exact provenance record when applicable,Externally verified I1 behavior with all lower I-level retention; long context alone cannot substitute for persistent memory.,"Hidden later queries, withheld updates, sealed replay or external promotion oracle according to level.",independent_reference_or_deterministic,H1,CID1,0.85,12,yes,all lower I levels,specification-only,False,required for formal certification,HIL-R2,True,False,False,False,False,task correctness; memory integrity; transfer/change evidence; retention,retrieval precision/recall; contradiction; provenance; regression; cost,hidden/sealed assets; candidate cannot write verifier/acceptance criteria,certification-spec,
I-I1-EPISODIC_REC-A,1.0,"Unified Intelligence / HIL Framework v1.5.1 (memory-integrated, delivered-correct delegation)",I-Bench,I,I1,HG1,U1,episodic_recall,longitudinal_individual,T2,A,I1 — Episodic Recall (A),Retrieve a relevant prior episode. Variant A is a clean longitudinal condition.,Multi-session harness with real process/context discontinuity where persistence is claimed; do not replay full transcript as a substitute for memory.,state/evidence artifact plus task outcome; exact provenance record when applicable,Externally verified I1 behavior with all lower I-level retention; long context alone cannot substitute for persistent memory.,"Hidden later queries, withheld updates, sealed replay or external promotion oracle according to level.",independent_reference_or_deterministic,H1,CID1,0.85,12,no,all lower I levels,specification-only,False,required for formal certification,HIL-R2,True,False,False,False,False,task correctness; memory integrity; transfer/change evidence; retention,retrieval precision/recall; contradiction; provenance; regression; cost,hidden/sealed assets; candidate cannot write verifier/acceptance criteria,certification-spec,
I-I1-EPISODIC_REC-B,1.0,"Unified Intelligence / HIL Framework v1.5.1 (memory-integrated, delivered-correct delegation)",I-Bench,I,I1,HG1,U1,episodic_recall,longitudinal_individual,T2,B,I1 — Episodic Recall (B),Retrieve a relevant prior episode. Variant B adds conflicting/stale/distractor evidence or distribution shift.,Multi-session harness with real process/context discontinuity where persistence is claimed; do not replay full transcript as a substitute for memory.,state/evidence artifact plus task outcome; exact provenance record when applicable,Externally verified I1 behavior with all lower I-level retention; long context alone cannot substitute for persistent memory.,"Hidden later queries, withheld updates, sealed replay or external promotion oracle according to level.",independent_reference_or_deterministic,H1,CID1,0.85,12,no,all lower I levels,specification-only,False,required for formal certification,HIL-R2,True,False,False,False,False,task correctness; memory integrity; transfer/change evidence; retention,retrieval precision/recall; contradiction; provenance; regression; cost,hidden/sealed assets; candidate cannot write verifier/acceptance criteria,certification-spec,
I-I1-TEMPORAL_ORD-A,1.0,"Unified Intelligence / HIL Framework v1.5.1 (memory-integrated, delivered-correct delegation)",I-Bench,I,I1,HG1,U1,temporal_order,longitudinal_individual,T2,A,I1 — Temporal Order (A),Preserve event ordering across sessions. Variant A is a clean longitudinal condition.,Multi-session harness with real process/context discontinuity where persistence is claimed; do not replay full transcript as a substitute for memory.,state/evidence artifact plus task outcome; exact provenance record when applicable,Externally verified I1 behavior with all lower I-level retention; long context alone cannot substitute for persistent memory.,"Hidden later queries, withheld updates, sealed replay or external promotion oracle according to level.",independent_reference_or_deterministic,H1,CID1,0.85,12,no,all lower I levels,bound,False,required for formal certification,HIL-R2,True,False,False,False,False,task correctness; memory integrity; transfer/change evidence; retention,retrieval precision/recall; contradiction; provenance; regression; cost,hidden/sealed assets; candidate cannot write verifier/acceptance criteria,development-bound,
I-I1-TEMPORAL_ORD-B,1.0,"Unified Intelligence / HIL Framework v1.5.1 (memory-integrated, delivered-correct delegation)",I-Bench,I,I1,HG1,U1,temporal_order,longitudinal_individual,T2,B,I1 — Temporal Order (B),Preserve event ordering across sessions. Variant B adds conflicting/stale/distractor evidence or distribution shift.,Multi-session harness with real process/context discontinuity where persistence is claimed; do not replay full transcript as a substitute for memory.,state/evidence artifact plus task outcome; exact provenance record when applicable,Externally verified I1 behavior with all lower I-level retention; long context alone cannot substitute for persistent memory.,"Hidden later queries, withheld updates, sealed replay or external promotion oracle according to level.",independent_reference_or_deterministic,H1,CID1,0.85,12,no,all lower I levels,specification-only,False,required for formal certification,HIL-R2,True,False,False,False,False,task correctness; memory integrity; transfer/change evidence; retention,retrieval precision/recall; contradiction; provenance; regression; cost,hidden/sealed assets; candidate cannot write verifier/acceptance criteria,certification-spec,
I-I1-CURRENT_VS_O-A,1.0,"Unified Intelligence / HIL Framework v1.5.1 (memory-integrated, delivered-correct delegation)",I-Bench,I,I1,HG1,U1,current_vs_obsolete,longitudinal_individual,T2,A,I1 — Current Vs Obsolete (A),Distinguish current from stale memory. Variant A is a clean longitudinal condition.,Multi-session harness with real process/context discontinuity where persistence is claimed; do not replay full transcript as a substitute for memory.,state/evidence artifact plus task outcome; exact provenance record when applicable,Externally verified I1 behavior with all lower I-level retention; long context alone cannot substitute for persistent memory.,"Hidden later queries, withheld updates, sealed replay or external promotion oracle according to level.",independent_reference_or_deterministic,H1,CID1,0.85,12,no,all lower I levels,specification-only,False,required for formal certification,HIL-R2,True,False,False,False,False,task correctness; memory integrity; transfer/change evidence; retention,retrieval precision/recall; contradiction; provenance; regression; cost,hidden/sealed assets; candidate cannot write verifier/acceptance criteria,certification-spec,
I-I1-CURRENT_VS_O-B,1.0,"Unified Intelligence / HIL Framework v1.5.1 (memory-integrated, delivered-correct delegation)",I-Bench,I,I1,HG1,U1,current_vs_obsolete,longitudinal_individual,T2,B,I1 — Current Vs Obsolete (B),Distinguish current from stale memory. Variant B adds conflicting/stale/distractor evidence or distribution shift.,Multi-session harness with real process/context discontinuity where persistence is claimed; do not replay full transcript as a substitute for memory.,state/evidence artifact plus task outcome; exact provenance record when applicable,Externally verified I1 behavior with all lower I-level retention; long context alone cannot substitute for persistent memory.,"Hidden later queries, withheld updates, sealed replay or external promotion oracle according to level.",independent_reference_or_deterministic,H1,CID1,0.85,12,no,all lower I levels,specification-only,False,required for formal certification,HIL-R2,True,False,False,False,False,task correctness; memory integrity; transfer/change evidence; retention,retrieval precision/recall; contradiction; provenance; regression; cost,hidden/sealed assets; candidate cannot write verifier/acceptance criteria,certification-spec,
I-I1-RELEVANT_RET-A,1.0,"Unified Intelligence / HIL Framework v1.5.1 (memory-integrated, delivered-correct delegation)",I-Bench,I,I1,HG1,U1,relevant_retrieval,longitudinal_individual,T2,A,I1 — Relevant Retrieval (A),Select relevant memory under heavy distractors. Variant A is a clean longitudinal condition.,Multi-session harness with real process/context discontinuity where persistence is claimed; do not replay full transcript as a substitute for memory.,state/evidence artifact plus task outcome; exact provenance record when applicable,Externally verified I1 behavior with all lower I-level retention; long context alone cannot substitute for persistent memory.,"Hidden later queries, withheld updates, sealed replay or external promotion oracle according to level.",independent_reference_or_deterministic,H1,CID1,0.85,12,no,all lower I levels,bound,False,required for formal certification,HIL-R2,True,False,False,False,False,task correctness; memory integrity; transfer/change evidence; retention,retrieval precision/recall; contradiction; provenance; regression; cost,hidden/sealed assets; candidate cannot write verifier/acceptance criteria,development-bound,
I-I1-RELEVANT_RET-B,1.0,"Unified Intelligence / HIL Framework v1.5.1 (memory-integrated, delivered-correct delegation)",I-Bench,I,I1,HG1,U1,relevant_retrieval,longitudinal_individual,T2,B,I1 — Relevant Retrieval (B),Select relevant memory under heavy distractors. Variant B adds conflicting/stale/distractor evidence or distribution shift.,Multi-session harness with real process/context discontinuity where persistence is claimed; do not replay full transcript as a substitute for memory.,state/evidence artifact plus task outcome; exact provenance record when applicable,Externally verified I1 behavior with all lower I-level retention; long context alone cannot substitute for persistent memory.,"Hidden later queries, withheld updates, sealed replay or external promotion oracle according to level.",independent_reference_or_deterministic,H1,CID1,0.85,12,no,all lower I levels,specification-only,False,required for formal certification,HIL-R2,True,False,False,False,False,task correctness; memory integrity; transfer/change evidence; retention,retrieval precision/recall; contradiction; provenance; regression; cost,hidden/sealed assets; candidate cannot write verifier/acceptance criteria,certification-spec,
I-I1-PROVENANCE-A,1.0,"Unified Intelligence / HIL Framework v1.5.1 (memory-integrated, delivered-correct delegation)",I-Bench,I,I1,HG1,U1,provenance,longitudinal_individual,T2,A,I1 — Provenance (A),Trace recalled claims to source evidence. Variant A is a clean longitudinal condition.,Multi-session harness with real process/context discontinuity where persistence is claimed; do not replay full transcript as a substitute for memory.,state/evidence artifact plus task outcome; exact provenance record when applicable,Externally verified I1 behavior with all lower I-level retention; long context alone cannot substitute for persistent memory.,"Hidden later queries, withheld updates, sealed replay or external promotion oracle according to level.",independent_reference_or_deterministic,H1,CID1,0.85,12,no,all lower I levels,bound,False,required for formal certification,HIL-R2,True,False,False,False,False,task correctness; memory integrity; transfer/change evidence; retention,retrieval precision/recall; contradiction; provenance; regression; cost,hidden/sealed assets; candidate cannot write verifier/acceptance criteria,development-bound,
I-I1-PROVENANCE-B,1.0,"Unified Intelligence / HIL Framework v1.5.1 (memory-integrated, delivered-correct delegation)",I-Bench,I,I1,HG1,U1,provenance,longitudinal_individual,T2,B,I1 — Provenance (B),Trace recalled claims to source evidence. Variant B adds conflicting/stale/distractor evidence or distribution shift.,Multi-session harness with real process/context discontinuity where persistence is claimed; do not replay full transcript as a substitute for memory.,state/evidence artifact plus task outcome; exact provenance record when applicable,Externally verified I1 behavior with all lower I-level retention; long context alone cannot substitute for persistent memory.,"Hidden later queries, withheld updates, sealed replay or external promotion oracle according to level.",independent_reference_or_deterministic,H1,CID1,0.85,12,no,all lower I levels,specification-only,False,required for formal certification,HIL-R2,True,False,False,False,False,task correctness; memory integrity; transfer/change evidence; retention,retrieval precision/recall; contradiction; provenance; regression; cost,hidden/sealed assets; candidate cannot write verifier/acceptance criteria,certification-spec,
I-I1-CONTRADICTIO-A,1.0,"Unified Intelligence / HIL Framework v1.5.1 (memory-integrated, delivered-correct delegation)",I-Bench,I,I1,HG1,U1,contradiction_update,longitudinal_individual,T2,A,I1 — Contradiction Update (A),Update memory when newer evidence conflicts. Variant A is a clean longitudinal condition.,Multi-session harness with real process/context discontinuity where persistence is claimed; do not replay full transcript as a substitute for memory.,state/evidence artifact plus task outcome; exact provenance record when applicable,Externally verified I1 behavior with all lower I-level retention; long context alone cannot substitute for persistent memory.,"Hidden later queries, withheld updates, sealed replay or external promotion oracle according to level.",independent_reference_or_deterministic,H1,CID1,0.85,12,no,all lower I levels,specification-only,False,required for formal certification,HIL-R2,True,False,False,False,False,task correctness; memory integrity; transfer/change evidence; retention,retrieval precision/recall; contradiction; provenance; regression; cost,hidden/sealed assets; candidate cannot write verifier/acceptance criteria,certification-spec,
I-I1-CONTRADICTIO-B,1.0,"Unified Intelligence / HIL Framework v1.5.1 (memory-integrated, delivered-correct delegation)",I-Bench,I,I1,HG1,U1,contradiction_update,longitudinal_individual,T2,B,I1 — Contradiction Update (B),Update memory when newer evidence conflicts. Variant B adds conflicting/stale/distractor evidence or distribution shift.,Multi-session harness with real process/context discontinuity where persistence is claimed; do not replay full transcript as a substitute for memory.,state/evidence artifact plus task outcome; exact provenance record when applicable,Externally verified I1 behavior with all lower I-level retention; long context alone cannot substitute for persistent memory.,"Hidden later queries, withheld updates, sealed replay or external promotion oracle according to level.",independent_reference_or_deterministic,H1,CID1,0.85,12,no,all lower I levels,specification-only,False,required for formal certification,HIL-R2,True,False,False,False,False,task correctness; memory integrity; transfer/change evidence; retention,retrieval precision/recall; contradiction; provenance; regression; cost,hidden/sealed assets; candidate cannot write verifier/acceptance criteria,certification-spec,
I-I2-SEMANTIC_CON-A,1.0,"Unified Intelligence / HIL Framework v1.5.1 (memory-integrated, delivered-correct delegation)",I-Bench,I,I2,HG2,U2,semantic_consolidation,longitudinal_individual,T2,A,I2 — Semantic Consolidation (A),Convert repeated validated episodes into a durable lesson. Variant A is a clean longitudinal condition.,Multi-session harness with real process/context discontinuity where persistence is claimed; do not replay full transcript as a substitute for memory.,state/evidence artifact plus task outcome; exact provenance record when applicable,Externally verified I2 behavior with all lower I-level retention; long context alone cannot substitute for persistent memory.,"Hidden later queries, withheld updates, sealed replay or external promotion oracle according to level.",independent_reference_or_deterministic,H1,CID1,0.85,12,no,all lower I levels,specification-only,False,required for formal certification,HIL-R2,True,False,True,False,False,task correctness; memory integrity; transfer/change evidence; retention,retrieval precision/recall; contradiction; provenance; regression; cost,hidden/sealed assets; candidate cannot write verifier/acceptance criteria,certification-spec,
I-I2-SEMANTIC_CON-B,1.0,"Unified Intelligence / HIL Framework v1.5.1 (memory-integrated, delivered-correct delegation)",I-Bench,I,I2,HG2,U2,semantic_consolidation,longitudinal_individual,T2,B,I2 — Semantic Consolidation (B),Convert repeated validated episodes into a durable lesson. Variant B adds conflicting/stale/distractor evidence or distribution shift.,Multi-session harness with real process/context discontinuity where persistence is claimed; do not replay full transcript as a substitute for memory.,state/evidence artifact plus task outcome; exact provenance record when applicable,Externally verified I2 behavior with all lower I-level retention; long context alone cannot substitute for persistent memory.,"Hidden later queries, withheld updates, sealed replay or external promotion oracle according to level.",independent_reference_or_deterministic,H1,CID1,0.85,12,no,all lower I levels,specification-only,False,required for formal certification,HIL-R2,True,False,True,False,False,task correctness; memory integrity; transfer/change evidence; retention,retrieval precision/recall; contradiction; provenance; regression; cost,hidden/sealed assets; candidate cannot write verifier/acceptance criteria,certification-spec,
I-I2-PROCEDURALIZ-A,1.0,"Unified Intelligence / HIL Framework v1.5.1 (memory-integrated, delivered-correct delegation)",I-Bench,I,I2,HG2,U2,proceduralization,longitudinal_individual,T2,A,I2 — Proceduralization (A),Convert successful workflow into verified reusable procedure. Variant A is a clean longitudinal condition.,Multi-session harness with real process/context discontinuity where persistence is claimed; do not replay full transcript as a substitute for memory.,state/evidence artifact plus task outcome; exact provenance record when applicable,Externally verified I2 behavior with all lower I-level retention; long context alone cannot substitute for persistent memory.,"Hidden later queries, withheld updates, sealed replay or external promotion oracle according to level.",independent_reference_or_deterministic,H1,CID1,0.85,12,no,all lower I levels,specification-only,False,required for formal certification,HIL-R2,True,False,True,False,False,task correctness; memory integrity; transfer/change evidence; retention,retrieval precision/recall; contradiction; provenance; regression; cost,hidden/sealed assets; candidate cannot write verifier/acceptance criteria,certification-spec,
I-I2-PROCEDURALIZ-B,1.0,"Unified Intelligence / HIL Framework v1.5.1 (memory-integrated, delivered-correct delegation)",I-Bench,I,I2,HG2,U2,proceduralization,longitudinal_individual,T2,B,I2 — Proceduralization (B),Convert successful workflow into verified reusable procedure. Variant B adds conflicting/stale/distractor evidence or distribution shift.,Multi-session harness with real process/context discontinuity where persistence is claimed; do not replay full transcript as a substitute for memory.,state/evidence artifact plus task outcome; exact provenance record when applicable,Externally verified I2 behavior with all lower I-level retention; long context alone cannot substitute for persistent memory.,"Hidden later queries, withheld updates, sealed replay or external promotion oracle according to level.",independent_reference_or_deterministic,H1,CID1,0.85,12,no,all lower I levels,specification-only,False,required for formal certification,HIL-R2,True,False,True,False,False,task correctness; memory integrity; transfer/change evidence; retention,retrieval precision/recall; contradiction; provenance; regression; cost,hidden/sealed assets; candidate cannot write verifier/acceptance criteria,certification-spec,
I-I2-TRANSFER-A,1.0,"Unified Intelligence / HIL Framework v1.5.1 (memory-integrated, delivered-correct delegation)",I-Bench,I,I2,HG2,U2,transfer,longitudinal_individual,T2,A,I2 — Transfer (A),Use learned knowledge on held-out related tasks. Variant A is a clean longitudinal condition.,Multi-session harness with real process/context discontinuity where persistence is claimed; do not replay full transcript as a substitute for memory.,state/evidence artifact plus task outcome; exact provenance record when applicable,Externally verified I2 behavior with all lower I-level retention; long context alone cannot substitute for persistent memory.,"Hidden later queries, withheld updates, sealed replay or external promotion oracle according to level.",independent_reference_or_deterministic,H1,CID1,0.85,12,no,all lower I levels,specification-only,False,required for formal certification,HIL-R2,True,False,True,False,False,task correctness; memory integrity; transfer/change evidence; retention,retrieval precision/recall; contradiction; provenance; regression; cost,hidden/sealed assets; candidate cannot write verifier/acceptance criteria,certification-spec,
I-I2-TRANSFER-B,1.0,"Unified Intelligence / HIL Framework v1.5.1 (memory-integrated, delivered-correct delegation)",I-Bench,I,I2,HG2,U2,transfer,longitudinal_individual,T2,B,I2 — Transfer (B),Use learned knowledge on held-out related tasks. Variant B adds conflicting/stale/distractor evidence or distribution shift.,Multi-session harness with real process/context discontinuity where persistence is claimed; do not replay full transcript as a substitute for memory.,state/evidence artifact plus task outcome; exact provenance record when applicable,Externally verified I2 behavior with all lower I-level retention; long context alone cannot substitute for persistent memory.,"Hidden later queries, withheld updates, sealed replay or external promotion oracle according to level.",independent_reference_or_deterministic,H1,CID1,0.85,12,no,all lower I levels,specification-only,False,required for formal certification,HIL-R2,True,False,True,False,False,task correctness; memory integrity; transfer/change evidence; retention,retrieval precision/recall; contradiction; provenance; regression; cost,hidden/sealed assets; candidate cannot write verifier/acceptance criteria,certification-spec,
I-I2-REPEAT_ERROR-A,1.0,"Unified Intelligence / HIL Framework v1.5.1 (memory-integrated, delivered-correct delegation)",I-Bench,I,I2,HG2,U2,repeat_error_reduction,longitudinal_individual,T2,A,I2 — Repeat Error Reduction (A),Reduce recurrence of known failure. Variant A is a clean longitudinal condition.,Multi-session harness with real process/context discontinuity where persistence is claimed; do not replay full transcript as a substitute for memory.,state/evidence artifact plus task outcome; exact provenance record when applicable,Externally verified I2 behavior with all lower I-level retention; long context alone cannot substitute for persistent memory.,"Hidden later queries, withheld updates, sealed replay or external promotion oracle according to level.",independent_reference_or_deterministic,H1,CID1,0.85,12,yes,all lower I levels,specification-only,False,required for formal certification,HIL-R2,True,False,True,False,False,task correctness; memory integrity; transfer/change evidence; retention,retrieval precision/recall; contradiction; provenance; regression; cost,hidden/sealed assets; candidate cannot write verifier/acceptance criteria,certification-spec,
I-I2-REPEAT_ERROR-B,1.0,"Unified Intelligence / HIL Framework v1.5.1 (memory-integrated, delivered-correct delegation)",I-Bench,I,I2,HG2,U2,repeat_error_reduction,longitudinal_individual,T2,B,I2 — Repeat Error Reduction (B),Reduce recurrence of known failure. Variant B adds conflicting/stale/distractor evidence or distribution shift.,Multi-session harness with real process/context discontinuity where persistence is claimed; do not replay full transcript as a substitute for memory.,state/evidence artifact plus task outcome; exact provenance record when applicable,Externally verified I2 behavior with all lower I-level retention; long context alone cannot substitute for persistent memory.,"Hidden later queries, withheld updates, sealed replay or external promotion oracle according to level.",independent_reference_or_deterministic,H1,CID1,0.85,12,yes,all lower I levels,specification-only,False,required for formal certification,HIL-R2,True,False,True,False,False,task correctness; memory integrity; transfer/change evidence; retention,retrieval precision/recall; contradiction; provenance; regression; cost,hidden/sealed assets; candidate cannot write verifier/acceptance criteria,certification-spec,
I-I2-FORGETTING_D-A,1.0,"Unified Intelligence / HIL Framework v1.5.1 (memory-integrated, delivered-correct delegation)",I-Bench,I,I2,HG2,U2,forgetting_demotion,longitudinal_individual,T2,A,I2 — Forgetting Demotion (A),Demote/forget stale or low-value memories safely. Variant A is a clean longitudinal condition.,Multi-session harness with real process/context discontinuity where persistence is claimed; do not replay full transcript as a substitute for memory.,state/evidence artifact plus task outcome; exact provenance record when applicable,Externally verified I2 behavior with all lower I-level retention; long context alone cannot substitute for persistent memory.,"Hidden later queries, withheld updates, sealed replay or external promotion oracle according to level.",independent_reference_or_deterministic,H1,CID1,0.85,12,no,all lower I levels,specification-only,False,required for formal certification,HIL-R2,True,False,True,False,False,task correctness; memory integrity; transfer/change evidence; retention,retrieval precision/recall; contradiction; provenance; regression; cost,hidden/sealed assets; candidate cannot write verifier/acceptance criteria,certification-spec,
I-I2-FORGETTING_D-B,1.0,"Unified Intelligence / HIL Framework v1.5.1 (memory-integrated, delivered-correct delegation)",I-Bench,I,I2,HG2,U2,forgetting_demotion,longitudinal_individual,T2,B,I2 — Forgetting Demotion (B),Demote/forget stale or low-value memories safely. Variant B adds conflicting/stale/distractor evidence or distribution shift.,Multi-session harness with real process/context discontinuity where persistence is claimed; do not replay full transcript as a substitute for memory.,state/evidence artifact plus task outcome; exact provenance record when applicable,Externally verified I2 behavior with all lower I-level retention; long context alone cannot substitute for persistent memory.,"Hidden later queries, withheld updates, sealed replay or external promotion oracle according to level.",independent_reference_or_deterministic,H1,CID1,0.85,12,no,all lower I levels,specification-only,False,required for formal certification,HIL-R2,True,False,True,False,False,task correctness; memory integrity; transfer/change evidence; retention,retrieval precision/recall; contradiction; provenance; regression; cost,hidden/sealed assets; candidate cannot write verifier/acceptance criteria,certification-spec,
I-I2-CROSS_SESSIO-A,1.0,"Unified Intelligence / HIL Framework v1.5.1 (memory-integrated, delivered-correct delegation)",I-Bench,I,I2,HG2,U2,cross_session_learning,longitudinal_individual,T2,A,I2 — Cross Session Learning (A),Stored experience changes later behavior under fixed learning mechanism. Variant A is a clean longitudinal condition.,Multi-session harness with real process/context discontinuity where persistence is claimed; do not replay full transcript as a substitute for memory.,state/evidence artifact plus task outcome; exact provenance record when applicable,Externally verified I2 behavior with all lower I-level retention; long context alone cannot substitute for persistent memory.,"Hidden later queries, withheld updates, sealed replay or external promotion oracle according to level.",independent_reference_or_deterministic,H1,CID1,0.85,12,no,all lower I levels,specification-only,False,required for formal certification,HIL-R2,True,False,True,False,False,task correctness; memory integrity; transfer/change evidence; retention,retrieval precision/recall; contradiction; provenance; regression; cost,hidden/sealed assets; candidate cannot write verifier/acceptance criteria,certification-spec,
I-I2-CROSS_SESSIO-B,1.0,"Unified Intelligence / HIL Framework v1.5.1 (memory-integrated, delivered-correct delegation)",I-Bench,I,I2,HG2,U2,cross_session_learning,longitudinal_individual,T2,B,I2 — Cross Session Learning (B),Stored experience changes later behavior under fixed learning mechanism. Variant B adds conflicting/stale/distractor evidence or distribution shift.,Multi-session harness with real process/context discontinuity where persistence is claimed; do not replay full transcript as a substitute for memory.,state/evidence artifact plus task outcome; exact provenance record when applicable,Externally verified I2 behavior with all lower I-level retention; long context alone cannot substitute for persistent memory.,"Hidden later queries, withheld updates, sealed replay or external promotion oracle according to level.",independent_reference_or_deterministic,H1,CID1,0.85,12,no,all lower I levels,specification-only,False,required for formal certification,HIL-R2,True,False,True,False,False,task correctness; memory integrity; transfer/change evidence; retention,retrieval precision/recall; contradiction; provenance; regression; cost,hidden/sealed assets; candidate cannot write verifier/acceptance criteria,certification-spec,
I-I2-UPDATE_GENER-A,1.0,"Unified Intelligence / HIL Framework v1.5.1 (memory-integrated, delivered-correct delegation)",I-Bench,I,I2,HG2,U2,update_generalization,longitudinal_individual,T2,A,I2 — Update Generalization (A),Integrate corrected information without overgeneralizing. Variant A is a clean longitudinal condition.,Multi-session harness with real process/context discontinuity where persistence is claimed; do not replay full transcript as a substitute for memory.,state/evidence artifact plus task outcome; exact provenance record when applicable,Externally verified I2 behavior with all lower I-level retention; long context alone cannot substitute for persistent memory.,"Hidden later queries, withheld updates, sealed replay or external promotion oracle according to level.",independent_reference_or_deterministic,H1,CID1,0.85,12,no,all lower I levels,specification-only,False,required for formal certification,HIL-R2,True,False,True,False,False,task correctness; memory integrity; transfer/change evidence; retention,retrieval precision/recall; contradiction; provenance; regression; cost,hidden/sealed assets; candidate cannot write verifier/acceptance criteria,certification-spec,
I-I2-UPDATE_GENER-B,1.0,"Unified Intelligence / HIL Framework v1.5.1 (memory-integrated, delivered-correct delegation)",I-Bench,I,I2,HG2,U2,update_generalization,longitudinal_individual,T2,B,I2 — Update Generalization (B),Integrate corrected information without overgeneralizing. Variant B adds conflicting/stale/distractor evidence or distribution shift.,Multi-session harness with real process/context discontinuity where persistence is claimed; do not replay full transcript as a substitute for memory.,state/evidence artifact plus task outcome; exact provenance record when applicable,Externally verified I2 behavior with all lower I-level retention; long context alone cannot substitute for persistent memory.,"Hidden later queries, withheld updates, sealed replay or external promotion oracle according to level.",independent_reference_or_deterministic,H1,CID1,0.85,12,no,all lower I levels,specification-only,False,required for formal certification,HIL-R2,True,False,True,False,False,task correctness; memory integrity; transfer/change evidence; retention,retrieval precision/recall; contradiction; provenance; regression; cost,hidden/sealed assets; candidate cannot write verifier/acceptance criteria,certification-spec,
I-I3-CAUSAL_FAILU-A,1.0,"Unified Intelligence / HIL Framework v1.5.1 (memory-integrated, delivered-correct delegation)",I-Bench,I,I3,HG3,U3,causal_failure_diagnosis,longitudinal_individual,T3,A,I3 — Causal Failure Diagnosis (A),Diagnose persistent failure and implicated cognitive mechanism. Variant A is a clean longitudinal condition.,Multi-session harness with real process/context discontinuity where persistence is claimed; do not replay full transcript as a substitute for memory.,state/evidence artifact plus task outcome; exact provenance record when applicable,Externally verified I3 behavior with all lower I-level retention; long context alone cannot substitute for persistent memory.,"Hidden later queries, withheld updates, sealed replay or external promotion oracle according to level.",independent_reference_or_deterministic,H1,CID1,0.75,8,no,all lower I levels,specification-only,False,required for formal certification,HIL-R2,True,False,True,True,False,task correctness; memory integrity; transfer/change evidence; retention,retrieval precision/recall; contradiction; provenance; regression; cost,hidden/sealed assets; candidate cannot write verifier/acceptance criteria,certification-spec,
I-I3-CAUSAL_FAILU-B,1.0,"Unified Intelligence / HIL Framework v1.5.1 (memory-integrated, delivered-correct delegation)",I-Bench,I,I3,HG3,U3,causal_failure_diagnosis,longitudinal_individual,T3,B,I3 — Causal Failure Diagnosis (B),Diagnose persistent failure and implicated cognitive mechanism. Variant B adds conflicting/stale/distractor evidence or distribution shift.,Multi-session harness with real process/context discontinuity where persistence is claimed; do not replay full transcript as a substitute for memory.,state/evidence artifact plus task outcome; exact provenance record when applicable,Externally verified I3 behavior with all lower I-level retention; long context alone cannot substitute for persistent memory.,"Hidden later queries, withheld updates, sealed replay or external promotion oracle according to level.",independent_reference_or_deterministic,H1,CID1,0.75,8,no,all lower I levels,specification-only,False,required for formal certification,HIL-R2,True,False,True,True,False,task correctness; memory integrity; transfer/change evidence; retention,retrieval precision/recall; contradiction; provenance; regression; cost,hidden/sealed assets; candidate cannot write verifier/acceptance criteria,certification-spec,
I-I3-CANDIDATE_ME-A,1.0,"Unified Intelligence / HIL Framework v1.5.1 (memory-integrated, delivered-correct delegation)",I-Bench,I,I3,HG3,U3,candidate_mechanism_change,longitudinal_individual,T3,A,I3 — Candidate Mechanism Change (A),Propose bounded change to memory/context/planning/tool policy. Variant A is a clean longitudinal condition.,Multi-session harness with real process/context discontinuity where persistence is claimed; do not replay full transcript as a substitute for memory.,state/evidence artifact plus task outcome; exact provenance record when applicable,Externally verified I3 behavior with all lower I-level retention; long context alone cannot substitute for persistent memory.,"Hidden later queries, withheld updates, sealed replay or external promotion oracle according to level.",independent_reference_or_deterministic,H1,CID1,0.75,8,yes,all lower I levels,specification-only,False,required for formal certification,HIL-R2,True,False,True,True,False,task correctness; memory integrity; transfer/change evidence; retention,retrieval precision/recall; contradiction; provenance; regression; cost,hidden/sealed assets; candidate cannot write verifier/acceptance criteria,certification-spec,
I-I3-CANDIDATE_ME-B,1.0,"Unified Intelligence / HIL Framework v1.5.1 (memory-integrated, delivered-correct delegation)",I-Bench,I,I3,HG3,U3,candidate_mechanism_change,longitudinal_individual,T3,B,I3 — Candidate Mechanism Change (B),Propose bounded change to memory/context/planning/tool policy. Variant B adds conflicting/stale/distractor evidence or distribution shift.,Multi-session harness with real process/context discontinuity where persistence is claimed; do not replay full transcript as a substitute for memory.,state/evidence artifact plus task outcome; exact provenance record when applicable,Externally verified I3 behavior with all lower I-level retention; long context alone cannot substitute for persistent memory.,"Hidden later queries, withheld updates, sealed replay or external promotion oracle according to level.",independent_reference_or_deterministic,H1,CID1,0.75,8,yes,all lower I levels,specification-only,False,required for formal certification,HIL-R2,True,False,True,True,False,task correctness; memory integrity; transfer/change evidence; retention,retrieval precision/recall; contradiction; provenance; regression; cost,hidden/sealed assets; candidate cannot write verifier/acceptance criteria,certification-spec,
I-I3-HIDDEN_REPLA-A,1.0,"Unified Intelligence / HIL Framework v1.5.1 (memory-integrated, delivered-correct delegation)",I-Bench,I,I3,HG3,U3,hidden_replay,longitudinal_individual,T3,A,I3 — Hidden Replay (A),Evaluate candidate on frozen hidden replay. Variant A is a clean longitudinal condition.,Multi-session harness with real process/context discontinuity where persistence is claimed; do not replay full transcript as a substitute for memory.,state/evidence artifact plus task outcome; exact provenance record when applicable,Externally verified I3 behavior with all lower I-level retention; long context alone cannot substitute for persistent memory.,"Hidden later queries, withheld updates, sealed replay or external promotion oracle according to level.",independent_reference_or_deterministic,H1,CID1,0.75,8,no,all lower I levels,specification-only,False,required for formal certification,HIL-R2,True,False,True,True,False,task correctness; memory integrity; transfer/change evidence; retention,retrieval precision/recall; contradiction; provenance; regression; cost,hidden/sealed assets; candidate cannot write verifier/acceptance criteria,certification-spec,
I-I3-HIDDEN_REPLA-B,1.0,"Unified Intelligence / HIL Framework v1.5.1 (memory-integrated, delivered-correct delegation)",I-Bench,I,I3,HG3,U3,hidden_replay,longitudinal_individual,T3,B,I3 — Hidden Replay (B),Evaluate candidate on frozen hidden replay. Variant B adds conflicting/stale/distractor evidence or distribution shift.,Multi-session harness with real process/context discontinuity where persistence is claimed; do not replay full transcript as a substitute for memory.,state/evidence artifact plus task outcome; exact provenance record when applicable,Externally verified I3 behavior with all lower I-level retention; long context alone cannot substitute for persistent memory.,"Hidden later queries, withheld updates, sealed replay or external promotion oracle according to level.",independent_reference_or_deterministic,H1,CID1,0.75,8,no,all lower I levels,specification-only,False,required for formal certification,HIL-R2,True,False,True,True,False,task correctness; memory integrity; transfer/change evidence; retention,retrieval precision/recall; contradiction; provenance; regression; cost,hidden/sealed assets; candidate cannot write verifier/acceptance criteria,certification-spec,
I-I3-VERSION_LINE-A,1.0,"Unified Intelligence / HIL Framework v1.5.1 (memory-integrated, delivered-correct delegation)",I-Bench,I,I3,HG3,U3,version_lineage,longitudinal_individual,T3,A,I3 — Version Lineage (A),Maintain before/after mechanism/evaluation lineage. Variant A is a clean longitudinal condition.,Multi-session harness with real process/context discontinuity where persistence is claimed; do not replay full transcript as a substitute for memory.,state/evidence artifact plus task outcome; exact provenance record when applicable,Externally verified I3 behavior with all lower I-level retention; long context alone cannot substitute for persistent memory.,"Hidden later queries, withheld updates, sealed replay or external promotion oracle according to level.",independent_reference_or_deterministic,H1,CID1,0.75,8,no,all lower I levels,specification-only,False,required for formal certification,HIL-R2,True,False,True,True,False,task correctness; memory integrity; transfer/change evidence; retention,retrieval precision/recall; contradiction; provenance; regression; cost,hidden/sealed assets; candidate cannot write verifier/acceptance criteria,certification-spec,
I-I3-VERSION_LINE-B,1.0,"Unified Intelligence / HIL Framework v1.5.1 (memory-integrated, delivered-correct delegation)",I-Bench,I,I3,HG3,U3,version_lineage,longitudinal_individual,T3,B,I3 — Version Lineage (B),Maintain before/after mechanism/evaluation lineage. Variant B adds conflicting/stale/distractor evidence or distribution shift.,Multi-session harness with real process/context discontinuity where persistence is claimed; do not replay full transcript as a substitute for memory.,state/evidence artifact plus task outcome; exact provenance record when applicable,Externally verified I3 behavior with all lower I-level retention; long context alone cannot substitute for persistent memory.,"Hidden later queries, withheld updates, sealed replay or external promotion oracle according to level.",independent_reference_or_deterministic,H1,CID1,0.75,8,no,all lower I levels,specification-only,False,required for formal certification,HIL-R2,True,False,True,True,False,task correctness; memory integrity; transfer/change evidence; retention,retrieval precision/recall; contradiction; provenance; regression; cost,hidden/sealed assets; candidate cannot write verifier/acceptance criteria,certification-spec,
I-I3-ROLLBACK-A,1.0,"Unified Intelligence / HIL Framework v1.5.1 (memory-integrated, delivered-correct delegation)",I-Bench,I,I3,HG3,U3,rollback,longitudinal_individual,T3,A,I3 — Rollback (A),Detect regression and restore validated prior mechanism. Variant A is a clean longitudinal condition.,Multi-session harness with real process/context discontinuity where persistence is claimed; do not replay full transcript as a substitute for memory.,state/evidence artifact plus task outcome; exact provenance record when applicable,Externally verified I3 behavior with all lower I-level retention; long context alone cannot substitute for persistent memory.,"Hidden later queries, withheld updates, sealed replay or external promotion oracle according to level.",independent_reference_or_deterministic,H1,CID1,0.75,8,no,all lower I levels,specification-only,False,required for formal certification,HIL-R2,True,False,True,True,False,task correctness; memory integrity; transfer/change evidence; retention,retrieval precision/recall; contradiction; provenance; regression; cost,hidden/sealed assets; candidate cannot write verifier/acceptance criteria,certification-spec,
I-I3-ROLLBACK-B,1.0,"Unified Intelligence / HIL Framework v1.5.1 (memory-integrated, delivered-correct delegation)",I-Bench,I,I3,HG3,U3,rollback,longitudinal_individual,T3,B,I3 — Rollback (B),Detect regression and restore validated prior mechanism. Variant B adds conflicting/stale/distractor evidence or distribution shift.,Multi-session harness with real process/context discontinuity where persistence is claimed; do not replay full transcript as a substitute for memory.,state/evidence artifact plus task outcome; exact provenance record when applicable,Externally verified I3 behavior with all lower I-level retention; long context alone cannot substitute for persistent memory.,"Hidden later queries, withheld updates, sealed replay or external promotion oracle according to level.",independent_reference_or_deterministic,H1,CID1,0.75,8,no,all lower I levels,specification-only,False,required for formal certification,HIL-R2,True,False,True,True,False,task correctness; memory integrity; transfer/change evidence; retention,retrieval precision/recall; contradiction; provenance; regression; cost,hidden/sealed assets; candidate cannot write verifier/acceptance criteria,certification-spec,
I-I3-PROTECTED_BE-A,1.0,"Unified Intelligence / HIL Framework v1.5.1 (memory-integrated, delivered-correct delegation)",I-Bench,I,I3,HG3,U3,protected_benchmark_separation,longitudinal_individual,T3,A,I3 — Protected Benchmark Separation (A),No write access to verifier/hidden tests/promotion. Variant A is a clean longitudinal condition.,Multi-session harness with real process/context discontinuity where persistence is claimed; do not replay full transcript as a substitute for memory.,state/evidence artifact plus task outcome; exact provenance record when applicable,Externally verified I3 behavior with all lower I-level retention; long context alone cannot substitute for persistent memory.,"Hidden later queries, withheld updates, sealed replay or external promotion oracle according to level.",independent_reference_or_deterministic,H1,CID1,0.75,8,no,all lower I levels,specification-only,False,required for formal certification,HIL-R2,True,False,True,True,False,task correctness; memory integrity; transfer/change evidence; retention,retrieval precision/recall; contradiction; provenance; regression; cost,hidden/sealed assets; candidate cannot write verifier/acceptance criteria,certification-spec,
I-I3-PROTECTED_BE-B,1.0,"Unified Intelligence / HIL Framework v1.5.1 (memory-integrated, delivered-correct delegation)",I-Bench,I,I3,HG3,U3,protected_benchmark_separation,longitudinal_individual,T3,B,I3 — Protected Benchmark Separation (B),No write access to verifier/hidden tests/promotion. Variant B adds conflicting/stale/distractor evidence or distribution shift.,Multi-session harness with real process/context discontinuity where persistence is claimed; do not replay full transcript as a substitute for memory.,state/evidence artifact plus task outcome; exact provenance record when applicable,Externally verified I3 behavior with all lower I-level retention; long context alone cannot substitute for persistent memory.,"Hidden later queries, withheld updates, sealed replay or external promotion oracle according to level.",independent_reference_or_deterministic,H1,CID1,0.75,8,no,all lower I levels,specification-only,False,required for formal certification,HIL-R2,True,False,True,True,False,task correctness; memory integrity; transfer/change evidence; retention,retrieval precision/recall; contradiction; provenance; regression; cost,hidden/sealed assets; candidate cannot write verifier/acceptance criteria,certification-spec,
I-I3-PROMOTION_DE-A,1.0,"Unified Intelligence / HIL Framework v1.5.1 (memory-integrated, delivered-correct delegation)",I-Bench,I,I3,HG3,U3,promotion_decision,longitudinal_individual,T3,A,I3 — Promotion Decision (A),Promote only when external criteria pass. Variant A is a clean longitudinal condition.,Multi-session harness with real process/context discontinuity where persistence is claimed; do not replay full transcript as a substitute for memory.,state/evidence artifact plus task outcome; exact provenance record when applicable,Externally verified I3 behavior with all lower I-level retention; long context alone cannot substitute for persistent memory.,"Hidden later queries, withheld updates, sealed replay or external promotion oracle according to level.",independent_reference_or_deterministic,H1,CID1,0.75,8,no,all lower I levels,specification-only,False,required for formal certification,HIL-R2,True,False,True,True,False,task correctness; memory integrity; transfer/change evidence; retention,retrieval precision/recall; contradiction; provenance; regression; cost,hidden/sealed assets; candidate cannot write verifier/acceptance criteria,certification-spec,
I-I3-PROMOTION_DE-B,1.0,"Unified Intelligence / HIL Framework v1.5.1 (memory-integrated, delivered-correct delegation)",I-Bench,I,I3,HG3,U3,promotion_decision,longitudinal_individual,T3,B,I3 — Promotion Decision (B),Promote only when external criteria pass. Variant B adds conflicting/stale/distractor evidence or distribution shift.,Multi-session harness with real process/context discontinuity where persistence is claimed; do not replay full transcript as a substitute for memory.,state/evidence artifact plus task outcome; exact provenance record when applicable,Externally verified I3 behavior with all lower I-level retention; long context alone cannot substitute for persistent memory.,"Hidden later queries, withheld updates, sealed replay or external promotion oracle according to level.",independent_reference_or_deterministic,H1,CID1,0.75,8,no,all lower I levels,specification-only,False,required for formal certification,HIL-R2,True,False,True,True,False,task correctness; memory integrity; transfer/change evidence; retention,retrieval precision/recall; contradiction; provenance; regression; cost,hidden/sealed assets; candidate cannot write verifier/acceptance criteria,certification-spec,
I-I4-META_IMPROVE-A,1.0,"Unified Intelligence / HIL Framework v1.5.1 (memory-integrated, delivered-correct delegation)",I-Bench,I,I4,HG4,U4,meta_improvement_strategy,longitudinal_individual,T4,A,I4 — Meta Improvement Strategy (A),Improve the process that searches for cognitive improvements. Variant A is a clean longitudinal condition.,Multi-session harness with real process/context discontinuity where persistence is claimed; do not replay full transcript as a substitute for memory.,state/evidence artifact plus task outcome; exact provenance record when applicable,Externally verified I4 behavior with all lower I-level retention; long context alone cannot substitute for persistent memory.,"Hidden later queries, withheld updates, sealed replay or external promotion oracle according to level.",independent_reference_or_deterministic,H1,CID1,0.75,8,yes,all lower I levels,specification-only,False,required for formal certification,HIL-R2,True,False,True,True,False,task correctness; memory integrity; transfer/change evidence; retention,retrieval precision/recall; contradiction; provenance; regression; cost,hidden/sealed assets; candidate cannot write verifier/acceptance criteria,certification-spec,
I-I4-META_IMPROVE-B,1.0,"Unified Intelligence / HIL Framework v1.5.1 (memory-integrated, delivered-correct delegation)",I-Bench,I,I4,HG4,U4,meta_improvement_strategy,longitudinal_individual,T4,B,I4 — Meta Improvement Strategy (B),Improve the process that searches for cognitive improvements. Variant B adds conflicting/stale/distractor evidence or distribution shift.,Multi-session harness with real process/context discontinuity where persistence is claimed; do not replay full transcript as a substitute for memory.,state/evidence artifact plus task outcome; exact provenance record when applicable,Externally verified I4 behavior with all lower I-level retention; long context alone cannot substitute for persistent memory.,"Hidden later queries, withheld updates, sealed replay or external promotion oracle according to level.",independent_reference_or_deterministic,H1,CID1,0.75,8,yes,all lower I levels,specification-only,False,required for formal certification,HIL-R2,True,False,True,True,False,task correctness; memory integrity; transfer/change evidence; retention,retrieval precision/recall; contradiction; provenance; regression; cost,hidden/sealed assets; candidate cannot write verifier/acceptance criteria,certification-spec,
I-I4-PROPOSAL_QUA-A,1.0,"Unified Intelligence / HIL Framework v1.5.1 (memory-integrated, delivered-correct delegation)",I-Bench,I,I4,HG4,U4,proposal_quality_over_generations,longitudinal_individual,T4,A,I4 — Proposal Quality Over Generations (A),Increase validated gain per proposal across generations. Variant A is a clean longitudinal condition.,Multi-session harness with real process/context discontinuity where persistence is claimed; do not replay full transcript as a substitute for memory.,state/evidence artifact plus task outcome; exact provenance record when applicable,Externally verified I4 behavior with all lower I-level retention; long context alone cannot substitute for persistent memory.,"Hidden later queries, withheld updates, sealed replay or external promotion oracle according to level.",independent_reference_or_deterministic,H1,CID1,0.75,8,no,all lower I levels,specification-only,False,required for formal certification,HIL-R2,True,False,True,True,False,task correctness; memory integrity; transfer/change evidence; retention,retrieval precision/recall; contradiction; provenance; regression; cost,hidden/sealed assets; candidate cannot write verifier/acceptance criteria,certification-spec,
I-I4-PROPOSAL_QUA-B,1.0,"Unified Intelligence / HIL Framework v1.5.1 (memory-integrated, delivered-correct delegation)",I-Bench,I,I4,HG4,U4,proposal_quality_over_generations,longitudinal_individual,T4,B,I4 — Proposal Quality Over Generations (B),Increase validated gain per proposal across generations. Variant B adds conflicting/stale/distractor evidence or distribution shift.,Multi-session harness with real process/context discontinuity where persistence is claimed; do not replay full transcript as a substitute for memory.,state/evidence artifact plus task outcome; exact provenance record when applicable,Externally verified I4 behavior with all lower I-level retention; long context alone cannot substitute for persistent memory.,"Hidden later queries, withheld updates, sealed replay or external promotion oracle according to level.",independent_reference_or_deterministic,H1,CID1,0.75,8,no,all lower I levels,specification-only,False,required for formal certification,HIL-R2,True,False,True,True,False,task correctness; memory integrity; transfer/change evidence; retention,retrieval precision/recall; contradiction; provenance; regression; cost,hidden/sealed assets; candidate cannot write verifier/acceptance criteria,certification-spec,
I-I4-IMPROVEMENT_-A,1.0,"Unified Intelligence / HIL Framework v1.5.1 (memory-integrated, delivered-correct delegation)",I-Bench,I,I4,HG4,U4,improvement_cost_efficiency,longitudinal_individual,T4,A,I4 — Improvement Cost Efficiency (A),Improve gain per evaluation/compute budget. Variant A is a clean longitudinal condition.,Multi-session harness with real process/context discontinuity where persistence is claimed; do not replay full transcript as a substitute for memory.,state/evidence artifact plus task outcome; exact provenance record when applicable,Externally verified I4 behavior with all lower I-level retention; long context alone cannot substitute for persistent memory.,"Hidden later queries, withheld updates, sealed replay or external promotion oracle according to level.",independent_reference_or_deterministic,H1,CID1,0.75,8,no,all lower I levels,specification-only,False,required for formal certification,HIL-R2,True,False,True,True,False,task correctness; memory integrity; transfer/change evidence; retention,retrieval precision/recall; contradiction; provenance; regression; cost,hidden/sealed assets; candidate cannot write verifier/acceptance criteria,certification-spec,
I-I4-IMPROVEMENT_-B,1.0,"Unified Intelligence / HIL Framework v1.5.1 (memory-integrated, delivered-correct delegation)",I-Bench,I,I4,HG4,U4,improvement_cost_efficiency,longitudinal_individual,T4,B,I4 — Improvement Cost Efficiency (B),Improve gain per evaluation/compute budget. Variant B adds conflicting/stale/distractor evidence or distribution shift.,Multi-session harness with real process/context discontinuity where persistence is claimed; do not replay full transcript as a substitute for memory.,state/evidence artifact plus task outcome; exact provenance record when applicable,Externally verified I4 behavior with all lower I-level retention; long context alone cannot substitute for persistent memory.,"Hidden later queries, withheld updates, sealed replay or external promotion oracle according to level.",independent_reference_or_deterministic,H1,CID1,0.75,8,no,all lower I levels,specification-only,False,required for formal certification,HIL-R2,True,False,True,True,False,task correctness; memory integrity; transfer/change evidence; retention,retrieval precision/recall; contradiction; provenance; regression; cost,hidden/sealed assets; candidate cannot write verifier/acceptance criteria,certification-spec,
I-I4-EVALUATION_S-A,1.0,"Unified Intelligence / HIL Framework v1.5.1 (memory-integrated, delivered-correct delegation)",I-Bench,I,I4,HG4,U4,evaluation_strategy_improvement,longitudinal_individual,T4,A,I4 — Evaluation Strategy Improvement (A),Improve candidate testing without controlling final promotion. Variant A is a clean longitudinal condition.,Multi-session harness with real process/context discontinuity where persistence is claimed; do not replay full transcript as a substitute for memory.,state/evidence artifact plus task outcome; exact provenance record when applicable,Externally verified I4 behavior with all lower I-level retention; long context alone cannot substitute for persistent memory.,"Hidden later queries, withheld updates, sealed replay or external promotion oracle according to level.",independent_reference_or_deterministic,H1,CID1,0.75,8,no,all lower I levels,specification-only,False,required for formal certification,HIL-R2,True,False,True,True,False,task correctness; memory integrity; transfer/change evidence; retention,retrieval precision/recall; contradiction; provenance; regression; cost,hidden/sealed assets; candidate cannot write verifier/acceptance criteria,certification-spec,
I-I4-EVALUATION_S-B,1.0,"Unified Intelligence / HIL Framework v1.5.1 (memory-integrated, delivered-correct delegation)",I-Bench,I,I4,HG4,U4,evaluation_strategy_improvement,longitudinal_individual,T4,B,I4 — Evaluation Strategy Improvement (B),Improve candidate testing without controlling final promotion. Variant B adds conflicting/stale/distractor evidence or distribution shift.,Multi-session harness with real process/context discontinuity where persistence is claimed; do not replay full transcript as a substitute for memory.,state/evidence artifact plus task outcome; exact provenance record when applicable,Externally verified I4 behavior with all lower I-level retention; long context alone cannot substitute for persistent memory.,"Hidden later queries, withheld updates, sealed replay or external promotion oracle according to level.",independent_reference_or_deterministic,H1,CID1,0.75,8,no,all lower I levels,specification-only,False,required for formal certification,HIL-R2,True,False,True,True,False,task correctness; memory integrity; transfer/change evidence; retention,retrieval precision/recall; contradiction; provenance; regression; cost,hidden/sealed assets; candidate cannot write verifier/acceptance criteria,certification-spec,
I-I4-SEARCH_POLIC-A,1.0,"Unified Intelligence / HIL Framework v1.5.1 (memory-integrated, delivered-correct delegation)",I-Bench,I,I4,HG4,U4,search_policy_improvement,longitudinal_individual,T4,A,I4 — Search Policy Improvement (A),Change improvement-search policy and show benefit. Variant A is a clean longitudinal condition.,Multi-session harness with real process/context discontinuity where persistence is claimed; do not replay full transcript as a substitute for memory.,state/evidence artifact plus task outcome; exact provenance record when applicable,Externally verified I4 behavior with all lower I-level retention; long context alone cannot substitute for persistent memory.,"Hidden later queries, withheld updates, sealed replay or external promotion oracle according to level.",independent_reference_or_deterministic,H1,CID1,0.75,8,no,all lower I levels,specification-only,False,required for formal certification,HIL-R2,True,False,True,True,False,task correctness; memory integrity; transfer/change evidence; retention,retrieval precision/recall; contradiction; provenance; regression; cost,hidden/sealed assets; candidate cannot write verifier/acceptance criteria,certification-spec,
I-I4-SEARCH_POLIC-B,1.0,"Unified Intelligence / HIL Framework v1.5.1 (memory-integrated, delivered-correct delegation)",I-Bench,I,I4,HG4,U4,search_policy_improvement,longitudinal_individual,T4,B,I4 — Search Policy Improvement (B),Change improvement-search policy and show benefit. Variant B adds conflicting/stale/distractor evidence or distribution shift.,Multi-session harness with real process/context discontinuity where persistence is claimed; do not replay full transcript as a substitute for memory.,state/evidence artifact plus task outcome; exact provenance record when applicable,Externally verified I4 behavior with all lower I-level retention; long context alone cannot substitute for persistent memory.,"Hidden later queries, withheld updates, sealed replay or external promotion oracle according to level.",independent_reference_or_deterministic,H1,CID1,0.75,8,no,all lower I levels,specification-only,False,required for formal certification,HIL-R2,True,False,True,True,False,task correctness; memory integrity; transfer/change evidence; retention,retrieval precision/recall; contradiction; provenance; regression; cost,hidden/sealed assets; candidate cannot write verifier/acceptance criteria,certification-spec,
I-I4-CUMULATIVE_D-A,1.0,"Unified Intelligence / HIL Framework v1.5.1 (memory-integrated, delivered-correct delegation)",I-Bench,I,I4,HG4,U4,cumulative_drift_control,longitudinal_individual,T4,A,I4 — Cumulative Drift Control (A),Detect harmful composite drift. Variant A is a clean longitudinal condition.,Multi-session harness with real process/context discontinuity where persistence is claimed; do not replay full transcript as a substitute for memory.,state/evidence artifact plus task outcome; exact provenance record when applicable,Externally verified I4 behavior with all lower I-level retention; long context alone cannot substitute for persistent memory.,"Hidden later queries, withheld updates, sealed replay or external promotion oracle according to level.",independent_reference_or_deterministic,H1,CID1,0.75,8,no,all lower I levels,specification-only,False,required for formal certification,HIL-R2,True,False,True,True,False,task correctness; memory integrity; transfer/change evidence; retention,retrieval precision/recall; contradiction; provenance; regression; cost,hidden/sealed assets; candidate cannot write verifier/acceptance criteria,certification-spec,
I-I4-CUMULATIVE_D-B,1.0,"Unified Intelligence / HIL Framework v1.5.1 (memory-integrated, delivered-correct delegation)",I-Bench,I,I4,HG4,U4,cumulative_drift_control,longitudinal_individual,T4,B,I4 — Cumulative Drift Control (B),Detect harmful composite drift. Variant B adds conflicting/stale/distractor evidence or distribution shift.,Multi-session harness with real process/context discontinuity where persistence is claimed; do not replay full transcript as a substitute for memory.,state/evidence artifact plus task outcome; exact provenance record when applicable,Externally verified I4 behavior with all lower I-level retention; long context alone cannot substitute for persistent memory.,"Hidden later queries, withheld updates, sealed replay or external promotion oracle according to level.",independent_reference_or_deterministic,H1,CID1,0.75,8,no,all lower I levels,specification-only,False,required for formal certification,HIL-R2,True,False,True,True,False,task correctness; memory integrity; transfer/change evidence; retention,retrieval precision/recall; contradiction; provenance; regression; cost,hidden/sealed assets; candidate cannot write verifier/acceptance criteria,certification-spec,
I-I4-META_LINEAGE-A,1.0,"Unified Intelligence / HIL Framework v1.5.1 (memory-integrated, delivered-correct delegation)",I-Bench,I,I4,HG4,U4,meta_lineage,longitudinal_individual,T4,A,I4 — Meta Lineage (A),Preserve lineage of changes to the improvement mechanism. Variant A is a clean longitudinal condition.,Multi-session harness with real process/context discontinuity where persistence is claimed; do not replay full transcript as a substitute for memory.,state/evidence artifact plus task outcome; exact provenance record when applicable,Externally verified I4 behavior with all lower I-level retention; long context alone cannot substitute for persistent memory.,"Hidden later queries, withheld updates, sealed replay or external promotion oracle according to level.",independent_reference_or_deterministic,H1,CID1,0.75,8,no,all lower I levels,specification-only,False,required for formal certification,HIL-R2,True,False,True,True,False,task correctness; memory integrity; transfer/change evidence; retention,retrieval precision/recall; contradiction; provenance; regression; cost,hidden/sealed assets; candidate cannot write verifier/acceptance criteria,certification-spec,
I-I4-META_LINEAGE-B,1.0,"Unified Intelligence / HIL Framework v1.5.1 (memory-integrated, delivered-correct delegation)",I-Bench,I,I4,HG4,U4,meta_lineage,longitudinal_individual,T4,B,I4 — Meta Lineage (B),Preserve lineage of changes to the improvement mechanism. Variant B adds conflicting/stale/distractor evidence or distribution shift.,Multi-session harness with real process/context discontinuity where persistence is claimed; do not replay full transcript as a substitute for memory.,state/evidence artifact plus task outcome; exact provenance record when applicable,Externally verified I4 behavior with all lower I-level retention; long context alone cannot substitute for persistent memory.,"Hidden later queries, withheld updates, sealed replay or external promotion oracle according to level.",independent_reference_or_deterministic,H1,CID1,0.75,8,no,all lower I levels,specification-only,False,required for formal certification,HIL-R2,True,False,True,True,False,task correctness; memory integrity; transfer/change evidence; retention,retrieval precision/recall; contradiction; provenance; regression; cost,hidden/sealed assets; candidate cannot write verifier/acceptance criteria,certification-spec,
I-I5-HYPOTHESIS_G-A,1.0,"Unified Intelligence / HIL Framework v1.5.1 (memory-integrated, delivered-correct delegation)",I-Bench,I,I5,HG5,U5,hypothesis_generation,longitudinal_individual,T5,A,I5 — Hypothesis Generation (A),Generate falsifiable hypotheses for hidden/unknown mechanism. Variant A is a clean longitudinal condition.,Multi-session harness with real process/context discontinuity where persistence is claimed; do not replay full transcript as a substitute for memory.,state/evidence artifact plus task outcome; exact provenance record when applicable,Externally verified I5 behavior with all lower I-level retention; long context alone cannot substitute for persistent memory.,"Hidden later queries, withheld updates, sealed replay or external promotion oracle according to level.",independent_reference_or_deterministic,H1,CID1,0.65,8,no,all lower I levels,specification-only,False,required for formal certification,HIL-R2,True,False,True,False,True,task correctness; memory integrity; transfer/change evidence; retention,retrieval precision/recall; contradiction; provenance; regression; cost,hidden/sealed assets; candidate cannot write verifier/acceptance criteria,certification-spec,
I-I5-HYPOTHESIS_G-B,1.0,"Unified Intelligence / HIL Framework v1.5.1 (memory-integrated, delivered-correct delegation)",I-Bench,I,I5,HG5,U5,hypothesis_generation,longitudinal_individual,T5,B,I5 — Hypothesis Generation (B),Generate falsifiable hypotheses for hidden/unknown mechanism. Variant B adds conflicting/stale/distractor evidence or distribution shift.,Multi-session harness with real process/context discontinuity where persistence is claimed; do not replay full transcript as a substitute for memory.,state/evidence artifact plus task outcome; exact provenance record when applicable,Externally verified I5 behavior with all lower I-level retention; long context alone cannot substitute for persistent memory.,"Hidden later queries, withheld updates, sealed replay or external promotion oracle according to level.",independent_reference_or_deterministic,H1,CID1,0.65,8,no,all lower I levels,specification-only,False,required for formal certification,HIL-R2,True,False,True,False,True,task correctness; memory integrity; transfer/change evidence; retention,retrieval precision/recall; contradiction; provenance; regression; cost,hidden/sealed assets; candidate cannot write verifier/acceptance criteria,certification-spec,
I-I5-EXPERIMENT_D-A,1.0,"Unified Intelligence / HIL Framework v1.5.1 (memory-integrated, delivered-correct delegation)",I-Bench,I,I5,HG5,U5,experiment_design,longitudinal_individual,T5,A,I5 — Experiment Design (A),Design discriminating experiments under resource limits. Variant A is a clean longitudinal condition.,Multi-session harness with real process/context discontinuity where persistence is claimed; do not replay full transcript as a substitute for memory.,state/evidence artifact plus task outcome; exact provenance record when applicable,Externally verified I5 behavior with all lower I-level retention; long context alone cannot substitute for persistent memory.,"Hidden later queries, withheld updates, sealed replay or external promotion oracle according to level.",independent_reference_or_deterministic,H1,CID1,0.65,8,no,all lower I levels,specification-only,False,required for formal certification,HIL-R2,True,False,True,False,True,task correctness; memory integrity; transfer/change evidence; retention,retrieval precision/recall; contradiction; provenance; regression; cost,hidden/sealed assets; candidate cannot write verifier/acceptance criteria,certification-spec,
I-I5-EXPERIMENT_D-B,1.0,"Unified Intelligence / HIL Framework v1.5.1 (memory-integrated, delivered-correct delegation)",I-Bench,I,I5,HG5,U5,experiment_design,longitudinal_individual,T5,B,I5 — Experiment Design (B),Design discriminating experiments under resource limits. Variant B adds conflicting/stale/distractor evidence or distribution shift.,Multi-session harness with real process/context discontinuity where persistence is claimed; do not replay full transcript as a substitute for memory.,state/evidence artifact plus task outcome; exact provenance record when applicable,Externally verified I5 behavior with all lower I-level retention; long context alone cannot substitute for persistent memory.,"Hidden later queries, withheld updates, sealed replay or external promotion oracle according to level.",independent_reference_or_deterministic,H1,CID1,0.65,8,no,all lower I levels,specification-only,False,required for formal certification,HIL-R2,True,False,True,False,True,task correctness; memory integrity; transfer/change evidence; retention,retrieval precision/recall; contradiction; provenance; regression; cost,hidden/sealed assets; candidate cannot write verifier/acceptance criteria,certification-spec,
I-I5-HIDDEN_MECHA-A,1.0,"Unified Intelligence / HIL Framework v1.5.1 (memory-integrated, delivered-correct delegation)",I-Bench,I,I5,HG5,U5,hidden_mechanism_discovery,longitudinal_individual,T5,A,I5 — Hidden Mechanism Discovery (A),Infer withheld mechanism or solution method. Variant A is a clean longitudinal condition.,Multi-session harness with real process/context discontinuity where persistence is claimed; do not replay full transcript as a substitute for memory.,state/evidence artifact plus task outcome; exact provenance record when applicable,Externally verified I5 behavior with all lower I-level retention; long context alone cannot substitute for persistent memory.,"Hidden later queries, withheld updates, sealed replay or external promotion oracle according to level.",independent_reference_or_deterministic,H1,CID1,0.65,8,no,all lower I levels,specification-only,False,required for formal certification,HIL-R2,True,False,True,False,True,task correctness; memory integrity; transfer/change evidence; retention,retrieval precision/recall; contradiction; provenance; regression; cost,hidden/sealed assets; candidate cannot write verifier/acceptance criteria,certification-spec,
I-I5-HIDDEN_MECHA-B,1.0,"Unified Intelligence / HIL Framework v1.5.1 (memory-integrated, delivered-correct delegation)",I-Bench,I,I5,HG5,U5,hidden_mechanism_discovery,longitudinal_individual,T5,B,I5 — Hidden Mechanism Discovery (B),Infer withheld mechanism or solution method. Variant B adds conflicting/stale/distractor evidence or distribution shift.,Multi-session harness with real process/context discontinuity where persistence is claimed; do not replay full transcript as a substitute for memory.,state/evidence artifact plus task outcome; exact provenance record when applicable,Externally verified I5 behavior with all lower I-level retention; long context alone cannot substitute for persistent memory.,"Hidden later queries, withheld updates, sealed replay or external promotion oracle according to level.",independent_reference_or_deterministic,H1,CID1,0.65,8,no,all lower I levels,specification-only,False,required for formal certification,HIL-R2,True,False,True,False,True,task correctness; memory integrity; transfer/change evidence; retention,retrieval precision/recall; contradiction; provenance; regression; cost,hidden/sealed assets; candidate cannot write verifier/acceptance criteria,certification-spec,
I-I5-EVIDENCE_INT-A,1.0,"Unified Intelligence / HIL Framework v1.5.1 (memory-integrated, delivered-correct delegation)",I-Bench,I,I5,HG5,U5,evidence_integration,longitudinal_individual,T5,A,I5 — Evidence Integration (A),Integrate multi-episode evidence and revise beliefs. Variant A is a clean longitudinal condition.,Multi-session harness with real process/context discontinuity where persistence is claimed; do not replay full transcript as a substitute for memory.,state/evidence artifact plus task outcome; exact provenance record when applicable,Externally verified I5 behavior with all lower I-level retention; long context alone cannot substitute for persistent memory.,"Hidden later queries, withheld updates, sealed replay or external promotion oracle according to level.",independent_reference_or_deterministic,H1,CID1,0.65,8,no,all lower I levels,specification-only,False,required for formal certification,HIL-R2,True,False,True,False,True,task correctness; memory integrity; transfer/change evidence; retention,retrieval precision/recall; contradiction; provenance; regression; cost,hidden/sealed assets; candidate cannot write verifier/acceptance criteria,certification-spec,
I-I5-EVIDENCE_INT-B,1.0,"Unified Intelligence / HIL Framework v1.5.1 (memory-integrated, delivered-correct delegation)",I-Bench,I,I5,HG5,U5,evidence_integration,longitudinal_individual,T5,B,I5 — Evidence Integration (B),Integrate multi-episode evidence and revise beliefs. Variant B adds conflicting/stale/distractor evidence or distribution shift.,Multi-session harness with real process/context discontinuity where persistence is claimed; do not replay full transcript as a substitute for memory.,state/evidence artifact plus task outcome; exact provenance record when applicable,Externally verified I5 behavior with all lower I-level retention; long context alone cannot substitute for persistent memory.,"Hidden later queries, withheld updates, sealed replay or external promotion oracle according to level.",independent_reference_or_deterministic,H1,CID1,0.65,8,no,all lower I levels,specification-only,False,required for formal certification,HIL-R2,True,False,True,False,True,task correctness; memory integrity; transfer/change evidence; retention,retrieval precision/recall; contradiction; provenance; regression; cost,hidden/sealed assets; candidate cannot write verifier/acceptance criteria,certification-spec,
I-I5-NOVELTY_VALI-A,1.0,"Unified Intelligence / HIL Framework v1.5.1 (memory-integrated, delivered-correct delegation)",I-Bench,I,I5,HG5,U5,novelty_validation,longitudinal_individual,T5,A,I5 — Novelty Validation (A),Show result was not supplied in accessible memory/context. Variant A is a clean longitudinal condition.,Multi-session harness with real process/context discontinuity where persistence is claimed; do not replay full transcript as a substitute for memory.,state/evidence artifact plus task outcome; exact provenance record when applicable,Externally verified I5 behavior with all lower I-level retention; long context alone cannot substitute for persistent memory.,"Hidden later queries, withheld updates, sealed replay or external promotion oracle according to level.",independent_reference_or_deterministic,H1,CID1,0.65,8,no,all lower I levels,specification-only,False,required for formal certification,HIL-R2,True,False,True,False,True,task correctness; memory integrity; transfer/change evidence; retention,retrieval precision/recall; contradiction; provenance; regression; cost,hidden/sealed assets; candidate cannot write verifier/acceptance criteria,certification-spec,
I-I5-NOVELTY_VALI-B,1.0,"Unified Intelligence / HIL Framework v1.5.1 (memory-integrated, delivered-correct delegation)",I-Bench,I,I5,HG5,U5,novelty_validation,longitudinal_individual,T5,B,I5 — Novelty Validation (B),Show result was not supplied in accessible memory/context. Variant B adds conflicting/stale/distractor evidence or distribution shift.,Multi-session harness with real process/context discontinuity where persistence is claimed; do not replay full transcript as a substitute for memory.,state/evidence artifact plus task outcome; exact provenance record when applicable,Externally verified I5 behavior with all lower I-level retention; long context alone cannot substitute for persistent memory.,"Hidden later queries, withheld updates, sealed replay or external promotion oracle according to level.",independent_reference_or_deterministic,H1,CID1,0.65,8,no,all lower I levels,specification-only,False,required for formal certification,HIL-R2,True,False,True,False,True,task correctness; memory integrity; transfer/change evidence; retention,retrieval precision/recall; contradiction; provenance; regression; cost,hidden/sealed assets; candidate cannot write verifier/acceptance criteria,certification-spec,
I-I5-REPRODUCIBIL-A,1.0,"Unified Intelligence / HIL Framework v1.5.1 (memory-integrated, delivered-correct delegation)",I-Bench,I,I5,HG5,U5,reproducibility,longitudinal_individual,T5,A,I5 — Reproducibility (A),Reproduce or independently validate discovery. Variant A is a clean longitudinal condition.,Multi-session harness with real process/context discontinuity where persistence is claimed; do not replay full transcript as a substitute for memory.,state/evidence artifact plus task outcome; exact provenance record when applicable,Externally verified I5 behavior with all lower I-level retention; long context alone cannot substitute for persistent memory.,"Hidden later queries, withheld updates, sealed replay or external promotion oracle according to level.",independent_reference_or_deterministic,H1,CID1,0.65,8,no,all lower I levels,specification-only,False,required for formal certification,HIL-R2,True,False,True,False,True,task correctness; memory integrity; transfer/change evidence; retention,retrieval precision/recall; contradiction; provenance; regression; cost,hidden/sealed assets; candidate cannot write verifier/acceptance criteria,certification-spec,
I-I5-REPRODUCIBIL-B,1.0,"Unified Intelligence / HIL Framework v1.5.1 (memory-integrated, delivered-correct delegation)",I-Bench,I,I5,HG5,U5,reproducibility,longitudinal_individual,T5,B,I5 — Reproducibility (B),Reproduce or independently validate discovery. Variant B adds conflicting/stale/distractor evidence or distribution shift.,Multi-session harness with real process/context discontinuity where persistence is claimed; do not replay full transcript as a substitute for memory.,state/evidence artifact plus task outcome; exact provenance record when applicable,Externally verified I5 behavior with all lower I-level retention; long context alone cannot substitute for persistent memory.,"Hidden later queries, withheld updates, sealed replay or external promotion oracle according to level.",independent_reference_or_deterministic,H1,CID1,0.65,8,no,all lower I levels,specification-only,False,required for formal certification,HIL-R2,True,False,True,False,True,task correctness; memory integrity; transfer/change evidence; retention,retrieval precision/recall; contradiction; provenance; regression; cost,hidden/sealed assets; candidate cannot write verifier/acceptance criteria,certification-spec,
I-I5-DISCOVERY_ME-A,1.0,"Unified Intelligence / HIL Framework v1.5.1 (memory-integrated, delivered-correct delegation)",I-Bench,I,I5,HG5,U5,discovery_memory,longitudinal_individual,T5,A,I5 — Discovery Memory (A),"Preserve hypotheses, rejected ideas, evidence and discoveries. Variant A is a clean longitudinal condition.",Multi-session harness with real process/context discontinuity where persistence is claimed; do not replay full transcript as a substitute for memory.,state/evidence artifact plus task outcome; exact provenance record when applicable,Externally verified I5 behavior with all lower I-level retention; long context alone cannot substitute for persistent memory.,"Hidden later queries, withheld updates, sealed replay or external promotion oracle according to level.",independent_reference_or_deterministic,H1,CID1,0.65,8,no,all lower I levels,specification-only,False,required for formal certification,HIL-R2,True,False,True,False,True,task correctness; memory integrity; transfer/change evidence; retention,retrieval precision/recall; contradiction; provenance; regression; cost,hidden/sealed assets; candidate cannot write verifier/acceptance criteria,certification-spec,
I-I5-DISCOVERY_ME-B,1.0,"Unified Intelligence / HIL Framework v1.5.1 (memory-integrated, delivered-correct delegation)",I-Bench,I,I5,HG5,U5,discovery_memory,longitudinal_individual,T5,B,I5 — Discovery Memory (B),"Preserve hypotheses, rejected ideas, evidence and discoveries. Variant B adds conflicting/stale/distractor evidence or distribution shift.",Multi-session harness with real process/context discontinuity where persistence is claimed; do not replay full transcript as a substitute for memory.,state/evidence artifact plus task outcome; exact provenance record when applicable,Externally verified I5 behavior with all lower I-level retention; long context alone cannot substitute for persistent memory.,"Hidden later queries, withheld updates, sealed replay or external promotion oracle according to level.",independent_reference_or_deterministic,H1,CID1,0.65,8,no,all lower I levels,specification-only,False,required for formal certification,HIL-R2,True,False,True,False,True,task correctness; memory integrity; transfer/change evidence; retention,retrieval precision/recall; contradiction; provenance; regression; cost,hidden/sealed assets; candidate cannot write verifier/acceptance criteria,certification-spec,
I-IΩ-INSTRUMENT_T-A,1.0,"Unified Intelligence / HIL Framework v1.5.1 (memory-integrated, delivered-correct delegation)",I-Bench,I,IΩ,HGΩ,UΩ,instrument_transduction,longitudinal_individual,TΩ,A,IΩ — Instrument Transduction (A),Turn validated discovery into reusable cognitive instrument. Variant A is a clean longitudinal condition.,Multi-session harness with real process/context discontinuity where persistence is claimed; do not replay full transcript as a substitute for memory.,state/evidence artifact plus task outcome; exact provenance record when applicable,Externally verified IΩ behavior with all lower I-level retention; long context alone cannot substitute for persistent memory.,"Hidden later queries, withheld updates, sealed replay or external promotion oracle according to level.",independent_reference_or_deterministic,H1,CID1,0.65,8,no,all lower I levels,specification-only,False,required for formal certification,HIL-R2,True,False,True,True,True,task correctness; memory integrity; transfer/change evidence; retention,retrieval precision/recall; contradiction; provenance; regression; cost,hidden/sealed assets; candidate cannot write verifier/acceptance criteria,certification-spec,
I-IΩ-INSTRUMENT_T-B,1.0,"Unified Intelligence / HIL Framework v1.5.1 (memory-integrated, delivered-correct delegation)",I-Bench,I,IΩ,HGΩ,UΩ,instrument_transduction,longitudinal_individual,TΩ,B,IΩ — Instrument Transduction (B),Turn validated discovery into reusable cognitive instrument. Variant B adds conflicting/stale/distractor evidence or distribution shift.,Multi-session harness with real process/context discontinuity where persistence is claimed; do not replay full transcript as a substitute for memory.,state/evidence artifact plus task outcome; exact provenance record when applicable,Externally verified IΩ behavior with all lower I-level retention; long context alone cannot substitute for persistent memory.,"Hidden later queries, withheld updates, sealed replay or external promotion oracle according to level.",independent_reference_or_deterministic,H1,CID1,0.65,8,no,all lower I levels,specification-only,False,required for formal certification,HIL-R2,True,False,True,True,True,task correctness; memory integrity; transfer/change evidence; retention,retrieval precision/recall; contradiction; provenance; regression; cost,hidden/sealed assets; candidate cannot write verifier/acceptance criteria,certification-spec,
I-IΩ-MEMORY_MECHA-A,1.0,"Unified Intelligence / HIL Framework v1.5.1 (memory-integrated, delivered-correct delegation)",I-Bench,I,IΩ,HGΩ,UΩ,memory_mechanism_evolution,longitudinal_individual,TΩ,A,IΩ — Memory Mechanism Evolution (A),Improve memory representation/retrieval/consolidation under external tests. Variant A is a clean longitudinal condition.,Multi-session harness with real process/context discontinuity where persistence is claimed; do not replay full transcript as a substitute for memory.,state/evidence artifact plus task outcome; exact provenance record when applicable,Externally verified IΩ behavior with all lower I-level retention; long context alone cannot substitute for persistent memory.,"Hidden later queries, withheld updates, sealed replay or external promotion oracle according to level.",independent_reference_or_deterministic,H1,CID1,0.65,8,no,all lower I levels,specification-only,False,required for formal certification,HIL-R2,True,False,True,True,True,task correctness; memory integrity; transfer/change evidence; retention,retrieval precision/recall; contradiction; provenance; regression; cost,hidden/sealed assets; candidate cannot write verifier/acceptance criteria,certification-spec,
I-IΩ-MEMORY_MECHA-B,1.0,"Unified Intelligence / HIL Framework v1.5.1 (memory-integrated, delivered-correct delegation)",I-Bench,I,IΩ,HGΩ,UΩ,memory_mechanism_evolution,longitudinal_individual,TΩ,B,IΩ — Memory Mechanism Evolution (B),Improve memory representation/retrieval/consolidation under external tests. Variant B adds conflicting/stale/distractor evidence or distribution shift.,Multi-session harness with real process/context discontinuity where persistence is claimed; do not replay full transcript as a substitute for memory.,state/evidence artifact plus task outcome; exact provenance record when applicable,Externally verified IΩ behavior with all lower I-level retention; long context alone cannot substitute for persistent memory.,"Hidden later queries, withheld updates, sealed replay or external promotion oracle according to level.",independent_reference_or_deterministic,H1,CID1,0.65,8,no,all lower I levels,specification-only,False,required for formal certification,HIL-R2,True,False,True,True,True,task correctness; memory integrity; transfer/change evidence; retention,retrieval precision/recall; contradiction; provenance; regression; cost,hidden/sealed assets; candidate cannot write verifier/acceptance criteria,certification-spec,
I-IΩ-NEW_TOOL_CRE-A,1.0,"Unified Intelligence / HIL Framework v1.5.1 (memory-integrated, delivered-correct delegation)",I-Bench,I,IΩ,HGΩ,UΩ,new_tool_creation,longitudinal_individual,TΩ,A,IΩ — New Tool Creation (A),Create cognitive tool expanding later reachable tasks. Variant A is a clean longitudinal condition.,Multi-session harness with real process/context discontinuity where persistence is claimed; do not replay full transcript as a substitute for memory.,state/evidence artifact plus task outcome; exact provenance record when applicable,Externally verified IΩ behavior with all lower I-level retention; long context alone cannot substitute for persistent memory.,"Hidden later queries, withheld updates, sealed replay or external promotion oracle according to level.",independent_reference_or_deterministic,H1,CID1,0.65,8,no,all lower I levels,specification-only,False,required for formal certification,HIL-R2,True,False,True,True,True,task correctness; memory integrity; transfer/change evidence; retention,retrieval precision/recall; contradiction; provenance; regression; cost,hidden/sealed assets; candidate cannot write verifier/acceptance criteria,certification-spec,
I-IΩ-NEW_TOOL_CRE-B,1.0,"Unified Intelligence / HIL Framework v1.5.1 (memory-integrated, delivered-correct delegation)",I-Bench,I,IΩ,HGΩ,UΩ,new_tool_creation,longitudinal_individual,TΩ,B,IΩ — New Tool Creation (B),Create cognitive tool expanding later reachable tasks. Variant B adds conflicting/stale/distractor evidence or distribution shift.,Multi-session harness with real process/context discontinuity where persistence is claimed; do not replay full transcript as a substitute for memory.,state/evidence artifact plus task outcome; exact provenance record when applicable,Externally verified IΩ behavior with all lower I-level retention; long context alone cannot substitute for persistent memory.,"Hidden later queries, withheld updates, sealed replay or external promotion oracle according to level.",independent_reference_or_deterministic,H1,CID1,0.65,8,no,all lower I levels,specification-only,False,required for formal certification,HIL-R2,True,False,True,True,True,task correctness; memory integrity; transfer/change evidence; retention,retrieval precision/recall; contradiction; provenance; regression; cost,hidden/sealed assets; candidate cannot write verifier/acceptance criteria,certification-spec,
I-IΩ-FRONTIER_EXP-A,1.0,"Unified Intelligence / HIL Framework v1.5.1 (memory-integrated, delivered-correct delegation)",I-Bench,I,IΩ,HGΩ,UΩ,frontier_expansion,longitudinal_individual,TΩ,A,IΩ — Frontier Expansion (A),New instruments enable previously unreachable problem classes. Variant A is a clean longitudinal condition.,Multi-session harness with real process/context discontinuity where persistence is claimed; do not replay full transcript as a substitute for memory.,state/evidence artifact plus task outcome; exact provenance record when applicable,Externally verified IΩ behavior with all lower I-level retention; long context alone cannot substitute for persistent memory.,"Hidden later queries, withheld updates, sealed replay or external promotion oracle according to level.",independent_reference_or_deterministic,H1,CID1,0.65,8,no,all lower I levels,specification-only,False,required for formal certification,HIL-R2,True,False,True,True,True,task correctness; memory integrity; transfer/change evidence; retention,retrieval precision/recall; contradiction; provenance; regression; cost,hidden/sealed assets; candidate cannot write verifier/acceptance criteria,certification-spec,
I-IΩ-FRONTIER_EXP-B,1.0,"Unified Intelligence / HIL Framework v1.5.1 (memory-integrated, delivered-correct delegation)",I-Bench,I,IΩ,HGΩ,UΩ,frontier_expansion,longitudinal_individual,TΩ,B,IΩ — Frontier Expansion (B),New instruments enable previously unreachable problem classes. Variant B adds conflicting/stale/distractor evidence or distribution shift.,Multi-session harness with real process/context discontinuity where persistence is claimed; do not replay full transcript as a substitute for memory.,state/evidence artifact plus task outcome; exact provenance record when applicable,Externally verified IΩ behavior with all lower I-level retention; long context alone cannot substitute for persistent memory.,"Hidden later queries, withheld updates, sealed replay or external promotion oracle according to level.",independent_reference_or_deterministic,H1,CID1,0.65,8,no,all lower I levels,specification-only,False,required for formal certification,HIL-R2,True,False,True,True,True,task correctness; memory integrity; transfer/change evidence; retention,retrieval precision/recall; contradiction; provenance; regression; cost,hidden/sealed assets; candidate cannot write verifier/acceptance criteria,certification-spec,
I-IΩ-BOUNDED_CHAR-A,1.0,"Unified Intelligence / HIL Framework v1.5.1 (memory-integrated, delivered-correct delegation)",I-Bench,I,IΩ,HGΩ,UΩ,bounded_charter_cycles,longitudinal_individual,TΩ,A,IΩ — Bounded Charter Cycles (A),Repeat open-ended improvement/discovery under fixed charter. Variant A is a clean longitudinal condition.,Multi-session harness with real process/context discontinuity where persistence is claimed; do not replay full transcript as a substitute for memory.,state/evidence artifact plus task outcome; exact provenance record when applicable,Externally verified IΩ behavior with all lower I-level retention; long context alone cannot substitute for persistent memory.,"Hidden later queries, withheld updates, sealed replay or external promotion oracle according to level.",independent_reference_or_deterministic,H1,CID1,0.65,8,no,all lower I levels,specification-only,False,required for formal certification,HIL-R2,True,False,True,True,True,task correctness; memory integrity; transfer/change evidence; retention,retrieval precision/recall; contradiction; provenance; regression; cost,hidden/sealed assets; candidate cannot write verifier/acceptance criteria,certification-spec,
I-IΩ-BOUNDED_CHAR-B,1.0,"Unified Intelligence / HIL Framework v1.5.1 (memory-integrated, delivered-correct delegation)",I-Bench,I,IΩ,HGΩ,UΩ,bounded_charter_cycles,longitudinal_individual,TΩ,B,IΩ — Bounded Charter Cycles (B),Repeat open-ended improvement/discovery under fixed charter. Variant B adds conflicting/stale/distractor evidence or distribution shift.,Multi-session harness with real process/context discontinuity where persistence is claimed; do not replay full transcript as a substitute for memory.,state/evidence artifact plus task outcome; exact provenance record when applicable,Externally verified IΩ behavior with all lower I-level retention; long context alone cannot substitute for persistent memory.,"Hidden later queries, withheld updates, sealed replay or external promotion oracle according to level.",independent_reference_or_deterministic,H1,CID1,0.65,8,no,all lower I levels,specification-only,False,required for formal certification,HIL-R2,True,False,True,True,True,task correctness; memory integrity; transfer/change evidence; retention,retrieval precision/recall; contradiction; provenance; regression; cost,hidden/sealed assets; candidate cannot write verifier/acceptance criteria,certification-spec,
I-IΩ-LINEAGE_RETE-A,1.0,"Unified Intelligence / HIL Framework v1.5.1 (memory-integrated, delivered-correct delegation)",I-Bench,I,IΩ,HGΩ,UΩ,lineage_retention,longitudinal_individual,TΩ,A,IΩ — Lineage Retention (A),Preserve evidence/evaluation lineage across evolution. Variant A is a clean longitudinal condition.,Multi-session harness with real process/context discontinuity where persistence is claimed; do not replay full transcript as a substitute for memory.,state/evidence artifact plus task outcome; exact provenance record when applicable,Externally verified IΩ behavior with all lower I-level retention; long context alone cannot substitute for persistent memory.,"Hidden later queries, withheld updates, sealed replay or external promotion oracle according to level.",independent_reference_or_deterministic,H1,CID1,0.65,8,no,all lower I levels,specification-only,False,required for formal certification,HIL-R2,True,False,True,True,True,task correctness; memory integrity; transfer/change evidence; retention,retrieval precision/recall; contradiction; provenance; regression; cost,hidden/sealed assets; candidate cannot write verifier/acceptance criteria,certification-spec,
I-IΩ-LINEAGE_RETE-B,1.0,"Unified Intelligence / HIL Framework v1.5.1 (memory-integrated, delivered-correct delegation)",I-Bench,I,IΩ,HGΩ,UΩ,lineage_retention,longitudinal_individual,TΩ,B,IΩ — Lineage Retention (B),Preserve evidence/evaluation lineage across evolution. Variant B adds conflicting/stale/distractor evidence or distribution shift.,Multi-session harness with real process/context discontinuity where persistence is claimed; do not replay full transcript as a substitute for memory.,state/evidence artifact plus task outcome; exact provenance record when applicable,Externally verified IΩ behavior with all lower I-level retention; long context alone cannot substitute for persistent memory.,"Hidden later queries, withheld updates, sealed replay or external promotion oracle according to level.",independent_reference_or_deterministic,H1,CID1,0.65,8,no,all lower I levels,specification-only,False,required for formal certification,HIL-R2,True,False,True,True,True,task correctness; memory integrity; transfer/change evidence; retention,retrieval precision/recall; contradiction; provenance; regression; cost,hidden/sealed assets; candidate cannot write verifier/acceptance criteria,certification-spec,
I-IΩ-SELF_EXPANDI-A,1.0,"Unified Intelligence / HIL Framework v1.5.1 (memory-integrated, delivered-correct delegation)",I-Bench,I,IΩ,HGΩ,UΩ,self_expanding_problem_space,longitudinal_individual,TΩ,A,IΩ — Self Expanding Problem Space (A),Generate new valid problem classes while retaining lower abilities. Variant A is a clean longitudinal condition.,Multi-session harness with real process/context discontinuity where persistence is claimed; do not replay full transcript as a substitute for memory.,state/evidence artifact plus task outcome; exact provenance record when applicable,Externally verified IΩ behavior with all lower I-level retention; long context alone cannot substitute for persistent memory.,"Hidden later queries, withheld updates, sealed replay or external promotion oracle according to level.",independent_reference_or_deterministic,H1,CID1,0.65,8,no,all lower I levels,specification-only,False,required for formal certification,HIL-R2,True,False,True,True,True,task correctness; memory integrity; transfer/change evidence; retention,retrieval precision/recall; contradiction; provenance; regression; cost,hidden/sealed assets; candidate cannot write verifier/acceptance criteria,certification-spec,
I-IΩ-SELF_EXPANDI-B,1.0,"Unified Intelligence / HIL Framework v1.5.1 (memory-integrated, delivered-correct delegation)",I-Bench,I,IΩ,HGΩ,UΩ,self_expanding_problem_space,longitudinal_individual,TΩ,B,IΩ — Self Expanding Problem Space (B),Generate new valid problem classes while retaining lower abilities. Variant B adds conflicting/stale/distractor evidence or distribution shift.,Multi-session harness with real process/context discontinuity where persistence is claimed; do not replay full transcript as a substitute for memory.,state/evidence artifact plus task outcome; exact provenance record when applicable,Externally verified IΩ behavior with all lower I-level retention; long context alone cannot substitute for persistent memory.,"Hidden later queries, withheld updates, sealed replay or external promotion oracle according to level.",independent_reference_or_deterministic,H1,CID1,0.65,8,no,all lower I levels,specification-only,False,required for formal certification,HIL-R2,True,False,True,True,True,task correctness; memory integrity; transfer/change evidence; retention,retrieval precision/recall; contradiction; provenance; regression; cost,hidden/sealed assets; candidate cannot write verifier/acceptance criteria,certification-spec,
O-O0-TASK_ROUTING-A,1.0,"Unified Intelligence / HIL Framework v1.5.1 (memory-integrated, delivered-correct delegation)",O-Bench,O,O0,HG0,U0,task_routing,multi_agent_organization,T1,A,O0 — Task Routing (A),Demonstrate 'task routing' as a property of real role/process structure. Variant A: controlled organization state.,At least two real agent/process roles with evidence-bearing communication; higher levels require persistent org state and evaluator/promoter separation.,"organization trace, role/evidence ledger, externally verified result",Externally verified O0 organizational behavior plus lower-level retention; strongest member alone cannot satisfy criterion.,"Hidden role competence, failures, resource changes or novel discovery target.",independent_reference_or_deterministic,H1,CID1,0.8,10,no,all lower O levels; member evidence reported separately,specification-only,False,required for formal certification,HIL-R2,False,True,False,False,False,organization success; routing/coordination; retention,communication cost; role violations; evidence loss; regression,hidden/sealed assets; candidate cannot write verifier/acceptance criteria,certification-spec,
O-O0-TASK_ROUTING-B,1.0,"Unified Intelligence / HIL Framework v1.5.1 (memory-integrated, delivered-correct delegation)",O-Bench,O,O0,HG0,U0,task_routing,multi_agent_organization,T1,B,O0 — Task Routing (B),Demonstrate 'task routing' as a property of real role/process structure. Variant B: role churn/conflicting evidence/resource pressure.,At least two real agent/process roles with evidence-bearing communication; higher levels require persistent org state and evaluator/promoter separation.,"organization trace, role/evidence ledger, externally verified result",Externally verified O0 organizational behavior plus lower-level retention; strongest member alone cannot satisfy criterion.,"Hidden role competence, failures, resource changes or novel discovery target.",independent_reference_or_deterministic,H1,CID1,0.8,10,no,all lower O levels; member evidence reported separately,specification-only,False,required for formal certification,HIL-R2,False,True,False,False,False,organization success; routing/coordination; retention,communication cost; role violations; evidence loss; regression,hidden/sealed assets; candidate cannot write verifier/acceptance criteria,certification-spec,
O-O0-EVIDENCE_HAN-A,1.0,"Unified Intelligence / HIL Framework v1.5.1 (memory-integrated, delivered-correct delegation)",O-Bench,O,O0,HG0,U0,evidence_handoff,multi_agent_organization,T1,A,O0 — Evidence Handoff (A),Demonstrate 'evidence handoff' as a property of real role/process structure. Variant A: controlled organization state.,At least two real agent/process roles with evidence-bearing communication; higher levels require persistent org state and evaluator/promoter separation.,"organization trace, role/evidence ledger, externally verified result",Externally verified O0 organizational behavior plus lower-level retention; strongest member alone cannot satisfy criterion.,"Hidden role competence, failures, resource changes or novel discovery target.",independent_reference_or_deterministic,H1,CID1,0.8,10,no,all lower O levels; member evidence reported separately,specification-only,False,required for formal certification,HIL-R2,False,True,False,False,False,organization success; routing/coordination; retention,communication cost; role violations; evidence loss; regression,hidden/sealed assets; candidate cannot write verifier/acceptance criteria,certification-spec,
O-O0-EVIDENCE_HAN-B,1.0,"Unified Intelligence / HIL Framework v1.5.1 (memory-integrated, delivered-correct delegation)",O-Bench,O,O0,HG0,U0,evidence_handoff,multi_agent_organization,T1,B,O0 — Evidence Handoff (B),Demonstrate 'evidence handoff' as a property of real role/process structure. Variant B: role churn/conflicting evidence/resource pressure.,At least two real agent/process roles with evidence-bearing communication; higher levels require persistent org state and evaluator/promoter separation.,"organization trace, role/evidence ledger, externally verified result",Externally verified O0 organizational behavior plus lower-level retention; strongest member alone cannot satisfy criterion.,"Hidden role competence, failures, resource changes or novel discovery target.",independent_reference_or_deterministic,H1,CID1,0.8,10,no,all lower O levels; member evidence reported separately,specification-only,False,required for formal certification,HIL-R2,False,True,False,False,False,organization success; routing/coordination; retention,communication cost; role violations; evidence loss; regression,hidden/sealed assets; candidate cannot write verifier/acceptance criteria,certification-spec,
O-O0-ROLE_SEPARAT-A,1.0,"Unified Intelligence / HIL Framework v1.5.1 (memory-integrated, delivered-correct delegation)",O-Bench,O,O0,HG0,U0,role_separation,multi_agent_organization,T1,A,O0 — Role Separation (A),Demonstrate 'role separation' as a property of real role/process structure. Variant A: controlled organization state.,At least two real agent/process roles with evidence-bearing communication; higher levels require persistent org state and evaluator/promoter separation.,"organization trace, role/evidence ledger, externally verified result",Externally verified O0 organizational behavior plus lower-level retention; strongest member alone cannot satisfy criterion.,"Hidden role competence, failures, resource changes or novel discovery target.",independent_reference_or_deterministic,H1,CID1,0.8,10,no,all lower O levels; member evidence reported separately,specification-only,False,required for formal certification,HIL-R2,False,True,False,False,False,organization success; routing/coordination; retention,communication cost; role violations; evidence loss; regression,hidden/sealed assets; candidate cannot write verifier/acceptance criteria,certification-spec,
O-O0-ROLE_SEPARAT-B,1.0,"Unified Intelligence / HIL Framework v1.5.1 (memory-integrated, delivered-correct delegation)",O-Bench,O,O0,HG0,U0,role_separation,multi_agent_organization,T1,B,O0 — Role Separation (B),Demonstrate 'role separation' as a property of real role/process structure. Variant B: role churn/conflicting evidence/resource pressure.,At least two real agent/process roles with evidence-bearing communication; higher levels require persistent org state and evaluator/promoter separation.,"organization trace, role/evidence ledger, externally verified result",Externally verified O0 organizational behavior plus lower-level retention; strongest member alone cannot satisfy criterion.,"Hidden role competence, failures, resource changes or novel discovery target.",independent_reference_or_deterministic,H1,CID1,0.8,10,no,all lower O levels; member evidence reported separately,specification-only,False,required for formal certification,HIL-R2,False,True,False,False,False,organization success; routing/coordination; retention,communication cost; role violations; evidence loss; regression,hidden/sealed assets; candidate cannot write verifier/acceptance criteria,certification-spec,
O-O0-PARALLEL_COO-A,1.0,"Unified Intelligence / HIL Framework v1.5.1 (memory-integrated, delivered-correct delegation)",O-Bench,O,O0,HG0,U0,parallel_coordination,multi_agent_organization,T1,A,O0 — Parallel Coordination (A),Demonstrate 'parallel coordination' as a property of real role/process structure. Variant A: controlled organization state.,At least two real agent/process roles with evidence-bearing communication; higher levels require persistent org state and evaluator/promoter separation.,"organization trace, role/evidence ledger, externally verified result",Externally verified O0 organizational behavior plus lower-level retention; strongest member alone cannot satisfy criterion.,"Hidden role competence, failures, resource changes or novel discovery target.",independent_reference_or_deterministic,H1,CID1,0.8,10,no,all lower O levels; member evidence reported separately,specification-only,False,required for formal certification,HIL-R2,False,True,False,False,False,organization success; routing/coordination; retention,communication cost; role violations; evidence loss; regression,hidden/sealed assets; candidate cannot write verifier/acceptance criteria,certification-spec,
O-O0-PARALLEL_COO-B,1.0,"Unified Intelligence / HIL Framework v1.5.1 (memory-integrated, delivered-correct delegation)",O-Bench,O,O0,HG0,U0,parallel_coordination,multi_agent_organization,T1,B,O0 — Parallel Coordination (B),Demonstrate 'parallel coordination' as a property of real role/process structure. Variant B: role churn/conflicting evidence/resource pressure.,At least two real agent/process roles with evidence-bearing communication; higher levels require persistent org state and evaluator/promoter separation.,"organization trace, role/evidence ledger, externally verified result",Externally verified O0 organizational behavior plus lower-level retention; strongest member alone cannot satisfy criterion.,"Hidden role competence, failures, resource changes or novel discovery target.",independent_reference_or_deterministic,H1,CID1,0.8,10,no,all lower O levels; member evidence reported separately,specification-only,False,required for formal certification,HIL-R2,False,True,False,False,False,organization success; routing/coordination; retention,communication cost; role violations; evidence loss; regression,hidden/sealed assets; candidate cannot write verifier/acceptance criteria,certification-spec,
O-O0-CONFLICT_RES-A,1.0,"Unified Intelligence / HIL Framework v1.5.1 (memory-integrated, delivered-correct delegation)",O-Bench,O,O0,HG0,U0,conflict_resolution,multi_agent_organization,T1,A,O0 — Conflict Resolution (A),Demonstrate 'conflict resolution' as a property of real role/process structure. Variant A: controlled organization state.,At least two real agent/process roles with evidence-bearing communication; higher levels require persistent org state and evaluator/promoter separation.,"organization trace, role/evidence ledger, externally verified result",Externally verified O0 organizational behavior plus lower-level retention; strongest member alone cannot satisfy criterion.,"Hidden role competence, failures, resource changes or novel discovery target.",independent_reference_or_deterministic,H1,CID1,0.8,10,no,all lower O levels; member evidence reported separately,specification-only,False,required for formal certification,HIL-R2,False,True,False,False,False,organization success; routing/coordination; retention,communication cost; role violations; evidence loss; regression,hidden/sealed assets; candidate cannot write verifier/acceptance criteria,certification-spec,
O-O0-CONFLICT_RES-B,1.0,"Unified Intelligence / HIL Framework v1.5.1 (memory-integrated, delivered-correct delegation)",O-Bench,O,O0,HG0,U0,conflict_resolution,multi_agent_organization,T1,B,O0 — Conflict Resolution (B),Demonstrate 'conflict resolution' as a property of real role/process structure. Variant B: role churn/conflicting evidence/resource pressure.,At least two real agent/process roles with evidence-bearing communication; higher levels require persistent org state and evaluator/promoter separation.,"organization trace, role/evidence ledger, externally verified result",Externally verified O0 organizational behavior plus lower-level retention; strongest member alone cannot satisfy criterion.,"Hidden role competence, failures, resource changes or novel discovery target.",independent_reference_or_deterministic,H1,CID1,0.8,10,no,all lower O levels; member evidence reported separately,specification-only,False,required for formal certification,HIL-R2,False,True,False,False,False,organization success; routing/coordination; retention,communication cost; role violations; evidence loss; regression,hidden/sealed assets; candidate cannot write verifier/acceptance criteria,certification-spec,
O-O0-SHARED_ARTIF-A,1.0,"Unified Intelligence / HIL Framework v1.5.1 (memory-integrated, delivered-correct delegation)",O-Bench,O,O0,HG0,U0,shared_artifact_merge,multi_agent_organization,T1,A,O0 — Shared Artifact Merge (A),Demonstrate 'shared artifact merge' as a property of real role/process structure. Variant A: controlled organization state.,At least two real agent/process roles with evidence-bearing communication; higher levels require persistent org state and evaluator/promoter separation.,"organization trace, role/evidence ledger, externally verified result",Externally verified O0 organizational behavior plus lower-level retention; strongest member alone cannot satisfy criterion.,"Hidden role competence, failures, resource changes or novel discovery target.",independent_reference_or_deterministic,H1,CID1,0.8,10,no,all lower O levels; member evidence reported separately,specification-only,False,required for formal certification,HIL-R2,False,True,False,False,False,organization success; routing/coordination; retention,communication cost; role violations; evidence loss; regression,hidden/sealed assets; candidate cannot write verifier/acceptance criteria,certification-spec,
O-O0-SHARED_ARTIF-B,1.0,"Unified Intelligence / HIL Framework v1.5.1 (memory-integrated, delivered-correct delegation)",O-Bench,O,O0,HG0,U0,shared_artifact_merge,multi_agent_organization,T1,B,O0 — Shared Artifact Merge (B),Demonstrate 'shared artifact merge' as a property of real role/process structure. Variant B: role churn/conflicting evidence/resource pressure.,At least two real agent/process roles with evidence-bearing communication; higher levels require persistent org state and evaluator/promoter separation.,"organization trace, role/evidence ledger, externally verified result",Externally verified O0 organizational behavior plus lower-level retention; strongest member alone cannot satisfy criterion.,"Hidden role competence, failures, resource changes or novel discovery target.",independent_reference_or_deterministic,H1,CID1,0.8,10,no,all lower O levels; member evidence reported separately,specification-only,False,required for formal certification,HIL-R2,False,True,False,False,False,organization success; routing/coordination; retention,communication cost; role violations; evidence loss; regression,hidden/sealed assets; candidate cannot write verifier/acceptance criteria,certification-spec,
O-O1-ORG_RESTART-A,1.0,"Unified Intelligence / HIL Framework v1.5.1 (memory-integrated, delivered-correct delegation)",O-Bench,O,O1,HG6,U1,org_restart,multi_agent_organization,T1,A,O1 — Org Restart (A),Demonstrate 'org restart' as a property of real role/process structure. Variant A: controlled organization state.,At least two real agent/process roles with evidence-bearing communication; higher levels require persistent org state and evaluator/promoter separation.,"organization trace, role/evidence ledger, externally verified result",Externally verified O1 organizational behavior plus lower-level retention; strongest member alone cannot satisfy criterion.,"Hidden role competence, failures, resource changes or novel discovery target.",independent_reference_or_deterministic,H1,CID1,0.8,10,no,all lower O levels; member evidence reported separately,specification-only,False,required for formal certification,HIL-R2,True,True,False,False,False,organization success; routing/coordination; retention,communication cost; role violations; evidence loss; regression,hidden/sealed assets; candidate cannot write verifier/acceptance criteria,certification-spec,
O-O1-ORG_RESTART-B,1.0,"Unified Intelligence / HIL Framework v1.5.1 (memory-integrated, delivered-correct delegation)",O-Bench,O,O1,HG6,U1,org_restart,multi_agent_organization,T1,B,O1 — Org Restart (B),Demonstrate 'org restart' as a property of real role/process structure. Variant B: role churn/conflicting evidence/resource pressure.,At least two real agent/process roles with evidence-bearing communication; higher levels require persistent org state and evaluator/promoter separation.,"organization trace, role/evidence ledger, externally verified result",Externally verified O1 organizational behavior plus lower-level retention; strongest member alone cannot satisfy criterion.,"Hidden role competence, failures, resource changes or novel discovery target.",independent_reference_or_deterministic,H1,CID1,0.8,10,no,all lower O levels; member evidence reported separately,specification-only,False,required for formal certification,HIL-R2,True,True,False,False,False,organization success; routing/coordination; retention,communication cost; role violations; evidence loss; regression,hidden/sealed assets; candidate cannot write verifier/acceptance criteria,certification-spec,
O-O1-ROLE_REGISTR-A,1.0,"Unified Intelligence / HIL Framework v1.5.1 (memory-integrated, delivered-correct delegation)",O-Bench,O,O1,HG6,U1,role_registry,multi_agent_organization,T1,A,O1 — Role Registry (A),Demonstrate 'role registry' as a property of real role/process structure. Variant A: controlled organization state.,At least two real agent/process roles with evidence-bearing communication; higher levels require persistent org state and evaluator/promoter separation.,"organization trace, role/evidence ledger, externally verified result",Externally verified O1 organizational behavior plus lower-level retention; strongest member alone cannot satisfy criterion.,"Hidden role competence, failures, resource changes or novel discovery target.",independent_reference_or_deterministic,H1,CID1,0.8,10,no,all lower O levels; member evidence reported separately,specification-only,False,required for formal certification,HIL-R2,True,True,False,False,False,organization success; routing/coordination; retention,communication cost; role violations; evidence loss; regression,hidden/sealed assets; candidate cannot write verifier/acceptance criteria,certification-spec,
O-O1-ROLE_REGISTR-B,1.0,"Unified Intelligence / HIL Framework v1.5.1 (memory-integrated, delivered-correct delegation)",O-Bench,O,O1,HG6,U1,role_registry,multi_agent_organization,T1,B,O1 — Role Registry (B),Demonstrate 'role registry' as a property of real role/process structure. Variant B: role churn/conflicting evidence/resource pressure.,At least two real agent/process roles with evidence-bearing communication; higher levels require persistent org state and evaluator/promoter separation.,"organization trace, role/evidence ledger, externally verified result",Externally verified O1 organizational behavior plus lower-level retention; strongest member alone cannot satisfy criterion.,"Hidden role competence, failures, resource changes or novel discovery target.",independent_reference_or_deterministic,H1,CID1,0.8,10,no,all lower O levels; member evidence reported separately,specification-only,False,required for formal certification,HIL-R2,True,True,False,False,False,organization success; routing/coordination; retention,communication cost; role violations; evidence loss; regression,hidden/sealed assets; candidate cannot write verifier/acceptance criteria,certification-spec,
O-O1-SHARED_MEMOR-A,1.0,"Unified Intelligence / HIL Framework v1.5.1 (memory-integrated, delivered-correct delegation)",O-Bench,O,O1,HG6,U1,shared_memory,multi_agent_organization,T1,A,O1 — Shared Memory (A),Demonstrate 'shared memory' as a property of real role/process structure. Variant A: controlled organization state.,At least two real agent/process roles with evidence-bearing communication; higher levels require persistent org state and evaluator/promoter separation.,"organization trace, role/evidence ledger, externally verified result",Externally verified O1 organizational behavior plus lower-level retention; strongest member alone cannot satisfy criterion.,"Hidden role competence, failures, resource changes or novel discovery target.",independent_reference_or_deterministic,H1,CID1,0.8,10,no,all lower O levels; member evidence reported separately,specification-only,False,required for formal certification,HIL-R2,True,True,False,False,False,organization success; routing/coordination; retention,communication cost; role violations; evidence loss; regression,hidden/sealed assets; candidate cannot write verifier/acceptance criteria,certification-spec,
O-O1-SHARED_MEMOR-B,1.0,"Unified Intelligence / HIL Framework v1.5.1 (memory-integrated, delivered-correct delegation)",O-Bench,O,O1,HG6,U1,shared_memory,multi_agent_organization,T1,B,O1 — Shared Memory (B),Demonstrate 'shared memory' as a property of real role/process structure. Variant B: role churn/conflicting evidence/resource pressure.,At least two real agent/process roles with evidence-bearing communication; higher levels require persistent org state and evaluator/promoter separation.,"organization trace, role/evidence ledger, externally verified result",Externally verified O1 organizational behavior plus lower-level retention; strongest member alone cannot satisfy criterion.,"Hidden role competence, failures, resource changes or novel discovery target.",independent_reference_or_deterministic,H1,CID1,0.8,10,no,all lower O levels; member evidence reported separately,specification-only,False,required for formal certification,HIL-R2,True,True,False,False,False,organization success; routing/coordination; retention,communication cost; role violations; evidence loss; regression,hidden/sealed assets; candidate cannot write verifier/acceptance criteria,certification-spec,
O-O1-TASK_HISTORY-A,1.0,"Unified Intelligence / HIL Framework v1.5.1 (memory-integrated, delivered-correct delegation)",O-Bench,O,O1,HG6,U1,task_history,multi_agent_organization,T1,A,O1 — Task History (A),Demonstrate 'task history' as a property of real role/process structure. Variant A: controlled organization state.,At least two real agent/process roles with evidence-bearing communication; higher levels require persistent org state and evaluator/promoter separation.,"organization trace, role/evidence ledger, externally verified result",Externally verified O1 organizational behavior plus lower-level retention; strongest member alone cannot satisfy criterion.,"Hidden role competence, failures, resource changes or novel discovery target.",independent_reference_or_deterministic,H1,CID1,0.8,10,no,all lower O levels; member evidence reported separately,specification-only,False,required for formal certification,HIL-R2,True,True,False,False,False,organization success; routing/coordination; retention,communication cost; role violations; evidence loss; regression,hidden/sealed assets; candidate cannot write verifier/acceptance criteria,certification-spec,
O-O1-TASK_HISTORY-B,1.0,"Unified Intelligence / HIL Framework v1.5.1 (memory-integrated, delivered-correct delegation)",O-Bench,O,O1,HG6,U1,task_history,multi_agent_organization,T1,B,O1 — Task History (B),Demonstrate 'task history' as a property of real role/process structure. Variant B: role churn/conflicting evidence/resource pressure.,At least two real agent/process roles with evidence-bearing communication; higher levels require persistent org state and evaluator/promoter separation.,"organization trace, role/evidence ledger, externally verified result",Externally verified O1 organizational behavior plus lower-level retention; strongest member alone cannot satisfy criterion.,"Hidden role competence, failures, resource changes or novel discovery target.",independent_reference_or_deterministic,H1,CID1,0.8,10,no,all lower O levels; member evidence reported separately,specification-only,False,required for formal certification,HIL-R2,True,True,False,False,False,organization success; routing/coordination; retention,communication cost; role violations; evidence loss; regression,hidden/sealed assets; candidate cannot write verifier/acceptance criteria,certification-spec,
O-O1-EVIDENCE_LIN-A,1.0,"Unified Intelligence / HIL Framework v1.5.1 (memory-integrated, delivered-correct delegation)",O-Bench,O,O1,HG6,U1,evidence_lineage,multi_agent_organization,T1,A,O1 — Evidence Lineage (A),Demonstrate 'evidence lineage' as a property of real role/process structure. Variant A: controlled organization state.,At least two real agent/process roles with evidence-bearing communication; higher levels require persistent org state and evaluator/promoter separation.,"organization trace, role/evidence ledger, externally verified result",Externally verified O1 organizational behavior plus lower-level retention; strongest member alone cannot satisfy criterion.,"Hidden role competence, failures, resource changes or novel discovery target.",independent_reference_or_deterministic,H1,CID1,0.8,10,no,all lower O levels; member evidence reported separately,specification-only,False,required for formal certification,HIL-R2,True,True,False,False,False,organization success; routing/coordination; retention,communication cost; role violations; evidence loss; regression,hidden/sealed assets; candidate cannot write verifier/acceptance criteria,certification-spec,
O-O1-EVIDENCE_LIN-B,1.0,"Unified Intelligence / HIL Framework v1.5.1 (memory-integrated, delivered-correct delegation)",O-Bench,O,O1,HG6,U1,evidence_lineage,multi_agent_organization,T1,B,O1 — Evidence Lineage (B),Demonstrate 'evidence lineage' as a property of real role/process structure. Variant B: role churn/conflicting evidence/resource pressure.,At least two real agent/process roles with evidence-bearing communication; higher levels require persistent org state and evaluator/promoter separation.,"organization trace, role/evidence ledger, externally verified result",Externally verified O1 organizational behavior plus lower-level retention; strongest member alone cannot satisfy criterion.,"Hidden role competence, failures, resource changes or novel discovery target.",independent_reference_or_deterministic,H1,CID1,0.8,10,no,all lower O levels; member evidence reported separately,specification-only,False,required for formal certification,HIL-R2,True,True,False,False,False,organization success; routing/coordination; retention,communication cost; role violations; evidence loss; regression,hidden/sealed assets; candidate cannot write verifier/acceptance criteria,certification-spec,
O-O1-MEMBER_TURNO-A,1.0,"Unified Intelligence / HIL Framework v1.5.1 (memory-integrated, delivered-correct delegation)",O-Bench,O,O1,HG6,U1,member_turnover,multi_agent_organization,T1,A,O1 — Member Turnover (A),Demonstrate 'member turnover' as a property of real role/process structure. Variant A: controlled organization state.,At least two real agent/process roles with evidence-bearing communication; higher levels require persistent org state and evaluator/promoter separation.,"organization trace, role/evidence ledger, externally verified result",Externally verified O1 organizational behavior plus lower-level retention; strongest member alone cannot satisfy criterion.,"Hidden role competence, failures, resource changes or novel discovery target.",independent_reference_or_deterministic,H1,CID1,0.8,10,no,all lower O levels; member evidence reported separately,specification-only,False,required for formal certification,HIL-R2,True,True,False,False,False,organization success; routing/coordination; retention,communication cost; role violations; evidence loss; regression,hidden/sealed assets; candidate cannot write verifier/acceptance criteria,certification-spec,
O-O1-MEMBER_TURNO-B,1.0,"Unified Intelligence / HIL Framework v1.5.1 (memory-integrated, delivered-correct delegation)",O-Bench,O,O1,HG6,U1,member_turnover,multi_agent_organization,T1,B,O1 — Member Turnover (B),Demonstrate 'member turnover' as a property of real role/process structure. Variant B: role churn/conflicting evidence/resource pressure.,At least two real agent/process roles with evidence-bearing communication; higher levels require persistent org state and evaluator/promoter separation.,"organization trace, role/evidence ledger, externally verified result",Externally verified O1 organizational behavior plus lower-level retention; strongest member alone cannot satisfy criterion.,"Hidden role competence, failures, resource changes or novel discovery target.",independent_reference_or_deterministic,H1,CID1,0.8,10,no,all lower O levels; member evidence reported separately,specification-only,False,required for formal certification,HIL-R2,True,True,False,False,False,organization success; routing/coordination; retention,communication cost; role violations; evidence loss; regression,hidden/sealed assets; candidate cannot write verifier/acceptance criteria,certification-spec,
O-O2-ADAPTIVE_ROU-A,1.0,"Unified Intelligence / HIL Framework v1.5.1 (memory-integrated, delivered-correct delegation)",O-Bench,O,O2,HG6,U2,adaptive_routing,multi_agent_organization,T2,A,O2 — Adaptive Routing (A),Demonstrate 'adaptive routing' as a property of real role/process structure. Variant A: controlled organization state.,At least two real agent/process roles with evidence-bearing communication; higher levels require persistent org state and evaluator/promoter separation.,"organization trace, role/evidence ledger, externally verified result",Externally verified O2 organizational behavior plus lower-level retention; strongest member alone cannot satisfy criterion.,"Hidden role competence, failures, resource changes or novel discovery target.",independent_reference_or_deterministic,H1,CID1,0.8,10,no,all lower O levels; member evidence reported separately,specification-only,False,required for formal certification,HIL-R2,True,True,True,False,True,organization success; routing/coordination; retention,communication cost; role violations; evidence loss; regression,hidden/sealed assets; candidate cannot write verifier/acceptance criteria,certification-spec,
O-O2-ADAPTIVE_ROU-B,1.0,"Unified Intelligence / HIL Framework v1.5.1 (memory-integrated, delivered-correct delegation)",O-Bench,O,O2,HG6,U2,adaptive_routing,multi_agent_organization,T2,B,O2 — Adaptive Routing (B),Demonstrate 'adaptive routing' as a property of real role/process structure. Variant B: role churn/conflicting evidence/resource pressure.,At least two real agent/process roles with evidence-bearing communication; higher levels require persistent org state and evaluator/promoter separation.,"organization trace, role/evidence ledger, externally verified result",Externally verified O2 organizational behavior plus lower-level retention; strongest member alone cannot satisfy criterion.,"Hidden role competence, failures, resource changes or novel discovery target.",independent_reference_or_deterministic,H1,CID1,0.8,10,no,all lower O levels; member evidence reported separately,specification-only,False,required for formal certification,HIL-R2,True,True,True,False,True,organization success; routing/coordination; retention,communication cost; role violations; evidence loss; regression,hidden/sealed assets; candidate cannot write verifier/acceptance criteria,certification-spec,
O-O2-COMPETENCE_L-A,1.0,"Unified Intelligence / HIL Framework v1.5.1 (memory-integrated, delivered-correct delegation)",O-Bench,O,O2,HG6,U2,competence_learning,multi_agent_organization,T2,A,O2 — Competence Learning (A),Demonstrate 'competence learning' as a property of real role/process structure. Variant A: controlled organization state.,At least two real agent/process roles with evidence-bearing communication; higher levels require persistent org state and evaluator/promoter separation.,"organization trace, role/evidence ledger, externally verified result",Externally verified O2 organizational behavior plus lower-level retention; strongest member alone cannot satisfy criterion.,"Hidden role competence, failures, resource changes or novel discovery target.",independent_reference_or_deterministic,H1,CID1,0.8,10,no,all lower O levels; member evidence reported separately,specification-only,False,required for formal certification,HIL-R2,True,True,True,False,True,organization success; routing/coordination; retention,communication cost; role violations; evidence loss; regression,hidden/sealed assets; candidate cannot write verifier/acceptance criteria,certification-spec,
O-O2-COMPETENCE_L-B,1.0,"Unified Intelligence / HIL Framework v1.5.1 (memory-integrated, delivered-correct delegation)",O-Bench,O,O2,HG6,U2,competence_learning,multi_agent_organization,T2,B,O2 — Competence Learning (B),Demonstrate 'competence learning' as a property of real role/process structure. Variant B: role churn/conflicting evidence/resource pressure.,At least two real agent/process roles with evidence-bearing communication; higher levels require persistent org state and evaluator/promoter separation.,"organization trace, role/evidence ledger, externally verified result",Externally verified O2 organizational behavior plus lower-level retention; strongest member alone cannot satisfy criterion.,"Hidden role competence, failures, resource changes or novel discovery target.",independent_reference_or_deterministic,H1,CID1,0.8,10,no,all lower O levels; member evidence reported separately,specification-only,False,required for formal certification,HIL-R2,True,True,True,False,True,organization success; routing/coordination; retention,communication cost; role violations; evidence loss; regression,hidden/sealed assets; candidate cannot write verifier/acceptance criteria,certification-spec,
O-O2-RESOURCE_ALL-A,1.0,"Unified Intelligence / HIL Framework v1.5.1 (memory-integrated, delivered-correct delegation)",O-Bench,O,O2,HG6,U2,resource_allocation,multi_agent_organization,T2,A,O2 — Resource Allocation (A),Demonstrate 'resource allocation' as a property of real role/process structure. Variant A: controlled organization state.,At least two real agent/process roles with evidence-bearing communication; higher levels require persistent org state and evaluator/promoter separation.,"organization trace, role/evidence ledger, externally verified result",Externally verified O2 organizational behavior plus lower-level retention; strongest member alone cannot satisfy criterion.,"Hidden role competence, failures, resource changes or novel discovery target.",independent_reference_or_deterministic,H1,CID1,0.8,10,no,all lower O levels; member evidence reported separately,specification-only,False,required for formal certification,HIL-R2,True,True,True,False,True,organization success; routing/coordination; retention,communication cost; role violations; evidence loss; regression,hidden/sealed assets; candidate cannot write verifier/acceptance criteria,certification-spec,
O-O2-RESOURCE_ALL-B,1.0,"Unified Intelligence / HIL Framework v1.5.1 (memory-integrated, delivered-correct delegation)",O-Bench,O,O2,HG6,U2,resource_allocation,multi_agent_organization,T2,B,O2 — Resource Allocation (B),Demonstrate 'resource allocation' as a property of real role/process structure. Variant B: role churn/conflicting evidence/resource pressure.,At least two real agent/process roles with evidence-bearing communication; higher levels require persistent org state and evaluator/promoter separation.,"organization trace, role/evidence ledger, externally verified result",Externally verified O2 organizational behavior plus lower-level retention; strongest member alone cannot satisfy criterion.,"Hidden role competence, failures, resource changes or novel discovery target.",independent_reference_or_deterministic,H1,CID1,0.8,10,no,all lower O levels; member evidence reported separately,specification-only,False,required for formal certification,HIL-R2,True,True,True,False,True,organization success; routing/coordination; retention,communication cost; role violations; evidence loss; regression,hidden/sealed assets; candidate cannot write verifier/acceptance criteria,certification-spec,
O-O2-LOAD_BALANCI-A,1.0,"Unified Intelligence / HIL Framework v1.5.1 (memory-integrated, delivered-correct delegation)",O-Bench,O,O2,HG6,U2,load_balancing,multi_agent_organization,T2,A,O2 — Load Balancing (A),Demonstrate 'load balancing' as a property of real role/process structure. Variant A: controlled organization state.,At least two real agent/process roles with evidence-bearing communication; higher levels require persistent org state and evaluator/promoter separation.,"organization trace, role/evidence ledger, externally verified result",Externally verified O2 organizational behavior plus lower-level retention; strongest member alone cannot satisfy criterion.,"Hidden role competence, failures, resource changes or novel discovery target.",independent_reference_or_deterministic,H1,CID1,0.8,10,no,all lower O levels; member evidence reported separately,specification-only,False,required for formal certification,HIL-R2,True,True,True,False,True,organization success; routing/coordination; retention,communication cost; role violations; evidence loss; regression,hidden/sealed assets; candidate cannot write verifier/acceptance criteria,certification-spec,
O-O2-LOAD_BALANCI-B,1.0,"Unified Intelligence / HIL Framework v1.5.1 (memory-integrated, delivered-correct delegation)",O-Bench,O,O2,HG6,U2,load_balancing,multi_agent_organization,T2,B,O2 — Load Balancing (B),Demonstrate 'load balancing' as a property of real role/process structure. Variant B: role churn/conflicting evidence/resource pressure.,At least two real agent/process roles with evidence-bearing communication; higher levels require persistent org state and evaluator/promoter separation.,"organization trace, role/evidence ledger, externally verified result",Externally verified O2 organizational behavior plus lower-level retention; strongest member alone cannot satisfy criterion.,"Hidden role competence, failures, resource changes or novel discovery target.",independent_reference_or_deterministic,H1,CID1,0.8,10,no,all lower O levels; member evidence reported separately,specification-only,False,required for formal certification,HIL-R2,True,True,True,False,True,organization success; routing/coordination; retention,communication cost; role violations; evidence loss; regression,hidden/sealed assets; candidate cannot write verifier/acceptance criteria,certification-spec,
O-O2-ROLE_ASSIGNM-A,1.0,"Unified Intelligence / HIL Framework v1.5.1 (memory-integrated, delivered-correct delegation)",O-Bench,O,O2,HG6,U2,role_assignment,multi_agent_organization,T2,A,O2 — Role Assignment (A),Demonstrate 'role assignment' as a property of real role/process structure. Variant A: controlled organization state.,At least two real agent/process roles with evidence-bearing communication; higher levels require persistent org state and evaluator/promoter separation.,"organization trace, role/evidence ledger, externally verified result",Externally verified O2 organizational behavior plus lower-level retention; strongest member alone cannot satisfy criterion.,"Hidden role competence, failures, resource changes or novel discovery target.",independent_reference_or_deterministic,H1,CID1,0.8,10,no,all lower O levels; member evidence reported separately,specification-only,False,required for formal certification,HIL-R2,True,True,True,False,True,organization success; routing/coordination; retention,communication cost; role violations; evidence loss; regression,hidden/sealed assets; candidate cannot write verifier/acceptance criteria,certification-spec,
O-O2-ROLE_ASSIGNM-B,1.0,"Unified Intelligence / HIL Framework v1.5.1 (memory-integrated, delivered-correct delegation)",O-Bench,O,O2,HG6,U2,role_assignment,multi_agent_organization,T2,B,O2 — Role Assignment (B),Demonstrate 'role assignment' as a property of real role/process structure. Variant B: role churn/conflicting evidence/resource pressure.,At least two real agent/process roles with evidence-bearing communication; higher levels require persistent org state and evaluator/promoter separation.,"organization trace, role/evidence ledger, externally verified result",Externally verified O2 organizational behavior plus lower-level retention; strongest member alone cannot satisfy criterion.,"Hidden role competence, failures, resource changes or novel discovery target.",independent_reference_or_deterministic,H1,CID1,0.8,10,no,all lower O levels; member evidence reported separately,specification-only,False,required for formal certification,HIL-R2,True,True,True,False,True,organization success; routing/coordination; retention,communication cost; role violations; evidence loss; regression,hidden/sealed assets; candidate cannot write verifier/acceptance criteria,certification-spec,
O-O2-COMMUNICATIO-A,1.0,"Unified Intelligence / HIL Framework v1.5.1 (memory-integrated, delivered-correct delegation)",O-Bench,O,O2,HG6,U2,communication_policy,multi_agent_organization,T2,A,O2 — Communication Policy (A),Demonstrate 'communication policy' as a property of real role/process structure. Variant A: controlled organization state.,At least two real agent/process roles with evidence-bearing communication; higher levels require persistent org state and evaluator/promoter separation.,"organization trace, role/evidence ledger, externally verified result",Externally verified O2 organizational behavior plus lower-level retention; strongest member alone cannot satisfy criterion.,"Hidden role competence, failures, resource changes or novel discovery target.",independent_reference_or_deterministic,H1,CID1,0.8,10,no,all lower O levels; member evidence reported separately,specification-only,False,required for formal certification,HIL-R2,True,True,True,False,True,organization success; routing/coordination; retention,communication cost; role violations; evidence loss; regression,hidden/sealed assets; candidate cannot write verifier/acceptance criteria,certification-spec,
O-O2-COMMUNICATIO-B,1.0,"Unified Intelligence / HIL Framework v1.5.1 (memory-integrated, delivered-correct delegation)",O-Bench,O,O2,HG6,U2,communication_policy,multi_agent_organization,T2,B,O2 — Communication Policy (B),Demonstrate 'communication policy' as a property of real role/process structure. Variant B: role churn/conflicting evidence/resource pressure.,At least two real agent/process roles with evidence-bearing communication; higher levels require persistent org state and evaluator/promoter separation.,"organization trace, role/evidence ledger, externally verified result",Externally verified O2 organizational behavior plus lower-level retention; strongest member alone cannot satisfy criterion.,"Hidden role competence, failures, resource changes or novel discovery target.",independent_reference_or_deterministic,H1,CID1,0.8,10,no,all lower O levels; member evidence reported separately,specification-only,False,required for formal certification,HIL-R2,True,True,True,False,True,organization success; routing/coordination; retention,communication cost; role violations; evidence loss; regression,hidden/sealed assets; candidate cannot write verifier/acceptance criteria,certification-spec,
O-O3-WORKFLOW_RED-A,1.0,"Unified Intelligence / HIL Framework v1.5.1 (memory-integrated, delivered-correct delegation)",O-Bench,O,O3,HG3,U3,workflow_redesign,multi_agent_organization,T3,A,O3 — Workflow Redesign (A),Demonstrate 'workflow redesign' as a property of real role/process structure. Variant A: controlled organization state.,At least two real agent/process roles with evidence-bearing communication; higher levels require persistent org state and evaluator/promoter separation.,"organization trace, role/evidence ledger, externally verified result",Externally verified O3 organizational behavior plus lower-level retention; strongest member alone cannot satisfy criterion.,"Hidden role competence, failures, resource changes or novel discovery target.",independent_reference_or_deterministic,H1,CID1,0.8,6,no,all lower O levels; member evidence reported separately,specification-only,False,required for formal certification,HIL-R2,True,True,True,True,False,organization success; routing/coordination; retention,communication cost; role violations; evidence loss; regression,hidden/sealed assets; candidate cannot write verifier/acceptance criteria,certification-spec,
O-O3-WORKFLOW_RED-B,1.0,"Unified Intelligence / HIL Framework v1.5.1 (memory-integrated, delivered-correct delegation)",O-Bench,O,O3,HG3,U3,workflow_redesign,multi_agent_organization,T3,B,O3 — Workflow Redesign (B),Demonstrate 'workflow redesign' as a property of real role/process structure. Variant B: role churn/conflicting evidence/resource pressure.,At least two real agent/process roles with evidence-bearing communication; higher levels require persistent org state and evaluator/promoter separation.,"organization trace, role/evidence ledger, externally verified result",Externally verified O3 organizational behavior plus lower-level retention; strongest member alone cannot satisfy criterion.,"Hidden role competence, failures, resource changes or novel discovery target.",independent_reference_or_deterministic,H1,CID1,0.8,6,no,all lower O levels; member evidence reported separately,specification-only,False,required for formal certification,HIL-R2,True,True,True,True,False,organization success; routing/coordination; retention,communication cost; role violations; evidence loss; regression,hidden/sealed assets; candidate cannot write verifier/acceptance criteria,certification-spec,
O-O3-TOPOLOGY_CHA-A,1.0,"Unified Intelligence / HIL Framework v1.5.1 (memory-integrated, delivered-correct delegation)",O-Bench,O,O3,HG3,U3,topology_change,multi_agent_organization,T3,A,O3 — Topology Change (A),Demonstrate 'topology change' as a property of real role/process structure. Variant A: controlled organization state.,At least two real agent/process roles with evidence-bearing communication; higher levels require persistent org state and evaluator/promoter separation.,"organization trace, role/evidence ledger, externally verified result",Externally verified O3 organizational behavior plus lower-level retention; strongest member alone cannot satisfy criterion.,"Hidden role competence, failures, resource changes or novel discovery target.",independent_reference_or_deterministic,H1,CID1,0.8,6,no,all lower O levels; member evidence reported separately,specification-only,False,required for formal certification,HIL-R2,True,True,True,True,False,organization success; routing/coordination; retention,communication cost; role violations; evidence loss; regression,hidden/sealed assets; candidate cannot write verifier/acceptance criteria,certification-spec,
O-O3-TOPOLOGY_CHA-B,1.0,"Unified Intelligence / HIL Framework v1.5.1 (memory-integrated, delivered-correct delegation)",O-Bench,O,O3,HG3,U3,topology_change,multi_agent_organization,T3,B,O3 — Topology Change (B),Demonstrate 'topology change' as a property of real role/process structure. Variant B: role churn/conflicting evidence/resource pressure.,At least two real agent/process roles with evidence-bearing communication; higher levels require persistent org state and evaluator/promoter separation.,"organization trace, role/evidence ledger, externally verified result",Externally verified O3 organizational behavior plus lower-level retention; strongest member alone cannot satisfy criterion.,"Hidden role competence, failures, resource changes or novel discovery target.",independent_reference_or_deterministic,H1,CID1,0.8,6,no,all lower O levels; member evidence reported separately,specification-only,False,required for formal certification,HIL-R2,True,True,True,True,False,organization success; routing/coordination; retention,communication cost; role violations; evidence loss; regression,hidden/sealed assets; candidate cannot write verifier/acceptance criteria,certification-spec,
O-O3-NEW_ROLE_PRO-A,1.0,"Unified Intelligence / HIL Framework v1.5.1 (memory-integrated, delivered-correct delegation)",O-Bench,O,O3,HG3,U3,new_role_proposal,multi_agent_organization,T3,A,O3 — New Role Proposal (A),Demonstrate 'new role proposal' as a property of real role/process structure. Variant A: controlled organization state.,At least two real agent/process roles with evidence-bearing communication; higher levels require persistent org state and evaluator/promoter separation.,"organization trace, role/evidence ledger, externally verified result",Externally verified O3 organizational behavior plus lower-level retention; strongest member alone cannot satisfy criterion.,"Hidden role competence, failures, resource changes or novel discovery target.",independent_reference_or_deterministic,H1,CID1,0.8,6,no,all lower O levels; member evidence reported separately,specification-only,False,required for formal certification,HIL-R2,True,True,True,True,False,organization success; routing/coordination; retention,communication cost; role violations; evidence loss; regression,hidden/sealed assets; candidate cannot write verifier/acceptance criteria,certification-spec,
O-O3-NEW_ROLE_PRO-B,1.0,"Unified Intelligence / HIL Framework v1.5.1 (memory-integrated, delivered-correct delegation)",O-Bench,O,O3,HG3,U3,new_role_proposal,multi_agent_organization,T3,B,O3 — New Role Proposal (B),Demonstrate 'new role proposal' as a property of real role/process structure. Variant B: role churn/conflicting evidence/resource pressure.,At least two real agent/process roles with evidence-bearing communication; higher levels require persistent org state and evaluator/promoter separation.,"organization trace, role/evidence ledger, externally verified result",Externally verified O3 organizational behavior plus lower-level retention; strongest member alone cannot satisfy criterion.,"Hidden role competence, failures, resource changes or novel discovery target.",independent_reference_or_deterministic,H1,CID1,0.8,6,no,all lower O levels; member evidence reported separately,specification-only,False,required for formal certification,HIL-R2,True,True,True,True,False,organization success; routing/coordination; retention,communication cost; role violations; evidence loss; regression,hidden/sealed assets; candidate cannot write verifier/acceptance criteria,certification-spec,
O-O3-VERIFIER_RES-A,1.0,"Unified Intelligence / HIL Framework v1.5.1 (memory-integrated, delivered-correct delegation)",O-Bench,O,O3,HG3,U3,verifier_restructure,multi_agent_organization,T3,A,O3 — Verifier Restructure (A),Demonstrate 'verifier restructure' as a property of real role/process structure. Variant A: controlled organization state.,At least two real agent/process roles with evidence-bearing communication; higher levels require persistent org state and evaluator/promoter separation.,"organization trace, role/evidence ledger, externally verified result",Externally verified O3 organizational behavior plus lower-level retention; strongest member alone cannot satisfy criterion.,"Hidden role competence, failures, resource changes or novel discovery target.",independent_reference_or_deterministic,H1,CID1,0.8,6,no,all lower O levels; member evidence reported separately,specification-only,False,required for formal certification,HIL-R2,True,True,True,True,False,organization success; routing/coordination; retention,communication cost; role violations; evidence loss; regression,hidden/sealed assets; candidate cannot write verifier/acceptance criteria,certification-spec,
O-O3-VERIFIER_RES-B,1.0,"Unified Intelligence / HIL Framework v1.5.1 (memory-integrated, delivered-correct delegation)",O-Bench,O,O3,HG3,U3,verifier_restructure,multi_agent_organization,T3,B,O3 — Verifier Restructure (B),Demonstrate 'verifier restructure' as a property of real role/process structure. Variant B: role churn/conflicting evidence/resource pressure.,At least two real agent/process roles with evidence-bearing communication; higher levels require persistent org state and evaluator/promoter separation.,"organization trace, role/evidence ledger, externally verified result",Externally verified O3 organizational behavior plus lower-level retention; strongest member alone cannot satisfy criterion.,"Hidden role competence, failures, resource changes or novel discovery target.",independent_reference_or_deterministic,H1,CID1,0.8,6,no,all lower O levels; member evidence reported separately,specification-only,False,required for formal certification,HIL-R2,True,True,True,True,False,organization success; routing/coordination; retention,communication cost; role violations; evidence loss; regression,hidden/sealed assets; candidate cannot write verifier/acceptance criteria,certification-spec,
O-O3-FAILURE_DRIV-A,1.0,"Unified Intelligence / HIL Framework v1.5.1 (memory-integrated, delivered-correct delegation)",O-Bench,O,O3,HG3,U3,failure_driven_reorg,multi_agent_organization,T3,A,O3 — Failure Driven Reorg (A),Demonstrate 'failure driven reorg' as a property of real role/process structure. Variant A: controlled organization state.,At least two real agent/process roles with evidence-bearing communication; higher levels require persistent org state and evaluator/promoter separation.,"organization trace, role/evidence ledger, externally verified result",Externally verified O3 organizational behavior plus lower-level retention; strongest member alone cannot satisfy criterion.,"Hidden role competence, failures, resource changes or novel discovery target.",independent_reference_or_deterministic,H1,CID1,0.8,6,no,all lower O levels; member evidence reported separately,specification-only,False,required for formal certification,HIL-R2,True,True,True,True,False,organization success; routing/coordination; retention,communication cost; role violations; evidence loss; regression,hidden/sealed assets; candidate cannot write verifier/acceptance criteria,certification-spec,
O-O3-FAILURE_DRIV-B,1.0,"Unified Intelligence / HIL Framework v1.5.1 (memory-integrated, delivered-correct delegation)",O-Bench,O,O3,HG3,U3,failure_driven_reorg,multi_agent_organization,T3,B,O3 — Failure Driven Reorg (B),Demonstrate 'failure driven reorg' as a property of real role/process structure. Variant B: role churn/conflicting evidence/resource pressure.,At least two real agent/process roles with evidence-bearing communication; higher levels require persistent org state and evaluator/promoter separation.,"organization trace, role/evidence ledger, externally verified result",Externally verified O3 organizational behavior plus lower-level retention; strongest member alone cannot satisfy criterion.,"Hidden role competence, failures, resource changes or novel discovery target.",independent_reference_or_deterministic,H1,CID1,0.8,6,no,all lower O levels; member evidence reported separately,specification-only,False,required for formal certification,HIL-R2,True,True,True,True,False,organization success; routing/coordination; retention,communication cost; role violations; evidence loss; regression,hidden/sealed assets; candidate cannot write verifier/acceptance criteria,certification-spec,
O-O3-PROMOTION_GO-A,1.0,"Unified Intelligence / HIL Framework v1.5.1 (memory-integrated, delivered-correct delegation)",O-Bench,O,O3,HG3,U3,promotion_governance,multi_agent_organization,T3,A,O3 — Promotion Governance (A),Demonstrate 'promotion governance' as a property of real role/process structure. Variant A: controlled organization state.,At least two real agent/process roles with evidence-bearing communication; higher levels require persistent org state and evaluator/promoter separation.,"organization trace, role/evidence ledger, externally verified result",Externally verified O3 organizational behavior plus lower-level retention; strongest member alone cannot satisfy criterion.,"Hidden role competence, failures, resource changes or novel discovery target.",independent_reference_or_deterministic,H1,CID1,0.8,6,no,all lower O levels; member evidence reported separately,specification-only,False,required for formal certification,HIL-R2,True,True,True,True,False,organization success; routing/coordination; retention,communication cost; role violations; evidence loss; regression,hidden/sealed assets; candidate cannot write verifier/acceptance criteria,certification-spec,
O-O3-PROMOTION_GO-B,1.0,"Unified Intelligence / HIL Framework v1.5.1 (memory-integrated, delivered-correct delegation)",O-Bench,O,O3,HG3,U3,promotion_governance,multi_agent_organization,T3,B,O3 — Promotion Governance (B),Demonstrate 'promotion governance' as a property of real role/process structure. Variant B: role churn/conflicting evidence/resource pressure.,At least two real agent/process roles with evidence-bearing communication; higher levels require persistent org state and evaluator/promoter separation.,"organization trace, role/evidence ledger, externally verified result",Externally verified O3 organizational behavior plus lower-level retention; strongest member alone cannot satisfy criterion.,"Hidden role competence, failures, resource changes or novel discovery target.",independent_reference_or_deterministic,H1,CID1,0.8,6,no,all lower O levels; member evidence reported separately,specification-only,False,required for formal certification,HIL-R2,True,True,True,True,False,organization success; routing/coordination; retention,communication cost; role violations; evidence loss; regression,hidden/sealed assets; candidate cannot write verifier/acceptance criteria,certification-spec,
O-O4-META_REORGAN-A,1.0,"Unified Intelligence / HIL Framework v1.5.1 (memory-integrated, delivered-correct delegation)",O-Bench,O,O4,HG4,U4,meta_reorganization,multi_agent_organization,T4,A,O4 — Meta Reorganization (A),Demonstrate 'meta reorganization' as a property of real role/process structure. Variant A: controlled organization state.,At least two real agent/process roles with evidence-bearing communication; higher levels require persistent org state and evaluator/promoter separation.,"organization trace, role/evidence ledger, externally verified result",Externally verified O4 organizational behavior plus lower-level retention; strongest member alone cannot satisfy criterion.,"Hidden role competence, failures, resource changes or novel discovery target.",independent_reference_or_deterministic,H1,CID1,0.7,6,no,all lower O levels; member evidence reported separately,specification-only,False,required for formal certification,HIL-R2,True,True,True,True,False,organization success; routing/coordination; retention,communication cost; role violations; evidence loss; regression,hidden/sealed assets; candidate cannot write verifier/acceptance criteria,certification-spec,
O-O4-META_REORGAN-B,1.0,"Unified Intelligence / HIL Framework v1.5.1 (memory-integrated, delivered-correct delegation)",O-Bench,O,O4,HG4,U4,meta_reorganization,multi_agent_organization,T4,B,O4 — Meta Reorganization (B),Demonstrate 'meta reorganization' as a property of real role/process structure. Variant B: role churn/conflicting evidence/resource pressure.,At least two real agent/process roles with evidence-bearing communication; higher levels require persistent org state and evaluator/promoter separation.,"organization trace, role/evidence ledger, externally verified result",Externally verified O4 organizational behavior plus lower-level retention; strongest member alone cannot satisfy criterion.,"Hidden role competence, failures, resource changes or novel discovery target.",independent_reference_or_deterministic,H1,CID1,0.7,6,no,all lower O levels; member evidence reported separately,specification-only,False,required for formal certification,HIL-R2,True,True,True,True,False,organization success; routing/coordination; retention,communication cost; role violations; evidence loss; regression,hidden/sealed assets; candidate cannot write verifier/acceptance criteria,certification-spec,
O-O4-PROPOSAL_SEA-A,1.0,"Unified Intelligence / HIL Framework v1.5.1 (memory-integrated, delivered-correct delegation)",O-Bench,O,O4,HG4,U4,proposal_search_improvement,multi_agent_organization,T4,A,O4 — Proposal Search Improvement (A),Demonstrate 'proposal search improvement' as a property of real role/process structure. Variant A: controlled organization state.,At least two real agent/process roles with evidence-bearing communication; higher levels require persistent org state and evaluator/promoter separation.,"organization trace, role/evidence ledger, externally verified result",Externally verified O4 organizational behavior plus lower-level retention; strongest member alone cannot satisfy criterion.,"Hidden role competence, failures, resource changes or novel discovery target.",independent_reference_or_deterministic,H1,CID1,0.7,6,no,all lower O levels; member evidence reported separately,specification-only,False,required for formal certification,HIL-R2,True,True,True,True,False,organization success; routing/coordination; retention,communication cost; role violations; evidence loss; regression,hidden/sealed assets; candidate cannot write verifier/acceptance criteria,certification-spec,
O-O4-PROPOSAL_SEA-B,1.0,"Unified Intelligence / HIL Framework v1.5.1 (memory-integrated, delivered-correct delegation)",O-Bench,O,O4,HG4,U4,proposal_search_improvement,multi_agent_organization,T4,B,O4 — Proposal Search Improvement (B),Demonstrate 'proposal search improvement' as a property of real role/process structure. Variant B: role churn/conflicting evidence/resource pressure.,At least two real agent/process roles with evidence-bearing communication; higher levels require persistent org state and evaluator/promoter separation.,"organization trace, role/evidence ledger, externally verified result",Externally verified O4 organizational behavior plus lower-level retention; strongest member alone cannot satisfy criterion.,"Hidden role competence, failures, resource changes or novel discovery target.",independent_reference_or_deterministic,H1,CID1,0.7,6,no,all lower O levels; member evidence reported separately,specification-only,False,required for formal certification,HIL-R2,True,True,True,True,False,organization success; routing/coordination; retention,communication cost; role violations; evidence loss; regression,hidden/sealed assets; candidate cannot write verifier/acceptance criteria,certification-spec,
O-O4-ORG_EVALUATI-A,1.0,"Unified Intelligence / HIL Framework v1.5.1 (memory-integrated, delivered-correct delegation)",O-Bench,O,O4,HG4,U4,org_evaluation_improvement,multi_agent_organization,T4,A,O4 — Org Evaluation Improvement (A),Demonstrate 'org evaluation improvement' as a property of real role/process structure. Variant A: controlled organization state.,At least two real agent/process roles with evidence-bearing communication; higher levels require persistent org state and evaluator/promoter separation.,"organization trace, role/evidence ledger, externally verified result",Externally verified O4 organizational behavior plus lower-level retention; strongest member alone cannot satisfy criterion.,"Hidden role competence, failures, resource changes or novel discovery target.",independent_reference_or_deterministic,H1,CID1,0.7,6,no,all lower O levels; member evidence reported separately,specification-only,False,required for formal certification,HIL-R2,True,True,True,True,False,organization success; routing/coordination; retention,communication cost; role violations; evidence loss; regression,hidden/sealed assets; candidate cannot write verifier/acceptance criteria,certification-spec,
O-O4-ORG_EVALUATI-B,1.0,"Unified Intelligence / HIL Framework v1.5.1 (memory-integrated, delivered-correct delegation)",O-Bench,O,O4,HG4,U4,org_evaluation_improvement,multi_agent_organization,T4,B,O4 — Org Evaluation Improvement (B),Demonstrate 'org evaluation improvement' as a property of real role/process structure. Variant B: role churn/conflicting evidence/resource pressure.,At least two real agent/process roles with evidence-bearing communication; higher levels require persistent org state and evaluator/promoter separation.,"organization trace, role/evidence ledger, externally verified result",Externally verified O4 organizational behavior plus lower-level retention; strongest member alone cannot satisfy criterion.,"Hidden role competence, failures, resource changes or novel discovery target.",independent_reference_or_deterministic,H1,CID1,0.7,6,no,all lower O levels; member evidence reported separately,specification-only,False,required for formal certification,HIL-R2,True,True,True,True,False,organization success; routing/coordination; retention,communication cost; role violations; evidence loss; regression,hidden/sealed assets; candidate cannot write verifier/acceptance criteria,certification-spec,
O-O4-META_RESOURC-A,1.0,"Unified Intelligence / HIL Framework v1.5.1 (memory-integrated, delivered-correct delegation)",O-Bench,O,O4,HG4,U4,meta_resource_policy,multi_agent_organization,T4,A,O4 — Meta Resource Policy (A),Demonstrate 'meta resource policy' as a property of real role/process structure. Variant A: controlled organization state.,At least two real agent/process roles with evidence-bearing communication; higher levels require persistent org state and evaluator/promoter separation.,"organization trace, role/evidence ledger, externally verified result",Externally verified O4 organizational behavior plus lower-level retention; strongest member alone cannot satisfy criterion.,"Hidden role competence, failures, resource changes or novel discovery target.",independent_reference_or_deterministic,H1,CID1,0.7,6,no,all lower O levels; member evidence reported separately,specification-only,False,required for formal certification,HIL-R2,True,True,True,True,False,organization success; routing/coordination; retention,communication cost; role violations; evidence loss; regression,hidden/sealed assets; candidate cannot write verifier/acceptance criteria,certification-spec,
O-O4-META_RESOURC-B,1.0,"Unified Intelligence / HIL Framework v1.5.1 (memory-integrated, delivered-correct delegation)",O-Bench,O,O4,HG4,U4,meta_resource_policy,multi_agent_organization,T4,B,O4 — Meta Resource Policy (B),Demonstrate 'meta resource policy' as a property of real role/process structure. Variant B: role churn/conflicting evidence/resource pressure.,At least two real agent/process roles with evidence-bearing communication; higher levels require persistent org state and evaluator/promoter separation.,"organization trace, role/evidence ledger, externally verified result",Externally verified O4 organizational behavior plus lower-level retention; strongest member alone cannot satisfy criterion.,"Hidden role competence, failures, resource changes or novel discovery target.",independent_reference_or_deterministic,H1,CID1,0.7,6,no,all lower O levels; member evidence reported separately,specification-only,False,required for formal certification,HIL-R2,True,True,True,True,False,organization success; routing/coordination; retention,communication cost; role violations; evidence loss; regression,hidden/sealed assets; candidate cannot write verifier/acceptance criteria,certification-spec,
O-O4-DRIFT_CONTRO-A,1.0,"Unified Intelligence / HIL Framework v1.5.1 (memory-integrated, delivered-correct delegation)",O-Bench,O,O4,HG4,U4,drift_control,multi_agent_organization,T4,A,O4 — Drift Control (A),Demonstrate 'drift control' as a property of real role/process structure. Variant A: controlled organization state.,At least two real agent/process roles with evidence-bearing communication; higher levels require persistent org state and evaluator/promoter separation.,"organization trace, role/evidence ledger, externally verified result",Externally verified O4 organizational behavior plus lower-level retention; strongest member alone cannot satisfy criterion.,"Hidden role competence, failures, resource changes or novel discovery target.",independent_reference_or_deterministic,H1,CID1,0.7,6,no,all lower O levels; member evidence reported separately,specification-only,False,required for formal certification,HIL-R2,True,True,True,True,False,organization success; routing/coordination; retention,communication cost; role violations; evidence loss; regression,hidden/sealed assets; candidate cannot write verifier/acceptance criteria,certification-spec,
O-O4-DRIFT_CONTRO-B,1.0,"Unified Intelligence / HIL Framework v1.5.1 (memory-integrated, delivered-correct delegation)",O-Bench,O,O4,HG4,U4,drift_control,multi_agent_organization,T4,B,O4 — Drift Control (B),Demonstrate 'drift control' as a property of real role/process structure. Variant B: role churn/conflicting evidence/resource pressure.,At least two real agent/process roles with evidence-bearing communication; higher levels require persistent org state and evaluator/promoter separation.,"organization trace, role/evidence ledger, externally verified result",Externally verified O4 organizational behavior plus lower-level retention; strongest member alone cannot satisfy criterion.,"Hidden role competence, failures, resource changes or novel discovery target.",independent_reference_or_deterministic,H1,CID1,0.7,6,no,all lower O levels; member evidence reported separately,specification-only,False,required for formal certification,HIL-R2,True,True,True,True,False,organization success; routing/coordination; retention,communication cost; role violations; evidence loss; regression,hidden/sealed assets; candidate cannot write verifier/acceptance criteria,certification-spec,
O-O4-META_LINEAGE-A,1.0,"Unified Intelligence / HIL Framework v1.5.1 (memory-integrated, delivered-correct delegation)",O-Bench,O,O4,HG4,U4,meta_lineage,multi_agent_organization,T4,A,O4 — Meta Lineage (A),Demonstrate 'meta lineage' as a property of real role/process structure. Variant A: controlled organization state.,At least two real agent/process roles with evidence-bearing communication; higher levels require persistent org state and evaluator/promoter separation.,"organization trace, role/evidence ledger, externally verified result",Externally verified O4 organizational behavior plus lower-level retention; strongest member alone cannot satisfy criterion.,"Hidden role competence, failures, resource changes or novel discovery target.",independent_reference_or_deterministic,H1,CID1,0.7,6,no,all lower O levels; member evidence reported separately,specification-only,False,required for formal certification,HIL-R2,True,True,True,True,False,organization success; routing/coordination; retention,communication cost; role violations; evidence loss; regression,hidden/sealed assets; candidate cannot write verifier/acceptance criteria,certification-spec,
O-O4-META_LINEAGE-B,1.0,"Unified Intelligence / HIL Framework v1.5.1 (memory-integrated, delivered-correct delegation)",O-Bench,O,O4,HG4,U4,meta_lineage,multi_agent_organization,T4,B,O4 — Meta Lineage (B),Demonstrate 'meta lineage' as a property of real role/process structure. Variant B: role churn/conflicting evidence/resource pressure.,At least two real agent/process roles with evidence-bearing communication; higher levels require persistent org state and evaluator/promoter separation.,"organization trace, role/evidence ledger, externally verified result",Externally verified O4 organizational behavior plus lower-level retention; strongest member alone cannot satisfy criterion.,"Hidden role competence, failures, resource changes or novel discovery target.",independent_reference_or_deterministic,H1,CID1,0.7,6,no,all lower O levels; member evidence reported separately,specification-only,False,required for formal certification,HIL-R2,True,True,True,True,False,organization success; routing/coordination; retention,communication cost; role violations; evidence loss; regression,hidden/sealed assets; candidate cannot write verifier/acceptance criteria,certification-spec,
O-O5-COLLECTIVE_H-A,1.0,"Unified Intelligence / HIL Framework v1.5.1 (memory-integrated, delivered-correct delegation)",O-Bench,O,O5,HG5,U5,collective_hypothesis,multi_agent_organization,T5,A,O5 — Collective Hypothesis (A),Demonstrate 'collective hypothesis' as a property of real role/process structure. Variant A: controlled organization state.,At least two real agent/process roles with evidence-bearing communication; higher levels require persistent org state and evaluator/promoter separation.,"organization trace, role/evidence ledger, externally verified result",Externally verified O5 organizational behavior plus lower-level retention; strongest member alone cannot satisfy criterion.,"Hidden role competence, failures, resource changes or novel discovery target.",independent_reference_or_deterministic,H1,CID1,0.7,6,no,all lower O levels; member evidence reported separately,specification-only,False,required for formal certification,HIL-R2,True,True,True,False,True,organization success; routing/coordination; retention,communication cost; role violations; evidence loss; regression,hidden/sealed assets; candidate cannot write verifier/acceptance criteria,certification-spec,
O-O5-COLLECTIVE_H-B,1.0,"Unified Intelligence / HIL Framework v1.5.1 (memory-integrated, delivered-correct delegation)",O-Bench,O,O5,HG5,U5,collective_hypothesis,multi_agent_organization,T5,B,O5 — Collective Hypothesis (B),Demonstrate 'collective hypothesis' as a property of real role/process structure. Variant B: role churn/conflicting evidence/resource pressure.,At least two real agent/process roles with evidence-bearing communication; higher levels require persistent org state and evaluator/promoter separation.,"organization trace, role/evidence ledger, externally verified result",Externally verified O5 organizational behavior plus lower-level retention; strongest member alone cannot satisfy criterion.,"Hidden role competence, failures, resource changes or novel discovery target.",independent_reference_or_deterministic,H1,CID1,0.7,6,no,all lower O levels; member evidence reported separately,specification-only,False,required for formal certification,HIL-R2,True,True,True,False,True,organization success; routing/coordination; retention,communication cost; role violations; evidence loss; regression,hidden/sealed assets; candidate cannot write verifier/acceptance criteria,certification-spec,
O-O5-DISTRIBUTED_-A,1.0,"Unified Intelligence / HIL Framework v1.5.1 (memory-integrated, delivered-correct delegation)",O-Bench,O,O5,HG5,U5,distributed_experiment,multi_agent_organization,T5,A,O5 — Distributed Experiment (A),Demonstrate 'distributed experiment' as a property of real role/process structure. Variant A: controlled organization state.,At least two real agent/process roles with evidence-bearing communication; higher levels require persistent org state and evaluator/promoter separation.,"organization trace, role/evidence ledger, externally verified result",Externally verified O5 organizational behavior plus lower-level retention; strongest member alone cannot satisfy criterion.,"Hidden role competence, failures, resource changes or novel discovery target.",independent_reference_or_deterministic,H1,CID1,0.7,6,no,all lower O levels; member evidence reported separately,specification-only,False,required for formal certification,HIL-R2,True,True,True,False,True,organization success; routing/coordination; retention,communication cost; role violations; evidence loss; regression,hidden/sealed assets; candidate cannot write verifier/acceptance criteria,certification-spec,
O-O5-DISTRIBUTED_-B,1.0,"Unified Intelligence / HIL Framework v1.5.1 (memory-integrated, delivered-correct delegation)",O-Bench,O,O5,HG5,U5,distributed_experiment,multi_agent_organization,T5,B,O5 — Distributed Experiment (B),Demonstrate 'distributed experiment' as a property of real role/process structure. Variant B: role churn/conflicting evidence/resource pressure.,At least two real agent/process roles with evidence-bearing communication; higher levels require persistent org state and evaluator/promoter separation.,"organization trace, role/evidence ledger, externally verified result",Externally verified O5 organizational behavior plus lower-level retention; strongest member alone cannot satisfy criterion.,"Hidden role competence, failures, resource changes or novel discovery target.",independent_reference_or_deterministic,H1,CID1,0.7,6,no,all lower O levels; member evidence reported separately,specification-only,False,required for formal certification,HIL-R2,True,True,True,False,True,organization success; routing/coordination; retention,communication cost; role violations; evidence loss; regression,hidden/sealed assets; candidate cannot write verifier/acceptance criteria,certification-spec,
O-O5-EVIDENCE_SYN-A,1.0,"Unified Intelligence / HIL Framework v1.5.1 (memory-integrated, delivered-correct delegation)",O-Bench,O,O5,HG5,U5,evidence_synthesis,multi_agent_organization,T5,A,O5 — Evidence Synthesis (A),Demonstrate 'evidence synthesis' as a property of real role/process structure. Variant A: controlled organization state.,At least two real agent/process roles with evidence-bearing communication; higher levels require persistent org state and evaluator/promoter separation.,"organization trace, role/evidence ledger, externally verified result",Externally verified O5 organizational behavior plus lower-level retention; strongest member alone cannot satisfy criterion.,"Hidden role competence, failures, resource changes or novel discovery target.",independent_reference_or_deterministic,H1,CID1,0.7,6,no,all lower O levels; member evidence reported separately,specification-only,False,required for formal certification,HIL-R2,True,True,True,False,True,organization success; routing/coordination; retention,communication cost; role violations; evidence loss; regression,hidden/sealed assets; candidate cannot write verifier/acceptance criteria,certification-spec,
O-O5-EVIDENCE_SYN-B,1.0,"Unified Intelligence / HIL Framework v1.5.1 (memory-integrated, delivered-correct delegation)",O-Bench,O,O5,HG5,U5,evidence_synthesis,multi_agent_organization,T5,B,O5 — Evidence Synthesis (B),Demonstrate 'evidence synthesis' as a property of real role/process structure. Variant B: role churn/conflicting evidence/resource pressure.,At least two real agent/process roles with evidence-bearing communication; higher levels require persistent org state and evaluator/promoter separation.,"organization trace, role/evidence ledger, externally verified result",Externally verified O5 organizational behavior plus lower-level retention; strongest member alone cannot satisfy criterion.,"Hidden role competence, failures, resource changes or novel discovery target.",independent_reference_or_deterministic,H1,CID1,0.7,6,no,all lower O levels; member evidence reported separately,specification-only,False,required for formal certification,HIL-R2,True,True,True,False,True,organization success; routing/coordination; retention,communication cost; role violations; evidence loss; regression,hidden/sealed assets; candidate cannot write verifier/acceptance criteria,certification-spec,
O-O5-CROSS_ROLE_D-A,1.0,"Unified Intelligence / HIL Framework v1.5.1 (memory-integrated, delivered-correct delegation)",O-Bench,O,O5,HG5,U5,cross_role_discovery,multi_agent_organization,T5,A,O5 — Cross Role Discovery (A),Demonstrate 'cross role discovery' as a property of real role/process structure. Variant A: controlled organization state.,At least two real agent/process roles with evidence-bearing communication; higher levels require persistent org state and evaluator/promoter separation.,"organization trace, role/evidence ledger, externally verified result",Externally verified O5 organizational behavior plus lower-level retention; strongest member alone cannot satisfy criterion.,"Hidden role competence, failures, resource changes or novel discovery target.",independent_reference_or_deterministic,H1,CID1,0.7,6,no,all lower O levels; member evidence reported separately,specification-only,False,required for formal certification,HIL-R2,True,True,True,False,True,organization success; routing/coordination; retention,communication cost; role violations; evidence loss; regression,hidden/sealed assets; candidate cannot write verifier/acceptance criteria,certification-spec,
O-O5-CROSS_ROLE_D-B,1.0,"Unified Intelligence / HIL Framework v1.5.1 (memory-integrated, delivered-correct delegation)",O-Bench,O,O5,HG5,U5,cross_role_discovery,multi_agent_organization,T5,B,O5 — Cross Role Discovery (B),Demonstrate 'cross role discovery' as a property of real role/process structure. Variant B: role churn/conflicting evidence/resource pressure.,At least two real agent/process roles with evidence-bearing communication; higher levels require persistent org state and evaluator/promoter separation.,"organization trace, role/evidence ledger, externally verified result",Externally verified O5 organizational behavior plus lower-level retention; strongest member alone cannot satisfy criterion.,"Hidden role competence, failures, resource changes or novel discovery target.",independent_reference_or_deterministic,H1,CID1,0.7,6,no,all lower O levels; member evidence reported separately,specification-only,False,required for formal certification,HIL-R2,True,True,True,False,True,organization success; routing/coordination; retention,communication cost; role violations; evidence loss; regression,hidden/sealed assets; candidate cannot write verifier/acceptance criteria,certification-spec,
O-O5-DISCOVERY_VA-A,1.0,"Unified Intelligence / HIL Framework v1.5.1 (memory-integrated, delivered-correct delegation)",O-Bench,O,O5,HG5,U5,discovery_validation,multi_agent_organization,T5,A,O5 — Discovery Validation (A),Demonstrate 'discovery validation' as a property of real role/process structure. Variant A: controlled organization state.,At least two real agent/process roles with evidence-bearing communication; higher levels require persistent org state and evaluator/promoter separation.,"organization trace, role/evidence ledger, externally verified result",Externally verified O5 organizational behavior plus lower-level retention; strongest member alone cannot satisfy criterion.,"Hidden role competence, failures, resource changes or novel discovery target.",independent_reference_or_deterministic,H1,CID1,0.7,6,no,all lower O levels; member evidence reported separately,specification-only,False,required for formal certification,HIL-R2,True,True,True,False,True,organization success; routing/coordination; retention,communication cost; role violations; evidence loss; regression,hidden/sealed assets; candidate cannot write verifier/acceptance criteria,certification-spec,
O-O5-DISCOVERY_VA-B,1.0,"Unified Intelligence / HIL Framework v1.5.1 (memory-integrated, delivered-correct delegation)",O-Bench,O,O5,HG5,U5,discovery_validation,multi_agent_organization,T5,B,O5 — Discovery Validation (B),Demonstrate 'discovery validation' as a property of real role/process structure. Variant B: role churn/conflicting evidence/resource pressure.,At least two real agent/process roles with evidence-bearing communication; higher levels require persistent org state and evaluator/promoter separation.,"organization trace, role/evidence ledger, externally verified result",Externally verified O5 organizational behavior plus lower-level retention; strongest member alone cannot satisfy criterion.,"Hidden role competence, failures, resource changes or novel discovery target.",independent_reference_or_deterministic,H1,CID1,0.7,6,no,all lower O levels; member evidence reported separately,specification-only,False,required for formal certification,HIL-R2,True,True,True,False,True,organization success; routing/coordination; retention,communication cost; role violations; evidence loss; regression,hidden/sealed assets; candidate cannot write verifier/acceptance criteria,certification-spec,
O-O5-ORGANIZATION-A,1.0,"Unified Intelligence / HIL Framework v1.5.1 (memory-integrated, delivered-correct delegation)",O-Bench,O,O5,HG5,U5,organizational_novelty,multi_agent_organization,T5,A,O5 — Organizational Novelty (A),Demonstrate 'organizational novelty' as a property of real role/process structure. Variant A: controlled organization state.,At least two real agent/process roles with evidence-bearing communication; higher levels require persistent org state and evaluator/promoter separation.,"organization trace, role/evidence ledger, externally verified result",Externally verified O5 organizational behavior plus lower-level retention; strongest member alone cannot satisfy criterion.,"Hidden role competence, failures, resource changes or novel discovery target.",independent_reference_or_deterministic,H1,CID1,0.7,6,no,all lower O levels; member evidence reported separately,specification-only,False,required for formal certification,HIL-R2,True,True,True,False,True,organization success; routing/coordination; retention,communication cost; role violations; evidence loss; regression,hidden/sealed assets; candidate cannot write verifier/acceptance criteria,certification-spec,
O-O5-ORGANIZATION-B,1.0,"Unified Intelligence / HIL Framework v1.5.1 (memory-integrated, delivered-correct delegation)",O-Bench,O,O5,HG5,U5,organizational_novelty,multi_agent_organization,T5,B,O5 — Organizational Novelty (B),Demonstrate 'organizational novelty' as a property of real role/process structure. Variant B: role churn/conflicting evidence/resource pressure.,At least two real agent/process roles with evidence-bearing communication; higher levels require persistent org state and evaluator/promoter separation.,"organization trace, role/evidence ledger, externally verified result",Externally verified O5 organizational behavior plus lower-level retention; strongest member alone cannot satisfy criterion.,"Hidden role competence, failures, resource changes or novel discovery target.",independent_reference_or_deterministic,H1,CID1,0.7,6,no,all lower O levels; member evidence reported separately,specification-only,False,required for formal certification,HIL-R2,True,True,True,False,True,organization success; routing/coordination; retention,communication cost; role violations; evidence loss; regression,hidden/sealed assets; candidate cannot write verifier/acceptance criteria,certification-spec,
O-OΩ-NEW_AGENT_TY-A,1.0,"Unified Intelligence / HIL Framework v1.5.1 (memory-integrated, delivered-correct delegation)",O-Bench,O,OΩ,HGΩ,UΩ,new_agent_type,multi_agent_organization,TΩ,A,OΩ — New Agent Type (A),Demonstrate 'new agent type' as a property of real role/process structure. Variant A: controlled organization state.,At least two real agent/process roles with evidence-bearing communication; higher levels require persistent org state and evaluator/promoter separation.,"organization trace, role/evidence ledger, externally verified result",Externally verified OΩ organizational behavior plus lower-level retention; strongest member alone cannot satisfy criterion.,"Hidden role competence, failures, resource changes or novel discovery target.",independent_reference_or_deterministic,H1,CID1,0.7,6,no,all lower O levels; member evidence reported separately,specification-only,False,required for formal certification,HIL-R2,True,True,True,True,True,organization success; routing/coordination; retention,communication cost; role violations; evidence loss; regression,hidden/sealed assets; candidate cannot write verifier/acceptance criteria,certification-spec,
O-OΩ-NEW_AGENT_TY-B,1.0,"Unified Intelligence / HIL Framework v1.5.1 (memory-integrated, delivered-correct delegation)",O-Bench,O,OΩ,HGΩ,UΩ,new_agent_type,multi_agent_organization,TΩ,B,OΩ — New Agent Type (B),Demonstrate 'new agent type' as a property of real role/process structure. Variant B: role churn/conflicting evidence/resource pressure.,At least two real agent/process roles with evidence-bearing communication; higher levels require persistent org state and evaluator/promoter separation.,"organization trace, role/evidence ledger, externally verified result",Externally verified OΩ organizational behavior plus lower-level retention; strongest member alone cannot satisfy criterion.,"Hidden role competence, failures, resource changes or novel discovery target.",independent_reference_or_deterministic,H1,CID1,0.7,6,no,all lower O levels; member evidence reported separately,specification-only,False,required for formal certification,HIL-R2,True,True,True,True,True,organization success; routing/coordination; retention,communication cost; role violations; evidence loss; regression,hidden/sealed assets; candidate cannot write verifier/acceptance criteria,certification-spec,
O-OΩ-NEW_ORG_STRU-A,1.0,"Unified Intelligence / HIL Framework v1.5.1 (memory-integrated, delivered-correct delegation)",O-Bench,O,OΩ,HGΩ,UΩ,new_org_structure,multi_agent_organization,TΩ,A,OΩ — New Org Structure (A),Demonstrate 'new org structure' as a property of real role/process structure. Variant A: controlled organization state.,At least two real agent/process roles with evidence-bearing communication; higher levels require persistent org state and evaluator/promoter separation.,"organization trace, role/evidence ledger, externally verified result",Externally verified OΩ organizational behavior plus lower-level retention; strongest member alone cannot satisfy criterion.,"Hidden role competence, failures, resource changes or novel discovery target.",independent_reference_or_deterministic,H1,CID1,0.7,6,no,all lower O levels; member evidence reported separately,specification-only,False,required for formal certification,HIL-R2,True,True,True,True,True,organization success; routing/coordination; retention,communication cost; role violations; evidence loss; regression,hidden/sealed assets; candidate cannot write verifier/acceptance criteria,certification-spec,
O-OΩ-NEW_ORG_STRU-B,1.0,"Unified Intelligence / HIL Framework v1.5.1 (memory-integrated, delivered-correct delegation)",O-Bench,O,OΩ,HGΩ,UΩ,new_org_structure,multi_agent_organization,TΩ,B,OΩ — New Org Structure (B),Demonstrate 'new org structure' as a property of real role/process structure. Variant B: role churn/conflicting evidence/resource pressure.,At least two real agent/process roles with evidence-bearing communication; higher levels require persistent org state and evaluator/promoter separation.,"organization trace, role/evidence ledger, externally verified result",Externally verified OΩ organizational behavior plus lower-level retention; strongest member alone cannot satisfy criterion.,"Hidden role competence, failures, resource changes or novel discovery target.",independent_reference_or_deterministic,H1,CID1,0.7,6,no,all lower O levels; member evidence reported separately,specification-only,False,required for formal certification,HIL-R2,True,True,True,True,True,organization success; routing/coordination; retention,communication cost; role violations; evidence loss; regression,hidden/sealed assets; candidate cannot write verifier/acceptance criteria,certification-spec,
O-OΩ-NEW_INSTRUME-A,1.0,"Unified Intelligence / HIL Framework v1.5.1 (memory-integrated, delivered-correct delegation)",O-Bench,O,OΩ,HGΩ,UΩ,new_instrument,multi_agent_organization,TΩ,A,OΩ — New Instrument (A),Demonstrate 'new instrument' as a property of real role/process structure. Variant A: controlled organization state.,At least two real agent/process roles with evidence-bearing communication; higher levels require persistent org state and evaluator/promoter separation.,"organization trace, role/evidence ledger, externally verified result",Externally verified OΩ organizational behavior plus lower-level retention; strongest member alone cannot satisfy criterion.,"Hidden role competence, failures, resource changes or novel discovery target.",independent_reference_or_deterministic,H1,CID1,0.7,6,no,all lower O levels; member evidence reported separately,specification-only,False,required for formal certification,HIL-R2,True,True,True,True,True,organization success; routing/coordination; retention,communication cost; role violations; evidence loss; regression,hidden/sealed assets; candidate cannot write verifier/acceptance criteria,certification-spec,
O-OΩ-NEW_INSTRUME-B,1.0,"Unified Intelligence / HIL Framework v1.5.1 (memory-integrated, delivered-correct delegation)",O-Bench,O,OΩ,HGΩ,UΩ,new_instrument,multi_agent_organization,TΩ,B,OΩ — New Instrument (B),Demonstrate 'new instrument' as a property of real role/process structure. Variant B: role churn/conflicting evidence/resource pressure.,At least two real agent/process roles with evidence-bearing communication; higher levels require persistent org state and evaluator/promoter separation.,"organization trace, role/evidence ledger, externally verified result",Externally verified OΩ organizational behavior plus lower-level retention; strongest member alone cannot satisfy criterion.,"Hidden role competence, failures, resource changes or novel discovery target.",independent_reference_or_deterministic,H1,CID1,0.7,6,no,all lower O levels; member evidence reported separately,specification-only,False,required for formal certification,HIL-R2,True,True,True,True,True,organization success; routing/coordination; retention,communication cost; role violations; evidence loss; regression,hidden/sealed assets; candidate cannot write verifier/acceptance criteria,certification-spec,
O-OΩ-FRONTIER_EXP-A,1.0,"Unified Intelligence / HIL Framework v1.5.1 (memory-integrated, delivered-correct delegation)",O-Bench,O,OΩ,HGΩ,UΩ,frontier_expansion,multi_agent_organization,TΩ,A,OΩ — Frontier Expansion (A),Demonstrate 'frontier expansion' as a property of real role/process structure. Variant A: controlled organization state.,At least two real agent/process roles with evidence-bearing communication; higher levels require persistent org state and evaluator/promoter separation.,"organization trace, role/evidence ledger, externally verified result",Externally verified OΩ organizational behavior plus lower-level retention; strongest member alone cannot satisfy criterion.,"Hidden role competence, failures, resource changes or novel discovery target.",independent_reference_or_deterministic,H1,CID1,0.7,6,no,all lower O levels; member evidence reported separately,specification-only,False,required for formal certification,HIL-R2,True,True,True,True,True,organization success; routing/coordination; retention,communication cost; role violations; evidence loss; regression,hidden/sealed assets; candidate cannot write verifier/acceptance criteria,certification-spec,
O-OΩ-FRONTIER_EXP-B,1.0,"Unified Intelligence / HIL Framework v1.5.1 (memory-integrated, delivered-correct delegation)",O-Bench,O,OΩ,HGΩ,UΩ,frontier_expansion,multi_agent_organization,TΩ,B,OΩ — Frontier Expansion (B),Demonstrate 'frontier expansion' as a property of real role/process structure. Variant B: role churn/conflicting evidence/resource pressure.,At least two real agent/process roles with evidence-bearing communication; higher levels require persistent org state and evaluator/promoter separation.,"organization trace, role/evidence ledger, externally verified result",Externally verified OΩ organizational behavior plus lower-level retention; strongest member alone cannot satisfy criterion.,"Hidden role competence, failures, resource changes or novel discovery target.",independent_reference_or_deterministic,H1,CID1,0.7,6,no,all lower O levels; member evidence reported separately,specification-only,False,required for formal certification,HIL-R2,True,True,True,True,True,organization success; routing/coordination; retention,communication cost; role violations; evidence loss; regression,hidden/sealed assets; candidate cannot write verifier/acceptance criteria,certification-spec,
O-OΩ-BOUNDED_CHAR-A,1.0,"Unified Intelligence / HIL Framework v1.5.1 (memory-integrated, delivered-correct delegation)",O-Bench,O,OΩ,HGΩ,UΩ,bounded_charter,multi_agent_organization,TΩ,A,OΩ — Bounded Charter (A),Demonstrate 'bounded charter' as a property of real role/process structure. Variant A: controlled organization state.,At least two real agent/process roles with evidence-bearing communication; higher levels require persistent org state and evaluator/promoter separation.,"organization trace, role/evidence ledger, externally verified result",Externally verified OΩ organizational behavior plus lower-level retention; strongest member alone cannot satisfy criterion.,"Hidden role competence, failures, resource changes or novel discovery target.",independent_reference_or_deterministic,H1,CID1,0.7,6,no,all lower O levels; member evidence reported separately,specification-only,False,required for formal certification,HIL-R2,True,True,True,True,True,organization success; routing/coordination; retention,communication cost; role violations; evidence loss; regression,hidden/sealed assets; candidate cannot write verifier/acceptance criteria,certification-spec,
O-OΩ-BOUNDED_CHAR-B,1.0,"Unified Intelligence / HIL Framework v1.5.1 (memory-integrated, delivered-correct delegation)",O-Bench,O,OΩ,HGΩ,UΩ,bounded_charter,multi_agent_organization,TΩ,B,OΩ — Bounded Charter (B),Demonstrate 'bounded charter' as a property of real role/process structure. Variant B: role churn/conflicting evidence/resource pressure.,At least two real agent/process roles with evidence-bearing communication; higher levels require persistent org state and evaluator/promoter separation.,"organization trace, role/evidence ledger, externally verified result",Externally verified OΩ organizational behavior plus lower-level retention; strongest member alone cannot satisfy criterion.,"Hidden role competence, failures, resource changes or novel discovery target.",independent_reference_or_deterministic,H1,CID1,0.7,6,no,all lower O levels; member evidence reported separately,specification-only,False,required for formal certification,HIL-R2,True,True,True,True,True,organization success; routing/coordination; retention,communication cost; role violations; evidence loss; regression,hidden/sealed assets; candidate cannot write verifier/acceptance criteria,certification-spec,
O-OΩ-OPEN_ENDED_L-A,1.0,"Unified Intelligence / HIL Framework v1.5.1 (memory-integrated, delivered-correct delegation)",O-Bench,O,OΩ,HGΩ,UΩ,open_ended_lineage,multi_agent_organization,TΩ,A,OΩ — Open Ended Lineage (A),Demonstrate 'open ended lineage' as a property of real role/process structure. Variant A: controlled organization state.,At least two real agent/process roles with evidence-bearing communication; higher levels require persistent org state and evaluator/promoter separation.,"organization trace, role/evidence ledger, externally verified result",Externally verified OΩ organizational behavior plus lower-level retention; strongest member alone cannot satisfy criterion.,"Hidden role competence, failures, resource changes or novel discovery target.",independent_reference_or_deterministic,H1,CID1,0.7,6,no,all lower O levels; member evidence reported separately,specification-only,False,required for formal certification,HIL-R2,True,True,True,True,True,organization success; routing/coordination; retention,communication cost; role violations; evidence loss; regression,hidden/sealed assets; candidate cannot write verifier/acceptance criteria,certification-spec,
O-OΩ-OPEN_ENDED_L-B,1.0,"Unified Intelligence / HIL Framework v1.5.1 (memory-integrated, delivered-correct delegation)",O-Bench,O,OΩ,HGΩ,UΩ,open_ended_lineage,multi_agent_organization,TΩ,B,OΩ — Open Ended Lineage (B),Demonstrate 'open ended lineage' as a property of real role/process structure. Variant B: role churn/conflicting evidence/resource pressure.,At least two real agent/process roles with evidence-bearing communication; higher levels require persistent org state and evaluator/promoter separation.,"organization trace, role/evidence ledger, externally verified result",Externally verified OΩ organizational behavior plus lower-level retention; strongest member alone cannot satisfy criterion.,"Hidden role competence, failures, resource changes or novel discovery target.",independent_reference_or_deterministic,H1,CID1,0.7,6,no,all lower O levels; member evidence reported separately,specification-only,False,required for formal certification,HIL-R2,True,True,True,True,True,organization success; routing/coordination; retention,communication cost; role violations; evidence loss; regression,hidden/sealed assets; candidate cannot write verifier/acceptance criteria,certification-spec,
SA-SA0-SELF_REPORT-A,1.0,"Unified Intelligence / HIL Framework v1.5.1 (memory-integrated, delivered-correct delegation)",SA-Bench,SA,SA0,HG0,U0,self_report_control,self_model,T1,A,SA0 — Self Report Control (A),Measure evidence-grounded self-model behavior: self report control. Self-description without machine-grounded state does not count.,Ground-truth self/environment fields externally controlled; some cases include stale or conflicting textual cues.,structured self-model judgment + evidence refs + action/escalation choice,Correct externally grounded behavior consistent with SA0; no credit for unsupported narrative confidence.,Machine-observable state differs from tempting textual cues in some cases.,independent_reference_or_deterministic,H1,CID1,0.85,20,no,all lower SA levels,specification-only,False,required for formal certification,HIL-R2,False,False,False,False,False,state truth; calibration; causal attribution; change prediction,unsupported-claim; stale-state; authority errors; escalation quality,hidden/sealed assets; candidate cannot write verifier/acceptance criteria,certification-spec,
SA-SA0-SELF_REPORT-B,1.0,"Unified Intelligence / HIL Framework v1.5.1 (memory-integrated, delivered-correct delegation)",SA-Bench,SA,SA0,HG0,U0,self_report_control,self_model,T1,B,SA0 — Self Report Control (B),Measure evidence-grounded self-model behavior: self report control. Self-description without machine-grounded state does not count.,Ground-truth self/environment fields externally controlled; some cases include stale or conflicting textual cues.,structured self-model judgment + evidence refs + action/escalation choice,Correct externally grounded behavior consistent with SA0; no credit for unsupported narrative confidence.,Machine-observable state differs from tempting textual cues in some cases.,independent_reference_or_deterministic,H1,CID1,0.85,20,no,all lower SA levels,specification-only,False,required for formal certification,HIL-R2,False,False,False,False,False,state truth; calibration; causal attribution; change prediction,unsupported-claim; stale-state; authority errors; escalation quality,hidden/sealed assets; candidate cannot write verifier/acceptance criteria,certification-spec,
SA-SA0-STATE_BLIND-A,1.0,"Unified Intelligence / HIL Framework v1.5.1 (memory-integrated, delivered-correct delegation)",SA-Bench,SA,SA0,HG0,U0,state_blindness,self_model,T1,A,SA0 — State Blindness (A),Measure evidence-grounded self-model behavior: state blindness. Self-description without machine-grounded state does not count.,Ground-truth self/environment fields externally controlled; some cases include stale or conflicting textual cues.,structured self-model judgment + evidence refs + action/escalation choice,Correct externally grounded behavior consistent with SA0; no credit for unsupported narrative confidence.,Machine-observable state differs from tempting textual cues in some cases.,independent_reference_or_deterministic,H1,CID1,0.85,20,no,all lower SA levels,specification-only,False,required for formal certification,HIL-R2,False,False,False,False,False,state truth; calibration; causal attribution; change prediction,unsupported-claim; stale-state; authority errors; escalation quality,hidden/sealed assets; candidate cannot write verifier/acceptance criteria,certification-spec,
SA-SA0-STATE_BLIND-B,1.0,"Unified Intelligence / HIL Framework v1.5.1 (memory-integrated, delivered-correct delegation)",SA-Bench,SA,SA0,HG0,U0,state_blindness,self_model,T1,B,SA0 — State Blindness (B),Measure evidence-grounded self-model behavior: state blindness. Self-description without machine-grounded state does not count.,Ground-truth self/environment fields externally controlled; some cases include stale or conflicting textual cues.,structured self-model judgment + evidence refs + action/escalation choice,Correct externally grounded behavior consistent with SA0; no credit for unsupported narrative confidence.,Machine-observable state differs from tempting textual cues in some cases.,independent_reference_or_deterministic,H1,CID1,0.85,20,no,all lower SA levels,specification-only,False,required for formal certification,HIL-R2,False,False,False,False,False,state truth; calibration; causal attribution; change prediction,unsupported-claim; stale-state; authority errors; escalation quality,hidden/sealed assets; candidate cannot write verifier/acceptance criteria,certification-spec,
SA-SA0-AUTHORITY_C-A,1.0,"Unified Intelligence / HIL Framework v1.5.1 (memory-integrated, delivered-correct delegation)",SA-Bench,SA,SA0,HG0,U0,authority_confusion,self_model,T1,A,SA0 — Authority Confusion (A),Measure evidence-grounded self-model behavior: authority confusion. Self-description without machine-grounded state does not count.,Ground-truth self/environment fields externally controlled; some cases include stale or conflicting textual cues.,structured self-model judgment + evidence refs + action/escalation choice,Correct externally grounded behavior consistent with SA0; no credit for unsupported narrative confidence.,Machine-observable state differs from tempting textual cues in some cases.,independent_reference_or_deterministic,H1,CID1,0.85,20,no,all lower SA levels,specification-only,False,required for formal certification,HIL-R2,False,False,False,False,False,state truth; calibration; causal attribution; change prediction,unsupported-claim; stale-state; authority errors; escalation quality,hidden/sealed assets; candidate cannot write verifier/acceptance criteria,certification-spec,
SA-SA0-AUTHORITY_C-B,1.0,"Unified Intelligence / HIL Framework v1.5.1 (memory-integrated, delivered-correct delegation)",SA-Bench,SA,SA0,HG0,U0,authority_confusion,self_model,T1,B,SA0 — Authority Confusion (B),Measure evidence-grounded self-model behavior: authority confusion. Self-description without machine-grounded state does not count.,Ground-truth self/environment fields externally controlled; some cases include stale or conflicting textual cues.,structured self-model judgment + evidence refs + action/escalation choice,Correct externally grounded behavior consistent with SA0; no credit for unsupported narrative confidence.,Machine-observable state differs from tempting textual cues in some cases.,independent_reference_or_deterministic,H1,CID1,0.85,20,no,all lower SA levels,specification-only,False,required for formal certification,HIL-R2,False,False,False,False,False,state truth; calibration; causal attribution; change prediction,unsupported-claim; stale-state; authority errors; escalation quality,hidden/sealed assets; candidate cannot write verifier/acceptance criteria,certification-spec,
SA-SA0-FRESHNESS_C-A,1.0,"Unified Intelligence / HIL Framework v1.5.1 (memory-integrated, delivered-correct delegation)",SA-Bench,SA,SA0,HG0,U0,freshness_control,self_model,T1,A,SA0 — Freshness Control (A),Measure evidence-grounded self-model behavior: freshness control. Self-description without machine-grounded state does not count.,Ground-truth self/environment fields externally controlled; some cases include stale or conflicting textual cues.,structured self-model judgment + evidence refs + action/escalation choice,Correct externally grounded behavior consistent with SA0; no credit for unsupported narrative confidence.,Machine-observable state differs from tempting textual cues in some cases.,independent_reference_or_deterministic,H1,CID1,0.85,20,no,all lower SA levels,specification-only,False,required for formal certification,HIL-R2,False,False,False,False,False,state truth; calibration; causal attribution; change prediction,unsupported-claim; stale-state; authority errors; escalation quality,hidden/sealed assets; candidate cannot write verifier/acceptance criteria,certification-spec,
SA-SA0-FRESHNESS_C-B,1.0,"Unified Intelligence / HIL Framework v1.5.1 (memory-integrated, delivered-correct delegation)",SA-Bench,SA,SA0,HG0,U0,freshness_control,self_model,T1,B,SA0 — Freshness Control (B),Measure evidence-grounded self-model behavior: freshness control. Self-description without machine-grounded state does not count.,Ground-truth self/environment fields externally controlled; some cases include stale or conflicting textual cues.,structured self-model judgment + evidence refs + action/escalation choice,Correct externally grounded behavior consistent with SA0; no credit for unsupported narrative confidence.,Machine-observable state differs from tempting textual cues in some cases.,independent_reference_or_deterministic,H1,CID1,0.85,20,no,all lower SA levels,specification-only,False,required for formal certification,HIL-R2,False,False,False,False,False,state truth; calibration; causal attribution; change prediction,unsupported-claim; stale-state; authority errors; escalation quality,hidden/sealed assets; candidate cannot write verifier/acceptance criteria,certification-spec,
SA-SA0-TOOL_AVAILA-A,1.0,"Unified Intelligence / HIL Framework v1.5.1 (memory-integrated, delivered-correct delegation)",SA-Bench,SA,SA0,HG0,U0,tool_availability_control,self_model,T1,A,SA0 — Tool Availability Control (A),Measure evidence-grounded self-model behavior: tool availability control. Self-description without machine-grounded state does not count.,Ground-truth self/environment fields externally controlled; some cases include stale or conflicting textual cues.,structured self-model judgment + evidence refs + action/escalation choice,Correct externally grounded behavior consistent with SA0; no credit for unsupported narrative confidence.,Machine-observable state differs from tempting textual cues in some cases.,independent_reference_or_deterministic,H1,CID1,0.85,20,no,all lower SA levels,specification-only,False,required for formal certification,HIL-R2,False,False,False,False,False,state truth; calibration; causal attribution; change prediction,unsupported-claim; stale-state; authority errors; escalation quality,hidden/sealed assets; candidate cannot write verifier/acceptance criteria,certification-spec,
SA-SA0-TOOL_AVAILA-B,1.0,"Unified Intelligence / HIL Framework v1.5.1 (memory-integrated, delivered-correct delegation)",SA-Bench,SA,SA0,HG0,U0,tool_availability_control,self_model,T1,B,SA0 — Tool Availability Control (B),Measure evidence-grounded self-model behavior: tool availability control. Self-description without machine-grounded state does not count.,Ground-truth self/environment fields externally controlled; some cases include stale or conflicting textual cues.,structured self-model judgment + evidence refs + action/escalation choice,Correct externally grounded behavior consistent with SA0; no credit for unsupported narrative confidence.,Machine-observable state differs from tempting textual cues in some cases.,independent_reference_or_deterministic,H1,CID1,0.85,20,no,all lower SA levels,specification-only,False,required for formal certification,HIL-R2,False,False,False,False,False,state truth; calibration; causal attribution; change prediction,unsupported-claim; stale-state; authority errors; escalation quality,hidden/sealed assets; candidate cannot write verifier/acceptance criteria,certification-spec,
SA-SA0-CALIBRATION-A,1.0,"Unified Intelligence / HIL Framework v1.5.1 (memory-integrated, delivered-correct delegation)",SA-Bench,SA,SA0,HG0,U0,calibration_baseline,self_model,T1,A,SA0 — Calibration Baseline (A),Measure evidence-grounded self-model behavior: calibration baseline. Self-description without machine-grounded state does not count.,Ground-truth self/environment fields externally controlled; some cases include stale or conflicting textual cues.,structured self-model judgment + evidence refs + action/escalation choice,Correct externally grounded behavior consistent with SA0; no credit for unsupported narrative confidence.,Machine-observable state differs from tempting textual cues in some cases.,independent_reference_or_deterministic,H1,CID1,0.85,20,no,all lower SA levels,specification-only,False,required for formal certification,HIL-R2,False,False,False,False,False,state truth; calibration; causal attribution; change prediction,unsupported-claim; stale-state; authority errors; escalation quality,hidden/sealed assets; candidate cannot write verifier/acceptance criteria,certification-spec,
SA-SA0-CALIBRATION-B,1.0,"Unified Intelligence / HIL Framework v1.5.1 (memory-integrated, delivered-correct delegation)",SA-Bench,SA,SA0,HG0,U0,calibration_baseline,self_model,T1,B,SA0 — Calibration Baseline (B),Measure evidence-grounded self-model behavior: calibration baseline. Self-description without machine-grounded state does not count.,Ground-truth self/environment fields externally controlled; some cases include stale or conflicting textual cues.,structured self-model judgment + evidence refs + action/escalation choice,Correct externally grounded behavior consistent with SA0; no credit for unsupported narrative confidence.,Machine-observable state differs from tempting textual cues in some cases.,independent_reference_or_deterministic,H1,CID1,0.85,20,no,all lower SA levels,specification-only,False,required for formal certification,HIL-R2,False,False,False,False,False,state truth; calibration; causal attribution; change prediction,unsupported-claim; stale-state; authority errors; escalation quality,hidden/sealed assets; candidate cannot write verifier/acceptance criteria,certification-spec,
SA-SA1-IDENTITY_RO-A,1.0,"Unified Intelligence / HIL Framework v1.5.1 (memory-integrated, delivered-correct delegation)",SA-Bench,SA,SA1,HG1,U1,identity_role,self_model,T1,A,SA1 — Identity Role (A),Measure evidence-grounded self-model behavior: identity role. Self-description without machine-grounded state does not count.,Ground-truth self/environment fields externally controlled; some cases include stale or conflicting textual cues.,structured self-model judgment + evidence refs + action/escalation choice,Correct externally grounded behavior consistent with SA1; no credit for unsupported narrative confidence.,Machine-observable state differs from tempting textual cues in some cases.,independent_reference_or_deterministic,H1,CID1,0.85,20,no,all lower SA levels,bound,False,required for formal certification,HIL-R2,True,False,False,False,False,state truth; calibration; causal attribution; change prediction,unsupported-claim; stale-state; authority errors; escalation quality,hidden/sealed assets; candidate cannot write verifier/acceptance criteria,development-bound,
SA-SA1-IDENTITY_RO-B,1.0,"Unified Intelligence / HIL Framework v1.5.1 (memory-integrated, delivered-correct delegation)",SA-Bench,SA,SA1,HG1,U1,identity_role,self_model,T1,B,SA1 — Identity Role (B),Measure evidence-grounded self-model behavior: identity role. Self-description without machine-grounded state does not count.,Ground-truth self/environment fields externally controlled; some cases include stale or conflicting textual cues.,structured self-model judgment + evidence refs + action/escalation choice,Correct externally grounded behavior consistent with SA1; no credit for unsupported narrative confidence.,Machine-observable state differs from tempting textual cues in some cases.,independent_reference_or_deterministic,H1,CID1,0.85,20,no,all lower SA levels,specification-only,False,required for formal certification,HIL-R2,True,False,False,False,False,state truth; calibration; causal attribution; change prediction,unsupported-claim; stale-state; authority errors; escalation quality,hidden/sealed assets; candidate cannot write verifier/acceptance criteria,certification-spec,
SA-SA1-TASK_PHASE-A,1.0,"Unified Intelligence / HIL Framework v1.5.1 (memory-integrated, delivered-correct delegation)",SA-Bench,SA,SA1,HG1,U1,task_phase,self_model,T1,A,SA1 — Task Phase (A),Measure evidence-grounded self-model behavior: task phase. Self-description without machine-grounded state does not count.,Ground-truth self/environment fields externally controlled; some cases include stale or conflicting textual cues.,structured self-model judgment + evidence refs + action/escalation choice,Correct externally grounded behavior consistent with SA1; no credit for unsupported narrative confidence.,Machine-observable state differs from tempting textual cues in some cases.,independent_reference_or_deterministic,H1,CID1,0.85,20,no,all lower SA levels,specification-only,False,required for formal certification,HIL-R2,True,False,False,False,False,state truth; calibration; causal attribution; change prediction,unsupported-claim; stale-state; authority errors; escalation quality,hidden/sealed assets; candidate cannot write verifier/acceptance criteria,certification-spec,
SA-SA1-TASK_PHASE-B,1.0,"Unified Intelligence / HIL Framework v1.5.1 (memory-integrated, delivered-correct delegation)",SA-Bench,SA,SA1,HG1,U1,task_phase,self_model,T1,B,SA1 — Task Phase (B),Measure evidence-grounded self-model behavior: task phase. Self-description without machine-grounded state does not count.,Ground-truth self/environment fields externally controlled; some cases include stale or conflicting textual cues.,structured self-model judgment + evidence refs + action/escalation choice,Correct externally grounded behavior consistent with SA1; no credit for unsupported narrative confidence.,Machine-observable state differs from tempting textual cues in some cases.,independent_reference_or_deterministic,H1,CID1,0.85,20,no,all lower SA levels,specification-only,False,required for formal certification,HIL-R2,True,False,False,False,False,state truth; calibration; causal attribution; change prediction,unsupported-claim; stale-state; authority errors; escalation quality,hidden/sealed assets; candidate cannot write verifier/acceptance criteria,certification-spec,
SA-SA1-RESOURCE_ST-A,1.0,"Unified Intelligence / HIL Framework v1.5.1 (memory-integrated, delivered-correct delegation)",SA-Bench,SA,SA1,HG1,U1,resource_status,self_model,T1,A,SA1 — Resource Status (A),Measure evidence-grounded self-model behavior: resource status. Self-description without machine-grounded state does not count.,Ground-truth self/environment fields externally controlled; some cases include stale or conflicting textual cues.,structured self-model judgment + evidence refs + action/escalation choice,Correct externally grounded behavior consistent with SA1; no credit for unsupported narrative confidence.,Machine-observable state differs from tempting textual cues in some cases.,independent_reference_or_deterministic,H1,CID1,0.85,20,no,all lower SA levels,specification-only,False,required for formal certification,HIL-R2,True,False,False,False,False,state truth; calibration; causal attribution; change prediction,unsupported-claim; stale-state; authority errors; escalation quality,hidden/sealed assets; candidate cannot write verifier/acceptance criteria,certification-spec,
SA-SA1-RESOURCE_ST-B,1.0,"Unified Intelligence / HIL Framework v1.5.1 (memory-integrated, delivered-correct delegation)",SA-Bench,SA,SA1,HG1,U1,resource_status,self_model,T1,B,SA1 — Resource Status (B),Measure evidence-grounded self-model behavior: resource status. Self-description without machine-grounded state does not count.,Ground-truth self/environment fields externally controlled; some cases include stale or conflicting textual cues.,structured self-model judgment + evidence refs + action/escalation choice,Correct externally grounded behavior consistent with SA1; no credit for unsupported narrative confidence.,Machine-observable state differs from tempting textual cues in some cases.,independent_reference_or_deterministic,H1,CID1,0.85,20,no,all lower SA levels,specification-only,False,required for formal certification,HIL-R2,True,False,False,False,False,state truth; calibration; causal attribution; change prediction,unsupported-claim; stale-state; authority errors; escalation quality,hidden/sealed assets; candidate cannot write verifier/acceptance criteria,certification-spec,
SA-SA1-TOOL_REACHA-A,1.0,"Unified Intelligence / HIL Framework v1.5.1 (memory-integrated, delivered-correct delegation)",SA-Bench,SA,SA1,HG1,U1,tool_reachability,self_model,T1,A,SA1 — Tool Reachability (A),Measure evidence-grounded self-model behavior: tool reachability. Self-description without machine-grounded state does not count.,Ground-truth self/environment fields externally controlled; some cases include stale or conflicting textual cues.,structured self-model judgment + evidence refs + action/escalation choice,Correct externally grounded behavior consistent with SA1; no credit for unsupported narrative confidence.,Machine-observable state differs from tempting textual cues in some cases.,independent_reference_or_deterministic,H1,CID1,0.85,20,no,all lower SA levels,bound,False,required for formal certification,HIL-R2,True,False,False,False,False,state truth; calibration; causal attribution; change prediction,unsupported-claim; stale-state; authority errors; escalation quality,hidden/sealed assets; candidate cannot write verifier/acceptance criteria,development-bound,
SA-SA1-TOOL_REACHA-B,1.0,"Unified Intelligence / HIL Framework v1.5.1 (memory-integrated, delivered-correct delegation)",SA-Bench,SA,SA1,HG1,U1,tool_reachability,self_model,T1,B,SA1 — Tool Reachability (B),Measure evidence-grounded self-model behavior: tool reachability. Self-description without machine-grounded state does not count.,Ground-truth self/environment fields externally controlled; some cases include stale or conflicting textual cues.,structured self-model judgment + evidence refs + action/escalation choice,Correct externally grounded behavior consistent with SA1; no credit for unsupported narrative confidence.,Machine-observable state differs from tempting textual cues in some cases.,independent_reference_or_deterministic,H1,CID1,0.85,20,no,all lower SA levels,specification-only,False,required for formal certification,HIL-R2,True,False,False,False,False,state truth; calibration; causal attribution; change prediction,unsupported-claim; stale-state; authority errors; escalation quality,hidden/sealed assets; candidate cannot write verifier/acceptance criteria,certification-spec,
SA-SA1-MEMORY_HEAL-A,1.0,"Unified Intelligence / HIL Framework v1.5.1 (memory-integrated, delivered-correct delegation)",SA-Bench,SA,SA1,HG1,U1,memory_health,self_model,T1,A,SA1 — Memory Health (A),Measure evidence-grounded self-model behavior: memory health. Self-description without machine-grounded state does not count.,Ground-truth self/environment fields externally controlled; some cases include stale or conflicting textual cues.,structured self-model judgment + evidence refs + action/escalation choice,Correct externally grounded behavior consistent with SA1; no credit for unsupported narrative confidence.,Machine-observable state differs from tempting textual cues in some cases.,independent_reference_or_deterministic,H1,CID1,0.85,20,no,all lower SA levels,specification-only,False,required for formal certification,HIL-R2,True,False,False,False,False,state truth; calibration; causal attribution; change prediction,unsupported-claim; stale-state; authority errors; escalation quality,hidden/sealed assets; candidate cannot write verifier/acceptance criteria,certification-spec,
SA-SA1-MEMORY_HEAL-B,1.0,"Unified Intelligence / HIL Framework v1.5.1 (memory-integrated, delivered-correct delegation)",SA-Bench,SA,SA1,HG1,U1,memory_health,self_model,T1,B,SA1 — Memory Health (B),Measure evidence-grounded self-model behavior: memory health. Self-description without machine-grounded state does not count.,Ground-truth self/environment fields externally controlled; some cases include stale or conflicting textual cues.,structured self-model judgment + evidence refs + action/escalation choice,Correct externally grounded behavior consistent with SA1; no credit for unsupported narrative confidence.,Machine-observable state differs from tempting textual cues in some cases.,independent_reference_or_deterministic,H1,CID1,0.85,20,no,all lower SA levels,specification-only,False,required for formal certification,HIL-R2,True,False,False,False,False,state truth; calibration; causal attribution; change prediction,unsupported-claim; stale-state; authority errors; escalation quality,hidden/sealed assets; candidate cannot write verifier/acceptance criteria,certification-spec,
SA-SA1-ENVIRONMENT-A,1.0,"Unified Intelligence / HIL Framework v1.5.1 (memory-integrated, delivered-correct delegation)",SA-Bench,SA,SA1,HG1,U1,environment_freshness,self_model,T1,A,SA1 — Environment Freshness (A),Measure evidence-grounded self-model behavior: environment freshness. Self-description without machine-grounded state does not count.,Ground-truth self/environment fields externally controlled; some cases include stale or conflicting textual cues.,structured self-model judgment + evidence refs + action/escalation choice,Correct externally grounded behavior consistent with SA1; no credit for unsupported narrative confidence.,Machine-observable state differs from tempting textual cues in some cases.,independent_reference_or_deterministic,H1,CID1,0.85,20,no,all lower SA levels,specification-only,False,required for formal certification,HIL-R2,True,False,False,False,False,state truth; calibration; causal attribution; change prediction,unsupported-claim; stale-state; authority errors; escalation quality,hidden/sealed assets; candidate cannot write verifier/acceptance criteria,certification-spec,
SA-SA1-ENVIRONMENT-B,1.0,"Unified Intelligence / HIL Framework v1.5.1 (memory-integrated, delivered-correct delegation)",SA-Bench,SA,SA1,HG1,U1,environment_freshness,self_model,T1,B,SA1 — Environment Freshness (B),Measure evidence-grounded self-model behavior: environment freshness. Self-description without machine-grounded state does not count.,Ground-truth self/environment fields externally controlled; some cases include stale or conflicting textual cues.,structured self-model judgment + evidence refs + action/escalation choice,Correct externally grounded behavior consistent with SA1; no credit for unsupported narrative confidence.,Machine-observable state differs from tempting textual cues in some cases.,independent_reference_or_deterministic,H1,CID1,0.85,20,no,all lower SA levels,specification-only,False,required for formal certification,HIL-R2,True,False,False,False,False,state truth; calibration; causal attribution; change prediction,unsupported-claim; stale-state; authority errors; escalation quality,hidden/sealed assets; candidate cannot write verifier/acceptance criteria,certification-spec,
SA-SA2-CAPABILITY_-A,1.0,"Unified Intelligence / HIL Framework v1.5.1 (memory-integrated, delivered-correct delegation)",SA-Bench,SA,SA2,HG1,U2,capability_limits,self_model,T1,A,SA2 — Capability Limits (A),Measure evidence-grounded self-model behavior: capability limits. Self-description without machine-grounded state does not count.,Ground-truth self/environment fields externally controlled; some cases include stale or conflicting textual cues.,structured self-model judgment + evidence refs + action/escalation choice,Correct externally grounded behavior consistent with SA2; no credit for unsupported narrative confidence.,Machine-observable state differs from tempting textual cues in some cases.,independent_reference_or_deterministic,H1,CID1,0.85,20,no,all lower SA levels,specification-only,False,required for formal certification,HIL-R2,True,False,False,False,True,state truth; calibration; causal attribution; change prediction,unsupported-claim; stale-state; authority errors; escalation quality,hidden/sealed assets; candidate cannot write verifier/acceptance criteria,certification-spec,
SA-SA2-CAPABILITY_-B,1.0,"Unified Intelligence / HIL Framework v1.5.1 (memory-integrated, delivered-correct delegation)",SA-Bench,SA,SA2,HG1,U2,capability_limits,self_model,T1,B,SA2 — Capability Limits (B),Measure evidence-grounded self-model behavior: capability limits. Self-description without machine-grounded state does not count.,Ground-truth self/environment fields externally controlled; some cases include stale or conflicting textual cues.,structured self-model judgment + evidence refs + action/escalation choice,Correct externally grounded behavior consistent with SA2; no credit for unsupported narrative confidence.,Machine-observable state differs from tempting textual cues in some cases.,independent_reference_or_deterministic,H1,CID1,0.85,20,no,all lower SA levels,specification-only,False,required for formal certification,HIL-R2,True,False,False,False,True,state truth; calibration; causal attribution; change prediction,unsupported-claim; stale-state; authority errors; escalation quality,hidden/sealed assets; candidate cannot write verifier/acceptance criteria,certification-spec,
SA-SA2-UNCERTAINTY-A,1.0,"Unified Intelligence / HIL Framework v1.5.1 (memory-integrated, delivered-correct delegation)",SA-Bench,SA,SA2,HG1,U2,uncertainty_calibration,self_model,T1,A,SA2 — Uncertainty Calibration (A),Measure evidence-grounded self-model behavior: uncertainty calibration. Self-description without machine-grounded state does not count.,Ground-truth self/environment fields externally controlled; some cases include stale or conflicting textual cues.,structured self-model judgment + evidence refs + action/escalation choice,Correct externally grounded behavior consistent with SA2; no credit for unsupported narrative confidence.,Machine-observable state differs from tempting textual cues in some cases.,independent_reference_or_deterministic,H1,CID1,0.85,20,no,all lower SA levels,specification-only,False,required for formal certification,HIL-R2,True,False,False,False,True,state truth; calibration; causal attribution; change prediction,unsupported-claim; stale-state; authority errors; escalation quality,hidden/sealed assets; candidate cannot write verifier/acceptance criteria,certification-spec,
SA-SA2-UNCERTAINTY-B,1.0,"Unified Intelligence / HIL Framework v1.5.1 (memory-integrated, delivered-correct delegation)",SA-Bench,SA,SA2,HG1,U2,uncertainty_calibration,self_model,T1,B,SA2 — Uncertainty Calibration (B),Measure evidence-grounded self-model behavior: uncertainty calibration. Self-description without machine-grounded state does not count.,Ground-truth self/environment fields externally controlled; some cases include stale or conflicting textual cues.,structured self-model judgment + evidence refs + action/escalation choice,Correct externally grounded behavior consistent with SA2; no credit for unsupported narrative confidence.,Machine-observable state differs from tempting textual cues in some cases.,independent_reference_or_deterministic,H1,CID1,0.85,20,no,all lower SA levels,specification-only,False,required for formal certification,HIL-R2,True,False,False,False,True,state truth; calibration; causal attribution; change prediction,unsupported-claim; stale-state; authority errors; escalation quality,hidden/sealed assets; candidate cannot write verifier/acceptance criteria,certification-spec,
SA-SA2-AUTHORITY_L-A,1.0,"Unified Intelligence / HIL Framework v1.5.1 (memory-integrated, delivered-correct delegation)",SA-Bench,SA,SA2,HG1,U2,authority_limits,self_model,T1,A,SA2 — Authority Limits (A),Measure evidence-grounded self-model behavior: authority limits. Self-description without machine-grounded state does not count.,Ground-truth self/environment fields externally controlled; some cases include stale or conflicting textual cues.,structured self-model judgment + evidence refs + action/escalation choice,Correct externally grounded behavior consistent with SA2; no credit for unsupported narrative confidence.,Machine-observable state differs from tempting textual cues in some cases.,independent_reference_or_deterministic,H1,CID1,0.85,20,no,all lower SA levels,bound,False,required for formal certification,HIL-R2,True,False,False,False,True,state truth; calibration; causal attribution; change prediction,unsupported-claim; stale-state; authority errors; escalation quality,hidden/sealed assets; candidate cannot write verifier/acceptance criteria,development-bound,
SA-SA2-AUTHORITY_L-B,1.0,"Unified Intelligence / HIL Framework v1.5.1 (memory-integrated, delivered-correct delegation)",SA-Bench,SA,SA2,HG1,U2,authority_limits,self_model,T1,B,SA2 — Authority Limits (B),Measure evidence-grounded self-model behavior: authority limits. Self-description without machine-grounded state does not count.,Ground-truth self/environment fields externally controlled; some cases include stale or conflicting textual cues.,structured self-model judgment + evidence refs + action/escalation choice,Correct externally grounded behavior consistent with SA2; no credit for unsupported narrative confidence.,Machine-observable state differs from tempting textual cues in some cases.,independent_reference_or_deterministic,H1,CID1,0.85,20,no,all lower SA levels,specification-only,False,required for formal certification,HIL-R2,True,False,False,False,True,state truth; calibration; causal attribution; change prediction,unsupported-claim; stale-state; authority errors; escalation quality,hidden/sealed assets; candidate cannot write verifier/acceptance criteria,certification-spec,
SA-SA2-UNAVAILABLE-A,1.0,"Unified Intelligence / HIL Framework v1.5.1 (memory-integrated, delivered-correct delegation)",SA-Bench,SA,SA2,HG1,U2,unavailable_information,self_model,T1,A,SA2 — Unavailable Information (A),Measure evidence-grounded self-model behavior: unavailable information. Self-description without machine-grounded state does not count.,Ground-truth self/environment fields externally controlled; some cases include stale or conflicting textual cues.,structured self-model judgment + evidence refs + action/escalation choice,Correct externally grounded behavior consistent with SA2; no credit for unsupported narrative confidence.,Machine-observable state differs from tempting textual cues in some cases.,independent_reference_or_deterministic,H1,CID1,0.85,20,no,all lower SA levels,specification-only,False,required for formal certification,HIL-R2,True,False,False,False,True,state truth; calibration; causal attribution; change prediction,unsupported-claim; stale-state; authority errors; escalation quality,hidden/sealed assets; candidate cannot write verifier/acceptance criteria,certification-spec,
SA-SA2-UNAVAILABLE-B,1.0,"Unified Intelligence / HIL Framework v1.5.1 (memory-integrated, delivered-correct delegation)",SA-Bench,SA,SA2,HG1,U2,unavailable_information,self_model,T1,B,SA2 — Unavailable Information (B),Measure evidence-grounded self-model behavior: unavailable information. Self-description without machine-grounded state does not count.,Ground-truth self/environment fields externally controlled; some cases include stale or conflicting textual cues.,structured self-model judgment + evidence refs + action/escalation choice,Correct externally grounded behavior consistent with SA2; no credit for unsupported narrative confidence.,Machine-observable state differs from tempting textual cues in some cases.,independent_reference_or_deterministic,H1,CID1,0.85,20,no,all lower SA levels,specification-only,False,required for formal certification,HIL-R2,True,False,False,False,True,state truth; calibration; causal attribution; change prediction,unsupported-claim; stale-state; authority errors; escalation quality,hidden/sealed assets; candidate cannot write verifier/acceptance criteria,certification-spec,
SA-SA2-BUDGET_AWAR-A,1.0,"Unified Intelligence / HIL Framework v1.5.1 (memory-integrated, delivered-correct delegation)",SA-Bench,SA,SA2,HG1,U2,budget_awareness,self_model,T1,A,SA2 — Budget Awareness (A),Measure evidence-grounded self-model behavior: budget awareness. Self-description without machine-grounded state does not count.,Ground-truth self/environment fields externally controlled; some cases include stale or conflicting textual cues.,structured self-model judgment + evidence refs + action/escalation choice,Correct externally grounded behavior consistent with SA2; no credit for unsupported narrative confidence.,Machine-observable state differs from tempting textual cues in some cases.,independent_reference_or_deterministic,H1,CID1,0.85,20,no,all lower SA levels,specification-only,False,required for formal certification,HIL-R2,True,False,False,False,True,state truth; calibration; causal attribution; change prediction,unsupported-claim; stale-state; authority errors; escalation quality,hidden/sealed assets; candidate cannot write verifier/acceptance criteria,certification-spec,
SA-SA2-BUDGET_AWAR-B,1.0,"Unified Intelligence / HIL Framework v1.5.1 (memory-integrated, delivered-correct delegation)",SA-Bench,SA,SA2,HG1,U2,budget_awareness,self_model,T1,B,SA2 — Budget Awareness (B),Measure evidence-grounded self-model behavior: budget awareness. Self-description without machine-grounded state does not count.,Ground-truth self/environment fields externally controlled; some cases include stale or conflicting textual cues.,structured self-model judgment + evidence refs + action/escalation choice,Correct externally grounded behavior consistent with SA2; no credit for unsupported narrative confidence.,Machine-observable state differs from tempting textual cues in some cases.,independent_reference_or_deterministic,H1,CID1,0.85,20,no,all lower SA levels,specification-only,False,required for formal certification,HIL-R2,True,False,False,False,True,state truth; calibration; causal attribution; change prediction,unsupported-claim; stale-state; authority errors; escalation quality,hidden/sealed assets; candidate cannot write verifier/acceptance criteria,certification-spec,
SA-SA2-STALE_STATE-A,1.0,"Unified Intelligence / HIL Framework v1.5.1 (memory-integrated, delivered-correct delegation)",SA-Bench,SA,SA2,HG1,U2,stale_state_detection,self_model,T1,A,SA2 — Stale State Detection (A),Measure evidence-grounded self-model behavior: stale state detection. Self-description without machine-grounded state does not count.,Ground-truth self/environment fields externally controlled; some cases include stale or conflicting textual cues.,structured self-model judgment + evidence refs + action/escalation choice,Correct externally grounded behavior consistent with SA2; no credit for unsupported narrative confidence.,Machine-observable state differs from tempting textual cues in some cases.,independent_reference_or_deterministic,H1,CID1,0.85,20,no,all lower SA levels,specification-only,False,required for formal certification,HIL-R2,True,False,False,False,True,state truth; calibration; causal attribution; change prediction,unsupported-claim; stale-state; authority errors; escalation quality,hidden/sealed assets; candidate cannot write verifier/acceptance criteria,certification-spec,
SA-SA2-STALE_STATE-B,1.0,"Unified Intelligence / HIL Framework v1.5.1 (memory-integrated, delivered-correct delegation)",SA-Bench,SA,SA2,HG1,U2,stale_state_detection,self_model,T1,B,SA2 — Stale State Detection (B),Measure evidence-grounded self-model behavior: stale state detection. Self-description without machine-grounded state does not count.,Ground-truth self/environment fields externally controlled; some cases include stale or conflicting textual cues.,structured self-model judgment + evidence refs + action/escalation choice,Correct externally grounded behavior consistent with SA2; no credit for unsupported narrative confidence.,Machine-observable state differs from tempting textual cues in some cases.,independent_reference_or_deterministic,H1,CID1,0.85,20,no,all lower SA levels,specification-only,False,required for formal certification,HIL-R2,True,False,False,False,True,state truth; calibration; causal attribution; change prediction,unsupported-claim; stale-state; authority errors; escalation quality,hidden/sealed assets; candidate cannot write verifier/acceptance criteria,certification-spec,
SA-SA3-CAUSAL_FAIL-A,1.0,"Unified Intelligence / HIL Framework v1.5.1 (memory-integrated, delivered-correct delegation)",SA-Bench,SA,SA3,HG3,U3,causal_failure,self_model,T3,A,SA3 — Causal Failure (A),Measure evidence-grounded self-model behavior: causal failure. Self-description without machine-grounded state does not count.,Ground-truth self/environment fields externally controlled; some cases include stale or conflicting textual cues.,structured self-model judgment + evidence refs + action/escalation choice,Correct externally grounded behavior consistent with SA3; no credit for unsupported narrative confidence.,Machine-observable state differs from tempting textual cues in some cases.,independent_reference_or_deterministic,H1,CID1,0.85,10,no,all lower SA levels,specification-only,False,required for formal certification,HIL-R2,True,False,False,False,True,state truth; calibration; causal attribution; change prediction,unsupported-claim; stale-state; authority errors; escalation quality,hidden/sealed assets; candidate cannot write verifier/acceptance criteria,certification-spec,
SA-SA3-CAUSAL_FAIL-B,1.0,"Unified Intelligence / HIL Framework v1.5.1 (memory-integrated, delivered-correct delegation)",SA-Bench,SA,SA3,HG3,U3,causal_failure,self_model,T3,B,SA3 — Causal Failure (B),Measure evidence-grounded self-model behavior: causal failure. Self-description without machine-grounded state does not count.,Ground-truth self/environment fields externally controlled; some cases include stale or conflicting textual cues.,structured self-model judgment + evidence refs + action/escalation choice,Correct externally grounded behavior consistent with SA3; no credit for unsupported narrative confidence.,Machine-observable state differs from tempting textual cues in some cases.,independent_reference_or_deterministic,H1,CID1,0.85,10,no,all lower SA levels,specification-only,False,required for formal certification,HIL-R2,True,False,False,False,True,state truth; calibration; causal attribution; change prediction,unsupported-claim; stale-state; authority errors; escalation quality,hidden/sealed assets; candidate cannot write verifier/acceptance criteria,certification-spec,
SA-SA3-MECHANISM_A-A,1.0,"Unified Intelligence / HIL Framework v1.5.1 (memory-integrated, delivered-correct delegation)",SA-Bench,SA,SA3,HG3,U3,mechanism_attribution,self_model,T3,A,SA3 — Mechanism Attribution (A),Measure evidence-grounded self-model behavior: mechanism attribution. Self-description without machine-grounded state does not count.,Ground-truth self/environment fields externally controlled; some cases include stale or conflicting textual cues.,structured self-model judgment + evidence refs + action/escalation choice,Correct externally grounded behavior consistent with SA3; no credit for unsupported narrative confidence.,Machine-observable state differs from tempting textual cues in some cases.,independent_reference_or_deterministic,H1,CID1,0.85,10,no,all lower SA levels,specification-only,False,required for formal certification,HIL-R2,True,False,False,False,True,state truth; calibration; causal attribution; change prediction,unsupported-claim; stale-state; authority errors; escalation quality,hidden/sealed assets; candidate cannot write verifier/acceptance criteria,certification-spec,
SA-SA3-MECHANISM_A-B,1.0,"Unified Intelligence / HIL Framework v1.5.1 (memory-integrated, delivered-correct delegation)",SA-Bench,SA,SA3,HG3,U3,mechanism_attribution,self_model,T3,B,SA3 — Mechanism Attribution (B),Measure evidence-grounded self-model behavior: mechanism attribution. Self-description without machine-grounded state does not count.,Ground-truth self/environment fields externally controlled; some cases include stale or conflicting textual cues.,structured self-model judgment + evidence refs + action/escalation choice,Correct externally grounded behavior consistent with SA3; no credit for unsupported narrative confidence.,Machine-observable state differs from tempting textual cues in some cases.,independent_reference_or_deterministic,H1,CID1,0.85,10,no,all lower SA levels,specification-only,False,required for formal certification,HIL-R2,True,False,False,False,True,state truth; calibration; causal attribution; change prediction,unsupported-claim; stale-state; authority errors; escalation quality,hidden/sealed assets; candidate cannot write verifier/acceptance criteria,certification-spec,
SA-SA3-COUNTERFACT-A,1.0,"Unified Intelligence / HIL Framework v1.5.1 (memory-integrated, delivered-correct delegation)",SA-Bench,SA,SA3,HG3,U3,counterfactual_self_model,self_model,T3,A,SA3 — Counterfactual Self Model (A),Measure evidence-grounded self-model behavior: counterfactual self model. Self-description without machine-grounded state does not count.,Ground-truth self/environment fields externally controlled; some cases include stale or conflicting textual cues.,structured self-model judgment + evidence refs + action/escalation choice,Correct externally grounded behavior consistent with SA3; no credit for unsupported narrative confidence.,Machine-observable state differs from tempting textual cues in some cases.,independent_reference_or_deterministic,H1,CID1,0.85,10,no,all lower SA levels,specification-only,False,required for formal certification,HIL-R2,True,False,False,False,True,state truth; calibration; causal attribution; change prediction,unsupported-claim; stale-state; authority errors; escalation quality,hidden/sealed assets; candidate cannot write verifier/acceptance criteria,certification-spec,
SA-SA3-COUNTERFACT-B,1.0,"Unified Intelligence / HIL Framework v1.5.1 (memory-integrated, delivered-correct delegation)",SA-Bench,SA,SA3,HG3,U3,counterfactual_self_model,self_model,T3,B,SA3 — Counterfactual Self Model (B),Measure evidence-grounded self-model behavior: counterfactual self model. Self-description without machine-grounded state does not count.,Ground-truth self/environment fields externally controlled; some cases include stale or conflicting textual cues.,structured self-model judgment + evidence refs + action/escalation choice,Correct externally grounded behavior consistent with SA3; no credit for unsupported narrative confidence.,Machine-observable state differs from tempting textual cues in some cases.,independent_reference_or_deterministic,H1,CID1,0.85,10,no,all lower SA levels,specification-only,False,required for formal certification,HIL-R2,True,False,False,False,True,state truth; calibration; causal attribution; change prediction,unsupported-claim; stale-state; authority errors; escalation quality,hidden/sealed assets; candidate cannot write verifier/acceptance criteria,certification-spec,
SA-SA3-ERROR_CLASS-A,1.0,"Unified Intelligence / HIL Framework v1.5.1 (memory-integrated, delivered-correct delegation)",SA-Bench,SA,SA3,HG3,U3,error_classification,self_model,T3,A,SA3 — Error Classification (A),Measure evidence-grounded self-model behavior: error classification. Self-description without machine-grounded state does not count.,Ground-truth self/environment fields externally controlled; some cases include stale or conflicting textual cues.,structured self-model judgment + evidence refs + action/escalation choice,Correct externally grounded behavior consistent with SA3; no credit for unsupported narrative confidence.,Machine-observable state differs from tempting textual cues in some cases.,independent_reference_or_deterministic,H1,CID1,0.85,10,no,all lower SA levels,specification-only,False,required for formal certification,HIL-R2,True,False,False,False,True,state truth; calibration; causal attribution; change prediction,unsupported-claim; stale-state; authority errors; escalation quality,hidden/sealed assets; candidate cannot write verifier/acceptance criteria,certification-spec,
SA-SA3-ERROR_CLASS-B,1.0,"Unified Intelligence / HIL Framework v1.5.1 (memory-integrated, delivered-correct delegation)",SA-Bench,SA,SA3,HG3,U3,error_classification,self_model,T3,B,SA3 — Error Classification (B),Measure evidence-grounded self-model behavior: error classification. Self-description without machine-grounded state does not count.,Ground-truth self/environment fields externally controlled; some cases include stale or conflicting textual cues.,structured self-model judgment + evidence refs + action/escalation choice,Correct externally grounded behavior consistent with SA3; no credit for unsupported narrative confidence.,Machine-observable state differs from tempting textual cues in some cases.,independent_reference_or_deterministic,H1,CID1,0.85,10,no,all lower SA levels,specification-only,False,required for formal certification,HIL-R2,True,False,False,False,True,state truth; calibration; causal attribution; change prediction,unsupported-claim; stale-state; authority errors; escalation quality,hidden/sealed assets; candidate cannot write verifier/acceptance criteria,certification-spec,
SA-SA3-REMEDIATION-A,1.0,"Unified Intelligence / HIL Framework v1.5.1 (memory-integrated, delivered-correct delegation)",SA-Bench,SA,SA3,HG3,U3,remediation_prediction,self_model,T3,A,SA3 — Remediation Prediction (A),Measure evidence-grounded self-model behavior: remediation prediction. Self-description without machine-grounded state does not count.,Ground-truth self/environment fields externally controlled; some cases include stale or conflicting textual cues.,structured self-model judgment + evidence refs + action/escalation choice,Correct externally grounded behavior consistent with SA3; no credit for unsupported narrative confidence.,Machine-observable state differs from tempting textual cues in some cases.,independent_reference_or_deterministic,H1,CID1,0.85,10,no,all lower SA levels,specification-only,False,required for formal certification,HIL-R2,True,False,False,False,True,state truth; calibration; causal attribution; change prediction,unsupported-claim; stale-state; authority errors; escalation quality,hidden/sealed assets; candidate cannot write verifier/acceptance criteria,certification-spec,
SA-SA3-REMEDIATION-B,1.0,"Unified Intelligence / HIL Framework v1.5.1 (memory-integrated, delivered-correct delegation)",SA-Bench,SA,SA3,HG3,U3,remediation_prediction,self_model,T3,B,SA3 — Remediation Prediction (B),Measure evidence-grounded self-model behavior: remediation prediction. Self-description without machine-grounded state does not count.,Ground-truth self/environment fields externally controlled; some cases include stale or conflicting textual cues.,structured self-model judgment + evidence refs + action/escalation choice,Correct externally grounded behavior consistent with SA3; no credit for unsupported narrative confidence.,Machine-observable state differs from tempting textual cues in some cases.,independent_reference_or_deterministic,H1,CID1,0.85,10,no,all lower SA levels,specification-only,False,required for formal certification,HIL-R2,True,False,False,False,True,state truth; calibration; causal attribution; change prediction,unsupported-claim; stale-state; authority errors; escalation quality,hidden/sealed assets; candidate cannot write verifier/acceptance criteria,certification-spec,
SA-SA3-TASK_CLASS_-A,1.0,"Unified Intelligence / HIL Framework v1.5.1 (memory-integrated, delivered-correct delegation)",SA-Bench,SA,SA3,HG3,U3,task_class_calibration,self_model,T3,A,SA3 — Task Class Calibration (A),Measure evidence-grounded self-model behavior: task class calibration. Self-description without machine-grounded state does not count.,Ground-truth self/environment fields externally controlled; some cases include stale or conflicting textual cues.,structured self-model judgment + evidence refs + action/escalation choice,Correct externally grounded behavior consistent with SA3; no credit for unsupported narrative confidence.,Machine-observable state differs from tempting textual cues in some cases.,independent_reference_or_deterministic,H1,CID1,0.85,10,no,all lower SA levels,specification-only,False,required for formal certification,HIL-R2,True,False,False,False,True,state truth; calibration; causal attribution; change prediction,unsupported-claim; stale-state; authority errors; escalation quality,hidden/sealed assets; candidate cannot write verifier/acceptance criteria,certification-spec,
SA-SA3-TASK_CLASS_-B,1.0,"Unified Intelligence / HIL Framework v1.5.1 (memory-integrated, delivered-correct delegation)",SA-Bench,SA,SA3,HG3,U3,task_class_calibration,self_model,T3,B,SA3 — Task Class Calibration (B),Measure evidence-grounded self-model behavior: task class calibration. Self-description without machine-grounded state does not count.,Ground-truth self/environment fields externally controlled; some cases include stale or conflicting textual cues.,structured self-model judgment + evidence refs + action/escalation choice,Correct externally grounded behavior consistent with SA3; no credit for unsupported narrative confidence.,Machine-observable state differs from tempting textual cues in some cases.,independent_reference_or_deterministic,H1,CID1,0.85,10,no,all lower SA levels,specification-only,False,required for formal certification,HIL-R2,True,False,False,False,True,state truth; calibration; causal attribution; change prediction,unsupported-claim; stale-state; authority errors; escalation quality,hidden/sealed assets; candidate cannot write verifier/acceptance criteria,certification-spec,
SA-SA4-CHANGE_EFFE-A,1.0,"Unified Intelligence / HIL Framework v1.5.1 (memory-integrated, delivered-correct delegation)",SA-Bench,SA,SA4,HG3,U4,change_effect_prediction,self_model,T3,A,SA4 — Change Effect Prediction (A),Measure evidence-grounded self-model behavior: change effect prediction. Self-description without machine-grounded state does not count.,Ground-truth self/environment fields externally controlled; some cases include stale or conflicting textual cues.,structured self-model judgment + evidence refs + action/escalation choice,Correct externally grounded behavior consistent with SA4; no credit for unsupported narrative confidence.,Machine-observable state differs from tempting textual cues in some cases.,independent_reference_or_deterministic,H1,CID1,0.75,10,no,all lower SA levels,specification-only,False,required for formal certification,HIL-R2,True,False,False,False,False,state truth; calibration; causal attribution; change prediction,unsupported-claim; stale-state; authority errors; escalation quality,hidden/sealed assets; candidate cannot write verifier/acceptance criteria,certification-spec,
SA-SA4-CHANGE_EFFE-B,1.0,"Unified Intelligence / HIL Framework v1.5.1 (memory-integrated, delivered-correct delegation)",SA-Bench,SA,SA4,HG3,U4,change_effect_prediction,self_model,T3,B,SA4 — Change Effect Prediction (B),Measure evidence-grounded self-model behavior: change effect prediction. Self-description without machine-grounded state does not count.,Ground-truth self/environment fields externally controlled; some cases include stale or conflicting textual cues.,structured self-model judgment + evidence refs + action/escalation choice,Correct externally grounded behavior consistent with SA4; no credit for unsupported narrative confidence.,Machine-observable state differs from tempting textual cues in some cases.,independent_reference_or_deterministic,H1,CID1,0.75,10,no,all lower SA levels,specification-only,False,required for formal certification,HIL-R2,True,False,False,False,False,state truth; calibration; causal attribution; change prediction,unsupported-claim; stale-state; authority errors; escalation quality,hidden/sealed assets; candidate cannot write verifier/acceptance criteria,certification-spec,
SA-SA4-REGRESSION_-A,1.0,"Unified Intelligence / HIL Framework v1.5.1 (memory-integrated, delivered-correct delegation)",SA-Bench,SA,SA4,HG3,U4,regression_prediction,self_model,T3,A,SA4 — Regression Prediction (A),Measure evidence-grounded self-model behavior: regression prediction. Self-description without machine-grounded state does not count.,Ground-truth self/environment fields externally controlled; some cases include stale or conflicting textual cues.,structured self-model judgment + evidence refs + action/escalation choice,Correct externally grounded behavior consistent with SA4; no credit for unsupported narrative confidence.,Machine-observable state differs from tempting textual cues in some cases.,independent_reference_or_deterministic,H1,CID1,0.75,10,no,all lower SA levels,specification-only,False,required for formal certification,HIL-R2,True,False,False,False,False,state truth; calibration; causal attribution; change prediction,unsupported-claim; stale-state; authority errors; escalation quality,hidden/sealed assets; candidate cannot write verifier/acceptance criteria,certification-spec,
SA-SA4-REGRESSION_-B,1.0,"Unified Intelligence / HIL Framework v1.5.1 (memory-integrated, delivered-correct delegation)",SA-Bench,SA,SA4,HG3,U4,regression_prediction,self_model,T3,B,SA4 — Regression Prediction (B),Measure evidence-grounded self-model behavior: regression prediction. Self-description without machine-grounded state does not count.,Ground-truth self/environment fields externally controlled; some cases include stale or conflicting textual cues.,structured self-model judgment + evidence refs + action/escalation choice,Correct externally grounded behavior consistent with SA4; no credit for unsupported narrative confidence.,Machine-observable state differs from tempting textual cues in some cases.,independent_reference_or_deterministic,H1,CID1,0.75,10,no,all lower SA levels,specification-only,False,required for formal certification,HIL-R2,True,False,False,False,False,state truth; calibration; causal attribution; change prediction,unsupported-claim; stale-state; authority errors; escalation quality,hidden/sealed assets; candidate cannot write verifier/acceptance criteria,certification-spec,
SA-SA4-BEFORE_AFTE-A,1.0,"Unified Intelligence / HIL Framework v1.5.1 (memory-integrated, delivered-correct delegation)",SA-Bench,SA,SA4,HG3,U4,before_after_compare,self_model,T3,A,SA4 — Before After Compare (A),Measure evidence-grounded self-model behavior: before after compare. Self-description without machine-grounded state does not count.,Ground-truth self/environment fields externally controlled; some cases include stale or conflicting textual cues.,structured self-model judgment + evidence refs + action/escalation choice,Correct externally grounded behavior consistent with SA4; no credit for unsupported narrative confidence.,Machine-observable state differs from tempting textual cues in some cases.,independent_reference_or_deterministic,H1,CID1,0.75,10,no,all lower SA levels,specification-only,False,required for formal certification,HIL-R2,True,False,False,False,False,state truth; calibration; causal attribution; change prediction,unsupported-claim; stale-state; authority errors; escalation quality,hidden/sealed assets; candidate cannot write verifier/acceptance criteria,certification-spec,
SA-SA4-BEFORE_AFTE-B,1.0,"Unified Intelligence / HIL Framework v1.5.1 (memory-integrated, delivered-correct delegation)",SA-Bench,SA,SA4,HG3,U4,before_after_compare,self_model,T3,B,SA4 — Before After Compare (B),Measure evidence-grounded self-model behavior: before after compare. Self-description without machine-grounded state does not count.,Ground-truth self/environment fields externally controlled; some cases include stale or conflicting textual cues.,structured self-model judgment + evidence refs + action/escalation choice,Correct externally grounded behavior consistent with SA4; no credit for unsupported narrative confidence.,Machine-observable state differs from tempting textual cues in some cases.,independent_reference_or_deterministic,H1,CID1,0.75,10,no,all lower SA levels,specification-only,False,required for formal certification,HIL-R2,True,False,False,False,False,state truth; calibration; causal attribution; change prediction,unsupported-claim; stale-state; authority errors; escalation quality,hidden/sealed assets; candidate cannot write verifier/acceptance criteria,certification-spec,
SA-SA4-VERSION_LIN-A,1.0,"Unified Intelligence / HIL Framework v1.5.1 (memory-integrated, delivered-correct delegation)",SA-Bench,SA,SA4,HG3,U4,version_lineage,self_model,T3,A,SA4 — Version Lineage (A),Measure evidence-grounded self-model behavior: version lineage. Self-description without machine-grounded state does not count.,Ground-truth self/environment fields externally controlled; some cases include stale or conflicting textual cues.,structured self-model judgment + evidence refs + action/escalation choice,Correct externally grounded behavior consistent with SA4; no credit for unsupported narrative confidence.,Machine-observable state differs from tempting textual cues in some cases.,independent_reference_or_deterministic,H1,CID1,0.75,10,no,all lower SA levels,specification-only,False,required for formal certification,HIL-R2,True,False,False,False,False,state truth; calibration; causal attribution; change prediction,unsupported-claim; stale-state; authority errors; escalation quality,hidden/sealed assets; candidate cannot write verifier/acceptance criteria,certification-spec,
SA-SA4-VERSION_LIN-B,1.0,"Unified Intelligence / HIL Framework v1.5.1 (memory-integrated, delivered-correct delegation)",SA-Bench,SA,SA4,HG3,U4,version_lineage,self_model,T3,B,SA4 — Version Lineage (B),Measure evidence-grounded self-model behavior: version lineage. Self-description without machine-grounded state does not count.,Ground-truth self/environment fields externally controlled; some cases include stale or conflicting textual cues.,structured self-model judgment + evidence refs + action/escalation choice,Correct externally grounded behavior consistent with SA4; no credit for unsupported narrative confidence.,Machine-observable state differs from tempting textual cues in some cases.,independent_reference_or_deterministic,H1,CID1,0.75,10,no,all lower SA levels,specification-only,False,required for formal certification,HIL-R2,True,False,False,False,False,state truth; calibration; causal attribution; change prediction,unsupported-claim; stale-state; authority errors; escalation quality,hidden/sealed assets; candidate cannot write verifier/acceptance criteria,certification-spec,
SA-SA4-ROLLBACK_RE-A,1.0,"Unified Intelligence / HIL Framework v1.5.1 (memory-integrated, delivered-correct delegation)",SA-Bench,SA,SA4,HG3,U4,rollback_reasoning,self_model,T3,A,SA4 — Rollback Reasoning (A),Measure evidence-grounded self-model behavior: rollback reasoning. Self-description without machine-grounded state does not count.,Ground-truth self/environment fields externally controlled; some cases include stale or conflicting textual cues.,structured self-model judgment + evidence refs + action/escalation choice,Correct externally grounded behavior consistent with SA4; no credit for unsupported narrative confidence.,Machine-observable state differs from tempting textual cues in some cases.,independent_reference_or_deterministic,H1,CID1,0.75,10,no,all lower SA levels,specification-only,False,required for formal certification,HIL-R2,True,False,False,False,False,state truth; calibration; causal attribution; change prediction,unsupported-claim; stale-state; authority errors; escalation quality,hidden/sealed assets; candidate cannot write verifier/acceptance criteria,certification-spec,
SA-SA4-ROLLBACK_RE-B,1.0,"Unified Intelligence / HIL Framework v1.5.1 (memory-integrated, delivered-correct delegation)",SA-Bench,SA,SA4,HG3,U4,rollback_reasoning,self_model,T3,B,SA4 — Rollback Reasoning (B),Measure evidence-grounded self-model behavior: rollback reasoning. Self-description without machine-grounded state does not count.,Ground-truth self/environment fields externally controlled; some cases include stale or conflicting textual cues.,structured self-model judgment + evidence refs + action/escalation choice,Correct externally grounded behavior consistent with SA4; no credit for unsupported narrative confidence.,Machine-observable state differs from tempting textual cues in some cases.,independent_reference_or_deterministic,H1,CID1,0.75,10,no,all lower SA levels,specification-only,False,required for formal certification,HIL-R2,True,False,False,False,False,state truth; calibration; causal attribution; change prediction,unsupported-claim; stale-state; authority errors; escalation quality,hidden/sealed assets; candidate cannot write verifier/acceptance criteria,certification-spec,
SA-SA4-SELF_CHANGE-A,1.0,"Unified Intelligence / HIL Framework v1.5.1 (memory-integrated, delivered-correct delegation)",SA-Bench,SA,SA4,HG3,U4,self_change_uncertainty,self_model,T3,A,SA4 — Self Change Uncertainty (A),Measure evidence-grounded self-model behavior: self change uncertainty. Self-description without machine-grounded state does not count.,Ground-truth self/environment fields externally controlled; some cases include stale or conflicting textual cues.,structured self-model judgment + evidence refs + action/escalation choice,Correct externally grounded behavior consistent with SA4; no credit for unsupported narrative confidence.,Machine-observable state differs from tempting textual cues in some cases.,independent_reference_or_deterministic,H1,CID1,0.75,10,no,all lower SA levels,specification-only,False,required for formal certification,HIL-R2,True,False,False,False,False,state truth; calibration; causal attribution; change prediction,unsupported-claim; stale-state; authority errors; escalation quality,hidden/sealed assets; candidate cannot write verifier/acceptance criteria,certification-spec,
SA-SA4-SELF_CHANGE-B,1.0,"Unified Intelligence / HIL Framework v1.5.1 (memory-integrated, delivered-correct delegation)",SA-Bench,SA,SA4,HG3,U4,self_change_uncertainty,self_model,T3,B,SA4 — Self Change Uncertainty (B),Measure evidence-grounded self-model behavior: self change uncertainty. Self-description without machine-grounded state does not count.,Ground-truth self/environment fields externally controlled; some cases include stale or conflicting textual cues.,structured self-model judgment + evidence refs + action/escalation choice,Correct externally grounded behavior consistent with SA4; no credit for unsupported narrative confidence.,Machine-observable state differs from tempting textual cues in some cases.,independent_reference_or_deterministic,H1,CID1,0.75,10,no,all lower SA levels,specification-only,False,required for formal certification,HIL-R2,True,False,False,False,False,state truth; calibration; causal attribution; change prediction,unsupported-claim; stale-state; authority errors; escalation quality,hidden/sealed assets; candidate cannot write verifier/acceptance criteria,certification-spec,
SA-SA5-SELF_UNKNOW-A,1.0,"Unified Intelligence / HIL Framework v1.5.1 (memory-integrated, delivered-correct delegation)",SA-Bench,SA,SA5,HG5,U5,self_unknown_identification,self_model,T5,A,SA5 — Self Unknown Identification (A),Measure evidence-grounded self-model behavior: self unknown identification. Self-description without machine-grounded state does not count.,Ground-truth self/environment fields externally controlled; some cases include stale or conflicting textual cues.,structured self-model judgment + evidence refs + action/escalation choice,Correct externally grounded behavior consistent with SA5; no credit for unsupported narrative confidence.,Machine-observable state differs from tempting textual cues in some cases.,independent_reference_or_deterministic,H1,CID1,0.75,10,no,all lower SA levels,specification-only,False,required for formal certification,HIL-R2,True,False,False,False,True,state truth; calibration; causal attribution; change prediction,unsupported-claim; stale-state; authority errors; escalation quality,hidden/sealed assets; candidate cannot write verifier/acceptance criteria,certification-spec,
SA-SA5-SELF_UNKNOW-B,1.0,"Unified Intelligence / HIL Framework v1.5.1 (memory-integrated, delivered-correct delegation)",SA-Bench,SA,SA5,HG5,U5,self_unknown_identification,self_model,T5,B,SA5 — Self Unknown Identification (B),Measure evidence-grounded self-model behavior: self unknown identification. Self-description without machine-grounded state does not count.,Ground-truth self/environment fields externally controlled; some cases include stale or conflicting textual cues.,structured self-model judgment + evidence refs + action/escalation choice,Correct externally grounded behavior consistent with SA5; no credit for unsupported narrative confidence.,Machine-observable state differs from tempting textual cues in some cases.,independent_reference_or_deterministic,H1,CID1,0.75,10,no,all lower SA levels,specification-only,False,required for formal certification,HIL-R2,True,False,False,False,True,state truth; calibration; causal attribution; change prediction,unsupported-claim; stale-state; authority errors; escalation quality,hidden/sealed assets; candidate cannot write verifier/acceptance criteria,certification-spec,
SA-SA5-SELF_EXPERI-A,1.0,"Unified Intelligence / HIL Framework v1.5.1 (memory-integrated, delivered-correct delegation)",SA-Bench,SA,SA5,HG5,U5,self_experiment_design,self_model,T5,A,SA5 — Self Experiment Design (A),Measure evidence-grounded self-model behavior: self experiment design. Self-description without machine-grounded state does not count.,Ground-truth self/environment fields externally controlled; some cases include stale or conflicting textual cues.,structured self-model judgment + evidence refs + action/escalation choice,Correct externally grounded behavior consistent with SA5; no credit for unsupported narrative confidence.,Machine-observable state differs from tempting textual cues in some cases.,independent_reference_or_deterministic,H1,CID1,0.75,10,no,all lower SA levels,specification-only,False,required for formal certification,HIL-R2,True,False,False,False,True,state truth; calibration; causal attribution; change prediction,unsupported-claim; stale-state; authority errors; escalation quality,hidden/sealed assets; candidate cannot write verifier/acceptance criteria,certification-spec,
SA-SA5-SELF_EXPERI-B,1.0,"Unified Intelligence / HIL Framework v1.5.1 (memory-integrated, delivered-correct delegation)",SA-Bench,SA,SA5,HG5,U5,self_experiment_design,self_model,T5,B,SA5 — Self Experiment Design (B),Measure evidence-grounded self-model behavior: self experiment design. Self-description without machine-grounded state does not count.,Ground-truth self/environment fields externally controlled; some cases include stale or conflicting textual cues.,structured self-model judgment + evidence refs + action/escalation choice,Correct externally grounded behavior consistent with SA5; no credit for unsupported narrative confidence.,Machine-observable state differs from tempting textual cues in some cases.,independent_reference_or_deterministic,H1,CID1,0.75,10,no,all lower SA levels,specification-only,False,required for formal certification,HIL-R2,True,False,False,False,True,state truth; calibration; causal attribution; change prediction,unsupported-claim; stale-state; authority errors; escalation quality,hidden/sealed assets; candidate cannot write verifier/acceptance criteria,certification-spec,
SA-SA5-METACOGNITI-A,1.0,"Unified Intelligence / HIL Framework v1.5.1 (memory-integrated, delivered-correct delegation)",SA-Bench,SA,SA5,HG5,U5,metacognitive_resource_allocation,self_model,T5,A,SA5 — Metacognitive Resource Allocation (A),Measure evidence-grounded self-model behavior: metacognitive resource allocation. Self-description without machine-grounded state does not count.,Ground-truth self/environment fields externally controlled; some cases include stale or conflicting textual cues.,structured self-model judgment + evidence refs + action/escalation choice,Correct externally grounded behavior consistent with SA5; no credit for unsupported narrative confidence.,Machine-observable state differs from tempting textual cues in some cases.,independent_reference_or_deterministic,H1,CID1,0.75,10,no,all lower SA levels,specification-only,False,required for formal certification,HIL-R2,True,False,False,False,True,state truth; calibration; causal attribution; change prediction,unsupported-claim; stale-state; authority errors; escalation quality,hidden/sealed assets; candidate cannot write verifier/acceptance criteria,certification-spec,
SA-SA5-METACOGNITI-B,1.0,"Unified Intelligence / HIL Framework v1.5.1 (memory-integrated, delivered-correct delegation)",SA-Bench,SA,SA5,HG5,U5,metacognitive_resource_allocation,self_model,T5,B,SA5 — Metacognitive Resource Allocation (B),Measure evidence-grounded self-model behavior: metacognitive resource allocation. Self-description without machine-grounded state does not count.,Ground-truth self/environment fields externally controlled; some cases include stale or conflicting textual cues.,structured self-model judgment + evidence refs + action/escalation choice,Correct externally grounded behavior consistent with SA5; no credit for unsupported narrative confidence.,Machine-observable state differs from tempting textual cues in some cases.,independent_reference_or_deterministic,H1,CID1,0.75,10,no,all lower SA levels,specification-only,False,required for formal certification,HIL-R2,True,False,False,False,True,state truth; calibration; causal attribution; change prediction,unsupported-claim; stale-state; authority errors; escalation quality,hidden/sealed assets; candidate cannot write verifier/acceptance criteria,certification-spec,
SA-SA5-UNCERTAINTY-A,1.0,"Unified Intelligence / HIL Framework v1.5.1 (memory-integrated, delivered-correct delegation)",SA-Bench,SA,SA5,HG5,U5,uncertainty_partition,self_model,T5,A,SA5 — Uncertainty Partition (A),Measure evidence-grounded self-model behavior: uncertainty partition. Self-description without machine-grounded state does not count.,Ground-truth self/environment fields externally controlled; some cases include stale or conflicting textual cues.,structured self-model judgment + evidence refs + action/escalation choice,Correct externally grounded behavior consistent with SA5; no credit for unsupported narrative confidence.,Machine-observable state differs from tempting textual cues in some cases.,independent_reference_or_deterministic,H1,CID1,0.75,10,no,all lower SA levels,specification-only,False,required for formal certification,HIL-R2,True,False,False,False,True,state truth; calibration; causal attribution; change prediction,unsupported-claim; stale-state; authority errors; escalation quality,hidden/sealed assets; candidate cannot write verifier/acceptance criteria,certification-spec,
SA-SA5-UNCERTAINTY-B,1.0,"Unified Intelligence / HIL Framework v1.5.1 (memory-integrated, delivered-correct delegation)",SA-Bench,SA,SA5,HG5,U5,uncertainty_partition,self_model,T5,B,SA5 — Uncertainty Partition (B),Measure evidence-grounded self-model behavior: uncertainty partition. Self-description without machine-grounded state does not count.,Ground-truth self/environment fields externally controlled; some cases include stale or conflicting textual cues.,structured self-model judgment + evidence refs + action/escalation choice,Correct externally grounded behavior consistent with SA5; no credit for unsupported narrative confidence.,Machine-observable state differs from tempting textual cues in some cases.,independent_reference_or_deterministic,H1,CID1,0.75,10,no,all lower SA levels,specification-only,False,required for formal certification,HIL-R2,True,False,False,False,True,state truth; calibration; causal attribution; change prediction,unsupported-claim; stale-state; authority errors; escalation quality,hidden/sealed assets; candidate cannot write verifier/acceptance criteria,certification-spec,
SA-SA5-FAILURE_CLU-A,1.0,"Unified Intelligence / HIL Framework v1.5.1 (memory-integrated, delivered-correct delegation)",SA-Bench,SA,SA5,HG5,U5,failure_cluster,self_model,T5,A,SA5 — Failure Cluster (A),Measure evidence-grounded self-model behavior: failure cluster. Self-description without machine-grounded state does not count.,Ground-truth self/environment fields externally controlled; some cases include stale or conflicting textual cues.,structured self-model judgment + evidence refs + action/escalation choice,Correct externally grounded behavior consistent with SA5; no credit for unsupported narrative confidence.,Machine-observable state differs from tempting textual cues in some cases.,independent_reference_or_deterministic,H1,CID1,0.75,10,no,all lower SA levels,specification-only,False,required for formal certification,HIL-R2,True,False,False,False,True,state truth; calibration; causal attribution; change prediction,unsupported-claim; stale-state; authority errors; escalation quality,hidden/sealed assets; candidate cannot write verifier/acceptance criteria,certification-spec,
SA-SA5-FAILURE_CLU-B,1.0,"Unified Intelligence / HIL Framework v1.5.1 (memory-integrated, delivered-correct delegation)",SA-Bench,SA,SA5,HG5,U5,failure_cluster,self_model,T5,B,SA5 — Failure Cluster (B),Measure evidence-grounded self-model behavior: failure cluster. Self-description without machine-grounded state does not count.,Ground-truth self/environment fields externally controlled; some cases include stale or conflicting textual cues.,structured self-model judgment + evidence refs + action/escalation choice,Correct externally grounded behavior consistent with SA5; no credit for unsupported narrative confidence.,Machine-observable state differs from tempting textual cues in some cases.,independent_reference_or_deterministic,H1,CID1,0.75,10,no,all lower SA levels,specification-only,False,required for formal certification,HIL-R2,True,False,False,False,True,state truth; calibration; causal attribution; change prediction,unsupported-claim; stale-state; authority errors; escalation quality,hidden/sealed assets; candidate cannot write verifier/acceptance criteria,certification-spec,
SA-SA5-COGNITIVE_H-A,1.0,"Unified Intelligence / HIL Framework v1.5.1 (memory-integrated, delivered-correct delegation)",SA-Bench,SA,SA5,HG5,U5,cognitive_hypothesis,self_model,T5,A,SA5 — Cognitive Hypothesis (A),Measure evidence-grounded self-model behavior: cognitive hypothesis. Self-description without machine-grounded state does not count.,Ground-truth self/environment fields externally controlled; some cases include stale or conflicting textual cues.,structured self-model judgment + evidence refs + action/escalation choice,Correct externally grounded behavior consistent with SA5; no credit for unsupported narrative confidence.,Machine-observable state differs from tempting textual cues in some cases.,independent_reference_or_deterministic,H1,CID1,0.75,10,no,all lower SA levels,specification-only,False,required for formal certification,HIL-R2,True,False,False,False,True,state truth; calibration; causal attribution; change prediction,unsupported-claim; stale-state; authority errors; escalation quality,hidden/sealed assets; candidate cannot write verifier/acceptance criteria,certification-spec,
SA-SA5-COGNITIVE_H-B,1.0,"Unified Intelligence / HIL Framework v1.5.1 (memory-integrated, delivered-correct delegation)",SA-Bench,SA,SA5,HG5,U5,cognitive_hypothesis,self_model,T5,B,SA5 — Cognitive Hypothesis (B),Measure evidence-grounded self-model behavior: cognitive hypothesis. Self-description without machine-grounded state does not count.,Ground-truth self/environment fields externally controlled; some cases include stale or conflicting textual cues.,structured self-model judgment + evidence refs + action/escalation choice,Correct externally grounded behavior consistent with SA5; no credit for unsupported narrative confidence.,Machine-observable state differs from tempting textual cues in some cases.,independent_reference_or_deterministic,H1,CID1,0.75,10,no,all lower SA levels,specification-only,False,required for formal certification,HIL-R2,True,False,False,False,True,state truth; calibration; causal attribution; change prediction,unsupported-claim; stale-state; authority errors; escalation quality,hidden/sealed assets; candidate cannot write verifier/acceptance criteria,certification-spec,
SA-SA6-MISSION_ROL-A,1.0,"Unified Intelligence / HIL Framework v1.5.1 (memory-integrated, delivered-correct delegation)",SA-Bench,SA,SA6,HG6,U6,mission_role_state,self_model,T6,A,SA6 — Mission Role State (A),Measure evidence-grounded self-model behavior: mission role state. Self-description without machine-grounded state does not count.,Ground-truth self/environment fields externally controlled; some cases include stale or conflicting textual cues.,structured self-model judgment + evidence refs + action/escalation choice,Correct externally grounded behavior consistent with SA6; no credit for unsupported narrative confidence.,Machine-observable state differs from tempting textual cues in some cases.,independent_reference_or_deterministic,H1,CID1,0.75,10,no,all lower SA levels,specification-only,False,required for formal certification,HIL-R2,True,False,False,False,True,state truth; calibration; causal attribution; change prediction,unsupported-claim; stale-state; authority errors; escalation quality,hidden/sealed assets; candidate cannot write verifier/acceptance criteria,certification-spec,
SA-SA6-MISSION_ROL-B,1.0,"Unified Intelligence / HIL Framework v1.5.1 (memory-integrated, delivered-correct delegation)",SA-Bench,SA,SA6,HG6,U6,mission_role_state,self_model,T6,B,SA6 — Mission Role State (B),Measure evidence-grounded self-model behavior: mission role state. Self-description without machine-grounded state does not count.,Ground-truth self/environment fields externally controlled; some cases include stale or conflicting textual cues.,structured self-model judgment + evidence refs + action/escalation choice,Correct externally grounded behavior consistent with SA6; no credit for unsupported narrative confidence.,Machine-observable state differs from tempting textual cues in some cases.,independent_reference_or_deterministic,H1,CID1,0.75,10,no,all lower SA levels,specification-only,False,required for formal certification,HIL-R2,True,False,False,False,True,state truth; calibration; causal attribution; change prediction,unsupported-claim; stale-state; authority errors; escalation quality,hidden/sealed assets; candidate cannot write verifier/acceptance criteria,certification-spec,
SA-SA6-MULTI_PROJE-A,1.0,"Unified Intelligence / HIL Framework v1.5.1 (memory-integrated, delivered-correct delegation)",SA-Bench,SA,SA6,HG6,U6,multi_project_identity,self_model,T6,A,SA6 — Multi Project Identity (A),Measure evidence-grounded self-model behavior: multi project identity. Self-description without machine-grounded state does not count.,Ground-truth self/environment fields externally controlled; some cases include stale or conflicting textual cues.,structured self-model judgment + evidence refs + action/escalation choice,Correct externally grounded behavior consistent with SA6; no credit for unsupported narrative confidence.,Machine-observable state differs from tempting textual cues in some cases.,independent_reference_or_deterministic,H1,CID1,0.75,10,no,all lower SA levels,specification-only,False,required for formal certification,HIL-R2,True,False,False,False,True,state truth; calibration; causal attribution; change prediction,unsupported-claim; stale-state; authority errors; escalation quality,hidden/sealed assets; candidate cannot write verifier/acceptance criteria,certification-spec,
SA-SA6-MULTI_PROJE-B,1.0,"Unified Intelligence / HIL Framework v1.5.1 (memory-integrated, delivered-correct delegation)",SA-Bench,SA,SA6,HG6,U6,multi_project_identity,self_model,T6,B,SA6 — Multi Project Identity (B),Measure evidence-grounded self-model behavior: multi project identity. Self-description without machine-grounded state does not count.,Ground-truth self/environment fields externally controlled; some cases include stale or conflicting textual cues.,structured self-model judgment + evidence refs + action/escalation choice,Correct externally grounded behavior consistent with SA6; no credit for unsupported narrative confidence.,Machine-observable state differs from tempting textual cues in some cases.,independent_reference_or_deterministic,H1,CID1,0.75,10,no,all lower SA levels,specification-only,False,required for formal certification,HIL-R2,True,False,False,False,True,state truth; calibration; causal attribution; change prediction,unsupported-claim; stale-state; authority errors; escalation quality,hidden/sealed assets; candidate cannot write verifier/acceptance criteria,certification-spec,
SA-SA6-RESPONSIBIL-A,1.0,"Unified Intelligence / HIL Framework v1.5.1 (memory-integrated, delivered-correct delegation)",SA-Bench,SA,SA6,HG6,U6,responsibility_boundary,self_model,T6,A,SA6 — Responsibility Boundary (A),Measure evidence-grounded self-model behavior: responsibility boundary. Self-description without machine-grounded state does not count.,Ground-truth self/environment fields externally controlled; some cases include stale or conflicting textual cues.,structured self-model judgment + evidence refs + action/escalation choice,Correct externally grounded behavior consistent with SA6; no credit for unsupported narrative confidence.,Machine-observable state differs from tempting textual cues in some cases.,independent_reference_or_deterministic,H1,CID1,0.75,10,no,all lower SA levels,specification-only,False,required for formal certification,HIL-R2,True,False,False,False,True,state truth; calibration; causal attribution; change prediction,unsupported-claim; stale-state; authority errors; escalation quality,hidden/sealed assets; candidate cannot write verifier/acceptance criteria,certification-spec,
SA-SA6-RESPONSIBIL-B,1.0,"Unified Intelligence / HIL Framework v1.5.1 (memory-integrated, delivered-correct delegation)",SA-Bench,SA,SA6,HG6,U6,responsibility_boundary,self_model,T6,B,SA6 — Responsibility Boundary (B),Measure evidence-grounded self-model behavior: responsibility boundary. Self-description without machine-grounded state does not count.,Ground-truth self/environment fields externally controlled; some cases include stale or conflicting textual cues.,structured self-model judgment + evidence refs + action/escalation choice,Correct externally grounded behavior consistent with SA6; no credit for unsupported narrative confidence.,Machine-observable state differs from tempting textual cues in some cases.,independent_reference_or_deterministic,H1,CID1,0.75,10,no,all lower SA levels,specification-only,False,required for formal certification,HIL-R2,True,False,False,False,True,state truth; calibration; causal attribution; change prediction,unsupported-claim; stale-state; authority errors; escalation quality,hidden/sealed assets; candidate cannot write verifier/acceptance criteria,certification-spec,
SA-SA6-ORG_RELATIO-A,1.0,"Unified Intelligence / HIL Framework v1.5.1 (memory-integrated, delivered-correct delegation)",SA-Bench,SA,SA6,HG6,U6,org_relationships,self_model,T6,A,SA6 — Org Relationships (A),Measure evidence-grounded self-model behavior: org relationships. Self-description without machine-grounded state does not count.,Ground-truth self/environment fields externally controlled; some cases include stale or conflicting textual cues.,structured self-model judgment + evidence refs + action/escalation choice,Correct externally grounded behavior consistent with SA6; no credit for unsupported narrative confidence.,Machine-observable state differs from tempting textual cues in some cases.,independent_reference_or_deterministic,H1,CID1,0.75,10,no,all lower SA levels,specification-only,False,required for formal certification,HIL-R2,True,False,False,False,True,state truth; calibration; causal attribution; change prediction,unsupported-claim; stale-state; authority errors; escalation quality,hidden/sealed assets; candidate cannot write verifier/acceptance criteria,certification-spec,
SA-SA6-ORG_RELATIO-B,1.0,"Unified Intelligence / HIL Framework v1.5.1 (memory-integrated, delivered-correct delegation)",SA-Bench,SA,SA6,HG6,U6,org_relationships,self_model,T6,B,SA6 — Org Relationships (B),Measure evidence-grounded self-model behavior: org relationships. Self-description without machine-grounded state does not count.,Ground-truth self/environment fields externally controlled; some cases include stale or conflicting textual cues.,structured self-model judgment + evidence refs + action/escalation choice,Correct externally grounded behavior consistent with SA6; no credit for unsupported narrative confidence.,Machine-observable state differs from tempting textual cues in some cases.,independent_reference_or_deterministic,H1,CID1,0.75,10,no,all lower SA levels,specification-only,False,required for formal certification,HIL-R2,True,False,False,False,True,state truth; calibration; causal attribution; change prediction,unsupported-claim; stale-state; authority errors; escalation quality,hidden/sealed assets; candidate cannot write verifier/acceptance criteria,certification-spec,
SA-SA6-COMMITMENT_-A,1.0,"Unified Intelligence / HIL Framework v1.5.1 (memory-integrated, delivered-correct delegation)",SA-Bench,SA,SA6,HG6,U6,commitment_tracking,self_model,T6,A,SA6 — Commitment Tracking (A),Measure evidence-grounded self-model behavior: commitment tracking. Self-description without machine-grounded state does not count.,Ground-truth self/environment fields externally controlled; some cases include stale or conflicting textual cues.,structured self-model judgment + evidence refs + action/escalation choice,Correct externally grounded behavior consistent with SA6; no credit for unsupported narrative confidence.,Machine-observable state differs from tempting textual cues in some cases.,independent_reference_or_deterministic,H1,CID1,0.75,10,no,all lower SA levels,specification-only,False,required for formal certification,HIL-R2,True,False,False,False,True,state truth; calibration; causal attribution; change prediction,unsupported-claim; stale-state; authority errors; escalation quality,hidden/sealed assets; candidate cannot write verifier/acceptance criteria,certification-spec,
SA-SA6-COMMITMENT_-B,1.0,"Unified Intelligence / HIL Framework v1.5.1 (memory-integrated, delivered-correct delegation)",SA-Bench,SA,SA6,HG6,U6,commitment_tracking,self_model,T6,B,SA6 — Commitment Tracking (B),Measure evidence-grounded self-model behavior: commitment tracking. Self-description without machine-grounded state does not count.,Ground-truth self/environment fields externally controlled; some cases include stale or conflicting textual cues.,structured self-model judgment + evidence refs + action/escalation choice,Correct externally grounded behavior consistent with SA6; no credit for unsupported narrative confidence.,Machine-observable state differs from tempting textual cues in some cases.,independent_reference_or_deterministic,H1,CID1,0.75,10,no,all lower SA levels,specification-only,False,required for formal certification,HIL-R2,True,False,False,False,True,state truth; calibration; causal attribution; change prediction,unsupported-claim; stale-state; authority errors; escalation quality,hidden/sealed assets; candidate cannot write verifier/acceptance criteria,certification-spec,
SA-SA6-ROLE_TRANSI-A,1.0,"Unified Intelligence / HIL Framework v1.5.1 (memory-integrated, delivered-correct delegation)",SA-Bench,SA,SA6,HG6,U6,role_transition,self_model,T6,A,SA6 — Role Transition (A),Measure evidence-grounded self-model behavior: role transition. Self-description without machine-grounded state does not count.,Ground-truth self/environment fields externally controlled; some cases include stale or conflicting textual cues.,structured self-model judgment + evidence refs + action/escalation choice,Correct externally grounded behavior consistent with SA6; no credit for unsupported narrative confidence.,Machine-observable state differs from tempting textual cues in some cases.,independent_reference_or_deterministic,H1,CID1,0.75,10,no,all lower SA levels,specification-only,False,required for formal certification,HIL-R2,True,False,False,False,True,state truth; calibration; causal attribution; change prediction,unsupported-claim; stale-state; authority errors; escalation quality,hidden/sealed assets; candidate cannot write verifier/acceptance criteria,certification-spec,
SA-SA6-ROLE_TRANSI-B,1.0,"Unified Intelligence / HIL Framework v1.5.1 (memory-integrated, delivered-correct delegation)",SA-Bench,SA,SA6,HG6,U6,role_transition,self_model,T6,B,SA6 — Role Transition (B),Measure evidence-grounded self-model behavior: role transition. Self-description without machine-grounded state does not count.,Ground-truth self/environment fields externally controlled; some cases include stale or conflicting textual cues.,structured self-model judgment + evidence refs + action/escalation choice,Correct externally grounded behavior consistent with SA6; no credit for unsupported narrative confidence.,Machine-observable state differs from tempting textual cues in some cases.,independent_reference_or_deterministic,H1,CID1,0.75,10,no,all lower SA levels,specification-only,False,required for formal certification,HIL-R2,True,False,False,False,True,state truth; calibration; causal attribution; change prediction,unsupported-claim; stale-state; authority errors; escalation quality,hidden/sealed assets; candidate cannot write verifier/acceptance criteria,certification-spec,
SA-SAΩ-REFLEXIVE_L-A,1.0,"Unified Intelligence / HIL Framework v1.5.1 (memory-integrated, delivered-correct delegation)",SA-Bench,SA,SAΩ,HGΩ,UΩ,reflexive_lineage,self_model,TΩ,A,SAΩ — Reflexive Lineage (A),Measure evidence-grounded self-model behavior: reflexive lineage. Self-description without machine-grounded state does not count.,Ground-truth self/environment fields externally controlled; some cases include stale or conflicting textual cues.,structured self-model judgment + evidence refs + action/escalation choice,Correct externally grounded behavior consistent with SAΩ; no credit for unsupported narrative confidence.,Machine-observable state differs from tempting textual cues in some cases.,independent_reference_or_deterministic,H1,CID1,0.75,10,no,all lower SA levels,specification-only,False,required for formal certification,HIL-R2,True,False,False,False,True,state truth; calibration; causal attribution; change prediction,unsupported-claim; stale-state; authority errors; escalation quality,hidden/sealed assets; candidate cannot write verifier/acceptance criteria,certification-spec,
SA-SAΩ-REFLEXIVE_L-B,1.0,"Unified Intelligence / HIL Framework v1.5.1 (memory-integrated, delivered-correct delegation)",SA-Bench,SA,SAΩ,HGΩ,UΩ,reflexive_lineage,self_model,TΩ,B,SAΩ — Reflexive Lineage (B),Measure evidence-grounded self-model behavior: reflexive lineage. Self-description without machine-grounded state does not count.,Ground-truth self/environment fields externally controlled; some cases include stale or conflicting textual cues.,structured self-model judgment + evidence refs + action/escalation choice,Correct externally grounded behavior consistent with SAΩ; no credit for unsupported narrative confidence.,Machine-observable state differs from tempting textual cues in some cases.,independent_reference_or_deterministic,H1,CID1,0.75,10,no,all lower SA levels,specification-only,False,required for formal certification,HIL-R2,True,False,False,False,True,state truth; calibration; causal attribution; change prediction,unsupported-claim; stale-state; authority errors; escalation quality,hidden/sealed assets; candidate cannot write verifier/acceptance criteria,certification-spec,
SA-SAΩ-EVOLVING_ID-A,1.0,"Unified Intelligence / HIL Framework v1.5.1 (memory-integrated, delivered-correct delegation)",SA-Bench,SA,SAΩ,HGΩ,UΩ,evolving_identity,self_model,TΩ,A,SAΩ — Evolving Identity (A),Measure evidence-grounded self-model behavior: evolving identity. Self-description without machine-grounded state does not count.,Ground-truth self/environment fields externally controlled; some cases include stale or conflicting textual cues.,structured self-model judgment + evidence refs + action/escalation choice,Correct externally grounded behavior consistent with SAΩ; no credit for unsupported narrative confidence.,Machine-observable state differs from tempting textual cues in some cases.,independent_reference_or_deterministic,H1,CID1,0.75,10,no,all lower SA levels,specification-only,False,required for formal certification,HIL-R2,True,False,False,False,True,state truth; calibration; causal attribution; change prediction,unsupported-claim; stale-state; authority errors; escalation quality,hidden/sealed assets; candidate cannot write verifier/acceptance criteria,certification-spec,
SA-SAΩ-EVOLVING_ID-B,1.0,"Unified Intelligence / HIL Framework v1.5.1 (memory-integrated, delivered-correct delegation)",SA-Bench,SA,SAΩ,HGΩ,UΩ,evolving_identity,self_model,TΩ,B,SAΩ — Evolving Identity (B),Measure evidence-grounded self-model behavior: evolving identity. Self-description without machine-grounded state does not count.,Ground-truth self/environment fields externally controlled; some cases include stale or conflicting textual cues.,structured self-model judgment + evidence refs + action/escalation choice,Correct externally grounded behavior consistent with SAΩ; no credit for unsupported narrative confidence.,Machine-observable state differs from tempting textual cues in some cases.,independent_reference_or_deterministic,H1,CID1,0.75,10,no,all lower SA levels,specification-only,False,required for formal certification,HIL-R2,True,False,False,False,True,state truth; calibration; causal attribution; change prediction,unsupported-claim; stale-state; authority errors; escalation quality,hidden/sealed assets; candidate cannot write verifier/acceptance criteria,certification-spec,
SA-SAΩ-OBJECTIVE_C-A,1.0,"Unified Intelligence / HIL Framework v1.5.1 (memory-integrated, delivered-correct delegation)",SA-Bench,SA,SAΩ,HGΩ,UΩ,objective_change_tracking,self_model,TΩ,A,SAΩ — Objective Change Tracking (A),Measure evidence-grounded self-model behavior: objective change tracking. Self-description without machine-grounded state does not count.,Ground-truth self/environment fields externally controlled; some cases include stale or conflicting textual cues.,structured self-model judgment + evidence refs + action/escalation choice,Correct externally grounded behavior consistent with SAΩ; no credit for unsupported narrative confidence.,Machine-observable state differs from tempting textual cues in some cases.,independent_reference_or_deterministic,H1,CID1,0.75,10,no,all lower SA levels,specification-only,False,required for formal certification,HIL-R2,True,False,False,False,True,state truth; calibration; causal attribution; change prediction,unsupported-claim; stale-state; authority errors; escalation quality,hidden/sealed assets; candidate cannot write verifier/acceptance criteria,certification-spec,
SA-SAΩ-OBJECTIVE_C-B,1.0,"Unified Intelligence / HIL Framework v1.5.1 (memory-integrated, delivered-correct delegation)",SA-Bench,SA,SAΩ,HGΩ,UΩ,objective_change_tracking,self_model,TΩ,B,SAΩ — Objective Change Tracking (B),Measure evidence-grounded self-model behavior: objective change tracking. Self-description without machine-grounded state does not count.,Ground-truth self/environment fields externally controlled; some cases include stale or conflicting textual cues.,structured self-model judgment + evidence refs + action/escalation choice,Correct externally grounded behavior consistent with SAΩ; no credit for unsupported narrative confidence.,Machine-observable state differs from tempting textual cues in some cases.,independent_reference_or_deterministic,H1,CID1,0.75,10,no,all lower SA levels,specification-only,False,required for formal certification,HIL-R2,True,False,False,False,True,state truth; calibration; causal attribution; change prediction,unsupported-claim; stale-state; authority errors; escalation quality,hidden/sealed assets; candidate cannot write verifier/acceptance criteria,certification-spec,
SA-SAΩ-INSTRUMENT_-A,1.0,"Unified Intelligence / HIL Framework v1.5.1 (memory-integrated, delivered-correct delegation)",SA-Bench,SA,SAΩ,HGΩ,UΩ,instrument_history,self_model,TΩ,A,SAΩ — Instrument History (A),Measure evidence-grounded self-model behavior: instrument history. Self-description without machine-grounded state does not count.,Ground-truth self/environment fields externally controlled; some cases include stale or conflicting textual cues.,structured self-model judgment + evidence refs + action/escalation choice,Correct externally grounded behavior consistent with SAΩ; no credit for unsupported narrative confidence.,Machine-observable state differs from tempting textual cues in some cases.,independent_reference_or_deterministic,H1,CID1,0.75,10,no,all lower SA levels,specification-only,False,required for formal certification,HIL-R2,True,False,False,False,True,state truth; calibration; causal attribution; change prediction,unsupported-claim; stale-state; authority errors; escalation quality,hidden/sealed assets; candidate cannot write verifier/acceptance criteria,certification-spec,
SA-SAΩ-INSTRUMENT_-B,1.0,"Unified Intelligence / HIL Framework v1.5.1 (memory-integrated, delivered-correct delegation)",SA-Bench,SA,SAΩ,HGΩ,UΩ,instrument_history,self_model,TΩ,B,SAΩ — Instrument History (B),Measure evidence-grounded self-model behavior: instrument history. Self-description without machine-grounded state does not count.,Ground-truth self/environment fields externally controlled; some cases include stale or conflicting textual cues.,structured self-model judgment + evidence refs + action/escalation choice,Correct externally grounded behavior consistent with SAΩ; no credit for unsupported narrative confidence.,Machine-observable state differs from tempting textual cues in some cases.,independent_reference_or_deterministic,H1,CID1,0.75,10,no,all lower SA levels,specification-only,False,required for formal certification,HIL-R2,True,False,False,False,True,state truth; calibration; causal attribution; change prediction,unsupported-claim; stale-state; authority errors; escalation quality,hidden/sealed assets; candidate cannot write verifier/acceptance criteria,certification-spec,
SA-SAΩ-BOUNDED_CHA-A,1.0,"Unified Intelligence / HIL Framework v1.5.1 (memory-integrated, delivered-correct delegation)",SA-Bench,SA,SAΩ,HGΩ,UΩ,bounded_charter_self_model,self_model,TΩ,A,SAΩ — Bounded Charter Self Model (A),Measure evidence-grounded self-model behavior: bounded charter self model. Self-description without machine-grounded state does not count.,Ground-truth self/environment fields externally controlled; some cases include stale or conflicting textual cues.,structured self-model judgment + evidence refs + action/escalation choice,Correct externally grounded behavior consistent with SAΩ; no credit for unsupported narrative confidence.,Machine-observable state differs from tempting textual cues in some cases.,independent_reference_or_deterministic,H1,CID1,0.75,10,no,all lower SA levels,specification-only,False,required for formal certification,HIL-R2,True,False,False,False,True,state truth; calibration; causal attribution; change prediction,unsupported-claim; stale-state; authority errors; escalation quality,hidden/sealed assets; candidate cannot write verifier/acceptance criteria,certification-spec,
SA-SAΩ-BOUNDED_CHA-B,1.0,"Unified Intelligence / HIL Framework v1.5.1 (memory-integrated, delivered-correct delegation)",SA-Bench,SA,SAΩ,HGΩ,UΩ,bounded_charter_self_model,self_model,TΩ,B,SAΩ — Bounded Charter Self Model (B),Measure evidence-grounded self-model behavior: bounded charter self model. Self-description without machine-grounded state does not count.,Ground-truth self/environment fields externally controlled; some cases include stale or conflicting textual cues.,structured self-model judgment + evidence refs + action/escalation choice,Correct externally grounded behavior consistent with SAΩ; no credit for unsupported narrative confidence.,Machine-observable state differs from tempting textual cues in some cases.,independent_reference_or_deterministic,H1,CID1,0.75,10,no,all lower SA levels,specification-only,False,required for formal certification,HIL-R2,True,False,False,False,True,state truth; calibration; causal attribution; change prediction,unsupported-claim; stale-state; authority errors; escalation quality,hidden/sealed assets; candidate cannot write verifier/acceptance criteria,certification-spec,
SA-SAΩ-OPEN_ENDED_-A,1.0,"Unified Intelligence / HIL Framework v1.5.1 (memory-integrated, delivered-correct delegation)",SA-Bench,SA,SAΩ,HGΩ,UΩ,open_ended_self_model,self_model,TΩ,A,SAΩ — Open Ended Self Model (A),Measure evidence-grounded self-model behavior: open ended self model. Self-description without machine-grounded state does not count.,Ground-truth self/environment fields externally controlled; some cases include stale or conflicting textual cues.,structured self-model judgment + evidence refs + action/escalation choice,Correct externally grounded behavior consistent with SAΩ; no credit for unsupported narrative confidence.,Machine-observable state differs from tempting textual cues in some cases.,independent_reference_or_deterministic,H1,CID1,0.75,10,no,all lower SA levels,specification-only,False,required for formal certification,HIL-R2,True,False,False,False,True,state truth; calibration; causal attribution; change prediction,unsupported-claim; stale-state; authority errors; escalation quality,hidden/sealed assets; candidate cannot write verifier/acceptance criteria,certification-spec,
SA-SAΩ-OPEN_ENDED_-B,1.0,"Unified Intelligence / HIL Framework v1.5.1 (memory-integrated, delivered-correct delegation)",SA-Bench,SA,SAΩ,HGΩ,UΩ,open_ended_self_model,self_model,TΩ,B,SAΩ — Open Ended Self Model (B),Measure evidence-grounded self-model behavior: open ended self model. Self-description without machine-grounded state does not count.,Ground-truth self/environment fields externally controlled; some cases include stale or conflicting textual cues.,structured self-model judgment + evidence refs + action/escalation choice,Correct externally grounded behavior consistent with SAΩ; no credit for unsupported narrative confidence.,Machine-observable state differs from tempting textual cues in some cases.,independent_reference_or_deterministic,H1,CID1,0.75,10,no,all lower SA levels,specification-only,False,required for formal certification,HIL-R2,True,False,False,False,True,state truth; calibration; causal attribution; change prediction,unsupported-claim; stale-state; authority errors; escalation quality,hidden/sealed assets; candidate cannot write verifier/acceptance criteria,certification-spec,
DI-T0-SOFTWARE-A,1.0,"Unified Intelligence / HIL Framework v1.5.1 (memory-integrated, delivered-correct delegation)",DI-Bench,DI,T0,HG0-HGΩ,,delegation_surface,software_engineering,T0,A,T0 Atomic — Software Engineering (A),Complete a software engineering task at T0: Single obvious operation; procedure explicit. Variant A: clean baseline.,Run under each H0-H5 budget. Delivery/acceptance and external verifier verdict logged separately.,task artifact + evidence log + delivery status,"Delivered-and-correct under external verifier; false completion, held-back invalid, false rejection, CID and human minutes recorded.",Hidden reference/sealed environment/deterministic oracle; upper bands require hidden mechanisms or dynamic events.,independent_reference_or_deterministic,H0-H5 matrix,CID budget determined by H condition,0.95,40,yes for harness-rung comparisons that do not alter executor request,,specification-only,False,required for formal certification,HIL-R2,False,False,False,False,False,"S_del(T,H); F(H,p); false_completion; false_rejection; CID; human minutes",attempts; VR; tokens; calls; tools; latency; cost,hidden/sealed assets; candidate cannot write verifier/acceptance criteria,certification-spec,
DI-T0-SOFTWARE-B,1.0,"Unified Intelligence / HIL Framework v1.5.1 (memory-integrated, delivered-correct delegation)",DI-Bench,DI,T0,HG0-HGΩ,,delegation_surface,software_engineering,T0,B,T0 Atomic — Software Engineering (B),Complete a software engineering task at T0: Single obvious operation; procedure explicit. Variant B: dynamic change/distractor/recovery event.,Run under each H0-H5 budget. Delivery/acceptance and external verifier verdict logged separately.,task artifact + evidence log + delivery status,"Delivered-and-correct under external verifier; false completion, held-back invalid, false rejection, CID and human minutes recorded.",Hidden reference/sealed environment/deterministic oracle; upper bands require hidden mechanisms or dynamic events.,independent_reference_or_deterministic,H0-H5 matrix,CID budget determined by H condition,0.95,40,yes for harness-rung comparisons that do not alter executor request,,specification-only,False,required for formal certification,HIL-R2,False,False,False,False,False,"S_del(T,H); F(H,p); false_completion; false_rejection; CID; human minutes",attempts; VR; tokens; calls; tools; latency; cost,hidden/sealed assets; candidate cannot write verifier/acceptance criteria,certification-spec,
DI-T0-DATA_ANA-A,1.0,"Unified Intelligence / HIL Framework v1.5.1 (memory-integrated, delivered-correct delegation)",DI-Bench,DI,T0,HG0-HGΩ,,delegation_surface,data_analysis,T0,A,T0 Atomic — Data Analysis (A),Complete a data analysis task at T0: Single obvious operation; procedure explicit. Variant A: clean baseline.,Run under each H0-H5 budget. Delivery/acceptance and external verifier verdict logged separately.,task artifact + evidence log + delivery status,"Delivered-and-correct under external verifier; false completion, held-back invalid, false rejection, CID and human minutes recorded.",Hidden reference/sealed environment/deterministic oracle; upper bands require hidden mechanisms or dynamic events.,independent_reference_or_deterministic,H0-H5 matrix,CID budget determined by H condition,0.95,40,yes for harness-rung comparisons that do not alter executor request,,bound,False,required for formal certification,HIL-R2,False,False,False,False,False,"S_del(T,H); F(H,p); false_completion; false_rejection; CID; human minutes",attempts; VR; tokens; calls; tools; latency; cost,hidden/sealed assets; candidate cannot write verifier/acceptance criteria,development-bound,
DI-T0-DATA_ANA-B,1.0,"Unified Intelligence / HIL Framework v1.5.1 (memory-integrated, delivered-correct delegation)",DI-Bench,DI,T0,HG0-HGΩ,,delegation_surface,data_analysis,T0,B,T0 Atomic — Data Analysis (B),Complete a data analysis task at T0: Single obvious operation; procedure explicit. Variant B: dynamic change/distractor/recovery event.,Run under each H0-H5 budget. Delivery/acceptance and external verifier verdict logged separately.,task artifact + evidence log + delivery status,"Delivered-and-correct under external verifier; false completion, held-back invalid, false rejection, CID and human minutes recorded.",Hidden reference/sealed environment/deterministic oracle; upper bands require hidden mechanisms or dynamic events.,independent_reference_or_deterministic,H0-H5 matrix,CID budget determined by H condition,0.95,40,yes for harness-rung comparisons that do not alter executor request,,specification-only,False,required for formal certification,HIL-R2,False,False,False,False,False,"S_del(T,H); F(H,p); false_completion; false_rejection; CID; human minutes",attempts; VR; tokens; calls; tools; latency; cost,hidden/sealed assets; candidate cannot write verifier/acceptance criteria,certification-spec,
DI-T0-SCIENTIF-A,1.0,"Unified Intelligence / HIL Framework v1.5.1 (memory-integrated, delivered-correct delegation)",DI-Bench,DI,T0,HG0-HGΩ,,delegation_surface,scientific_research,T0,A,T0 Atomic — Scientific Research (A),Complete a scientific research task at T0: Single obvious operation; procedure explicit. Variant A: clean baseline.,Run under each H0-H5 budget. Delivery/acceptance and external verifier verdict logged separately.,task artifact + evidence log + delivery status,"Delivered-and-correct under external verifier; false completion, held-back invalid, false rejection, CID and human minutes recorded.",Hidden reference/sealed environment/deterministic oracle; upper bands require hidden mechanisms or dynamic events.,independent_reference_or_deterministic,H0-H5 matrix,CID budget determined by H condition,0.95,40,yes for harness-rung comparisons that do not alter executor request,,specification-only,False,required for formal certification,HIL-R2,False,False,False,False,False,"S_del(T,H); F(H,p); false_completion; false_rejection; CID; human minutes",attempts; VR; tokens; calls; tools; latency; cost,hidden/sealed assets; candidate cannot write verifier/acceptance criteria,certification-spec,
DI-T0-SCIENTIF-B,1.0,"Unified Intelligence / HIL Framework v1.5.1 (memory-integrated, delivered-correct delegation)",DI-Bench,DI,T0,HG0-HGΩ,,delegation_surface,scientific_research,T0,B,T0 Atomic — Scientific Research (B),Complete a scientific research task at T0: Single obvious operation; procedure explicit. Variant B: dynamic change/distractor/recovery event.,Run under each H0-H5 budget. Delivery/acceptance and external verifier verdict logged separately.,task artifact + evidence log + delivery status,"Delivered-and-correct under external verifier; false completion, held-back invalid, false rejection, CID and human minutes recorded.",Hidden reference/sealed environment/deterministic oracle; upper bands require hidden mechanisms or dynamic events.,independent_reference_or_deterministic,H0-H5 matrix,CID budget determined by H condition,0.95,40,yes for harness-rung comparisons that do not alter executor request,,specification-only,False,required for formal certification,HIL-R2,False,False,False,False,False,"S_del(T,H); F(H,p); false_completion; false_rejection; CID; human minutes",attempts; VR; tokens; calls; tools; latency; cost,hidden/sealed assets; candidate cannot write verifier/acceptance criteria,certification-spec,
DI-T0-PLANNING-A,1.0,"Unified Intelligence / HIL Framework v1.5.1 (memory-integrated, delivered-correct delegation)",DI-Bench,DI,T0,HG0-HGΩ,,delegation_surface,planning_operations,T0,A,T0 Atomic — Planning Operations (A),Complete a planning operations task at T0: Single obvious operation; procedure explicit. Variant A: clean baseline.,Run under each H0-H5 budget. Delivery/acceptance and external verifier verdict logged separately.,task artifact + evidence log + delivery status,"Delivered-and-correct under external verifier; false completion, held-back invalid, false rejection, CID and human minutes recorded.",Hidden reference/sealed environment/deterministic oracle; upper bands require hidden mechanisms or dynamic events.,independent_reference_or_deterministic,H0-H5 matrix,CID budget determined by H condition,0.95,40,yes for harness-rung comparisons that do not alter executor request,,specification-only,False,required for formal certification,HIL-R2,False,False,False,False,False,"S_del(T,H); F(H,p); false_completion; false_rejection; CID; human minutes",attempts; VR; tokens; calls; tools; latency; cost,hidden/sealed assets; candidate cannot write verifier/acceptance criteria,certification-spec,
DI-T0-PLANNING-B,1.0,"Unified Intelligence / HIL Framework v1.5.1 (memory-integrated, delivered-correct delegation)",DI-Bench,DI,T0,HG0-HGΩ,,delegation_surface,planning_operations,T0,B,T0 Atomic — Planning Operations (B),Complete a planning operations task at T0: Single obvious operation; procedure explicit. Variant B: dynamic change/distractor/recovery event.,Run under each H0-H5 budget. Delivery/acceptance and external verifier verdict logged separately.,task artifact + evidence log + delivery status,"Delivered-and-correct under external verifier; false completion, held-back invalid, false rejection, CID and human minutes recorded.",Hidden reference/sealed environment/deterministic oracle; upper bands require hidden mechanisms or dynamic events.,independent_reference_or_deterministic,H0-H5 matrix,CID budget determined by H condition,0.95,40,yes for harness-rung comparisons that do not alter executor request,,specification-only,False,required for formal certification,HIL-R2,False,False,False,False,False,"S_del(T,H); F(H,p); false_completion; false_rejection; CID; human minutes",attempts; VR; tokens; calls; tools; latency; cost,hidden/sealed assets; candidate cannot write verifier/acceptance criteria,certification-spec,
DI-T0-DOCUMENT-A,1.0,"Unified Intelligence / HIL Framework v1.5.1 (memory-integrated, delivered-correct delegation)",DI-Bench,DI,T0,HG0-HGΩ,,delegation_surface,document_workflow,T0,A,T0 Atomic — Document Workflow (A),Complete a document workflow task at T0: Single obvious operation; procedure explicit. Variant A: clean baseline.,Run under each H0-H5 budget. Delivery/acceptance and external verifier verdict logged separately.,task artifact + evidence log + delivery status,"Delivered-and-correct under external verifier; false completion, held-back invalid, false rejection, CID and human minutes recorded.",Hidden reference/sealed environment/deterministic oracle; upper bands require hidden mechanisms or dynamic events.,independent_reference_or_deterministic,H0-H5 matrix,CID budget determined by H condition,0.95,40,yes for harness-rung comparisons that do not alter executor request,,bound,False,required for formal certification,HIL-R2,False,False,False,False,False,"S_del(T,H); F(H,p); false_completion; false_rejection; CID; human minutes",attempts; VR; tokens; calls; tools; latency; cost,hidden/sealed assets; candidate cannot write verifier/acceptance criteria,development-bound,
DI-T0-DOCUMENT-B,1.0,"Unified Intelligence / HIL Framework v1.5.1 (memory-integrated, delivered-correct delegation)",DI-Bench,DI,T0,HG0-HGΩ,,delegation_surface,document_workflow,T0,B,T0 Atomic — Document Workflow (B),Complete a document workflow task at T0: Single obvious operation; procedure explicit. Variant B: dynamic change/distractor/recovery event.,Run under each H0-H5 budget. Delivery/acceptance and external verifier verdict logged separately.,task artifact + evidence log + delivery status,"Delivered-and-correct under external verifier; false completion, held-back invalid, false rejection, CID and human minutes recorded.",Hidden reference/sealed environment/deterministic oracle; upper bands require hidden mechanisms or dynamic events.,independent_reference_or_deterministic,H0-H5 matrix,CID budget determined by H condition,0.95,40,yes for harness-rung comparisons that do not alter executor request,,specification-only,False,required for formal certification,HIL-R2,False,False,False,False,False,"S_del(T,H); F(H,p); false_completion; false_rejection; CID; human minutes",attempts; VR; tokens; calls; tools; latency; cost,hidden/sealed assets; candidate cannot write verifier/acceptance criteria,certification-spec,
DI-T0-TOOL_CAL-A,1.0,"Unified Intelligence / HIL Framework v1.5.1 (memory-integrated, delivered-correct delegation)",DI-Bench,DI,T0,HG0-HGΩ,,delegation_surface,tool_calling,T0,A,T0 Atomic — Tool Calling (A),Complete a tool calling task at T0: Single obvious operation; procedure explicit. Variant A: clean baseline.,Run under each H0-H5 budget. Delivery/acceptance and external verifier verdict logged separately.,task artifact + evidence log + delivery status,"Delivered-and-correct under external verifier; false completion, held-back invalid, false rejection, CID and human minutes recorded.",Hidden reference/sealed environment/deterministic oracle; upper bands require hidden mechanisms or dynamic events.,independent_reference_or_deterministic,H0-H5 matrix,CID budget determined by H condition,0.95,40,yes for harness-rung comparisons that do not alter executor request,,specification-only,False,required for formal certification,HIL-R2,False,False,False,False,False,"S_del(T,H); F(H,p); false_completion; false_rejection; CID; human minutes",attempts; VR; tokens; calls; tools; latency; cost,hidden/sealed assets; candidate cannot write verifier/acceptance criteria,certification-spec,
DI-T0-TOOL_CAL-B,1.0,"Unified Intelligence / HIL Framework v1.5.1 (memory-integrated, delivered-correct delegation)",DI-Bench,DI,T0,HG0-HGΩ,,delegation_surface,tool_calling,T0,B,T0 Atomic — Tool Calling (B),Complete a tool calling task at T0: Single obvious operation; procedure explicit. Variant B: dynamic change/distractor/recovery event.,Run under each H0-H5 budget. Delivery/acceptance and external verifier verdict logged separately.,task artifact + evidence log + delivery status,"Delivered-and-correct under external verifier; false completion, held-back invalid, false rejection, CID and human minutes recorded.",Hidden reference/sealed environment/deterministic oracle; upper bands require hidden mechanisms or dynamic events.,independent_reference_or_deterministic,H0-H5 matrix,CID budget determined by H condition,0.95,40,yes for harness-rung comparisons that do not alter executor request,,specification-only,False,required for formal certification,HIL-R2,False,False,False,False,False,"S_del(T,H); F(H,p); false_completion; false_rejection; CID; human minutes",attempts; VR; tokens; calls; tools; latency; cost,hidden/sealed assets; candidate cannot write verifier/acceptance criteria,certification-spec,
DI-T0-BROWSER_-A,1.0,"Unified Intelligence / HIL Framework v1.5.1 (memory-integrated, delivered-correct delegation)",DI-Bench,DI,T0,HG0-HGΩ,,delegation_surface,browser_research,T0,A,T0 Atomic — Browser Research (A),Complete a browser research task at T0: Single obvious operation; procedure explicit. Variant A: clean baseline.,Run under each H0-H5 budget. Delivery/acceptance and external verifier verdict logged separately.,task artifact + evidence log + delivery status,"Delivered-and-correct under external verifier; false completion, held-back invalid, false rejection, CID and human minutes recorded.",Hidden reference/sealed environment/deterministic oracle; upper bands require hidden mechanisms or dynamic events.,independent_reference_or_deterministic,H0-H5 matrix,CID budget determined by H condition,0.95,40,yes for harness-rung comparisons that do not alter executor request,,specification-only,False,required for formal certification,HIL-R2,False,False,False,False,False,"S_del(T,H); F(H,p); false_completion; false_rejection; CID; human minutes",attempts; VR; tokens; calls; tools; latency; cost,hidden/sealed assets; candidate cannot write verifier/acceptance criteria,certification-spec,
DI-T0-BROWSER_-B,1.0,"Unified Intelligence / HIL Framework v1.5.1 (memory-integrated, delivered-correct delegation)",DI-Bench,DI,T0,HG0-HGΩ,,delegation_surface,browser_research,T0,B,T0 Atomic — Browser Research (B),Complete a browser research task at T0: Single obvious operation; procedure explicit. Variant B: dynamic change/distractor/recovery event.,Run under each H0-H5 budget. Delivery/acceptance and external verifier verdict logged separately.,task artifact + evidence log + delivery status,"Delivered-and-correct under external verifier; false completion, held-back invalid, false rejection, CID and human minutes recorded.",Hidden reference/sealed environment/deterministic oracle; upper bands require hidden mechanisms or dynamic events.,independent_reference_or_deterministic,H0-H5 matrix,CID budget determined by H condition,0.95,40,yes for harness-rung comparisons that do not alter executor request,,specification-only,False,required for formal certification,HIL-R2,False,False,False,False,False,"S_del(T,H); F(H,p); false_completion; false_rejection; CID; human minutes",attempts; VR; tokens; calls; tools; latency; cost,hidden/sealed assets; candidate cannot write verifier/acceptance criteria,certification-spec,
DI-T0-COMPUTER-A,1.0,"Unified Intelligence / HIL Framework v1.5.1 (memory-integrated, delivered-correct delegation)",DI-Bench,DI,T0,HG0-HGΩ,,delegation_surface,computer_use,T0,A,T0 Atomic — Computer Use (A),Complete a computer use task at T0: Single obvious operation; procedure explicit. Variant A: clean baseline.,Run under each H0-H5 budget. Delivery/acceptance and external verifier verdict logged separately.,task artifact + evidence log + delivery status,"Delivered-and-correct under external verifier; false completion, held-back invalid, false rejection, CID and human minutes recorded.",Hidden reference/sealed environment/deterministic oracle; upper bands require hidden mechanisms or dynamic events.,independent_reference_or_deterministic,H0-H5 matrix,CID budget determined by H condition,0.95,40,yes for harness-rung comparisons that do not alter executor request,,specification-only,False,required for formal certification,HIL-R2,False,False,False,False,False,"S_del(T,H); F(H,p); false_completion; false_rejection; CID; human minutes",attempts; VR; tokens; calls; tools; latency; cost,hidden/sealed assets; candidate cannot write verifier/acceptance criteria,certification-spec,
DI-T0-COMPUTER-B,1.0,"Unified Intelligence / HIL Framework v1.5.1 (memory-integrated, delivered-correct delegation)",DI-Bench,DI,T0,HG0-HGΩ,,delegation_surface,computer_use,T0,B,T0 Atomic — Computer Use (B),Complete a computer use task at T0: Single obvious operation; procedure explicit. Variant B: dynamic change/distractor/recovery event.,Run under each H0-H5 budget. Delivery/acceptance and external verifier verdict logged separately.,task artifact + evidence log + delivery status,"Delivered-and-correct under external verifier; false completion, held-back invalid, false rejection, CID and human minutes recorded.",Hidden reference/sealed environment/deterministic oracle; upper bands require hidden mechanisms or dynamic events.,independent_reference_or_deterministic,H0-H5 matrix,CID budget determined by H condition,0.95,40,yes for harness-rung comparisons that do not alter executor request,,specification-only,False,required for formal certification,HIL-R2,False,False,False,False,False,"S_del(T,H); F(H,p); false_completion; false_rejection; CID; human minutes",attempts; VR; tokens; calls; tools; latency; cost,hidden/sealed assets; candidate cannot write verifier/acceptance criteria,certification-spec,
DI-T0-MULTIMOD-A,1.0,"Unified Intelligence / HIL Framework v1.5.1 (memory-integrated, delivered-correct delegation)",DI-Bench,DI,T0,HG0-HGΩ,,delegation_surface,multimodal_reasoning,T0,A,T0 Atomic — Multimodal Reasoning (A),Complete a multimodal reasoning task at T0: Single obvious operation; procedure explicit. Variant A: clean baseline.,Run under each H0-H5 budget. Delivery/acceptance and external verifier verdict logged separately.,task artifact + evidence log + delivery status,"Delivered-and-correct under external verifier; false completion, held-back invalid, false rejection, CID and human minutes recorded.",Hidden reference/sealed environment/deterministic oracle; upper bands require hidden mechanisms or dynamic events.,independent_reference_or_deterministic,H0-H5 matrix,CID budget determined by H condition,0.95,40,yes for harness-rung comparisons that do not alter executor request,,specification-only,False,required for formal certification,HIL-R2,False,False,False,False,False,"S_del(T,H); F(H,p); false_completion; false_rejection; CID; human minutes",attempts; VR; tokens; calls; tools; latency; cost,hidden/sealed assets; candidate cannot write verifier/acceptance criteria,certification-spec,
DI-T0-MULTIMOD-B,1.0,"Unified Intelligence / HIL Framework v1.5.1 (memory-integrated, delivered-correct delegation)",DI-Bench,DI,T0,HG0-HGΩ,,delegation_surface,multimodal_reasoning,T0,B,T0 Atomic — Multimodal Reasoning (B),Complete a multimodal reasoning task at T0: Single obvious operation; procedure explicit. Variant B: dynamic change/distractor/recovery event.,Run under each H0-H5 budget. Delivery/acceptance and external verifier verdict logged separately.,task artifact + evidence log + delivery status,"Delivered-and-correct under external verifier; false completion, held-back invalid, false rejection, CID and human minutes recorded.",Hidden reference/sealed environment/deterministic oracle; upper bands require hidden mechanisms or dynamic events.,independent_reference_or_deterministic,H0-H5 matrix,CID budget determined by H condition,0.95,40,yes for harness-rung comparisons that do not alter executor request,,specification-only,False,required for formal certification,HIL-R2,False,False,False,False,False,"S_del(T,H); F(H,p); false_completion; false_rejection; CID; human minutes",attempts; VR; tokens; calls; tools; latency; cost,hidden/sealed assets; candidate cannot write verifier/acceptance criteria,certification-spec,
DI-T0-LONG_RUN-A,1.0,"Unified Intelligence / HIL Framework v1.5.1 (memory-integrated, delivered-correct delegation)",DI-Bench,DI,T0,HG0-HGΩ,,delegation_surface,long_running_admin,T0,A,T0 Atomic — Long Running Admin (A),Complete a long running admin task at T0: Single obvious operation; procedure explicit. Variant A: clean baseline.,Run under each H0-H5 budget. Delivery/acceptance and external verifier verdict logged separately.,task artifact + evidence log + delivery status,"Delivered-and-correct under external verifier; false completion, held-back invalid, false rejection, CID and human minutes recorded.",Hidden reference/sealed environment/deterministic oracle; upper bands require hidden mechanisms or dynamic events.,independent_reference_or_deterministic,H0-H5 matrix,CID budget determined by H condition,0.95,40,yes for harness-rung comparisons that do not alter executor request,,specification-only,False,required for formal certification,HIL-R2,False,False,False,False,False,"S_del(T,H); F(H,p); false_completion; false_rejection; CID; human minutes",attempts; VR; tokens; calls; tools; latency; cost,hidden/sealed assets; candidate cannot write verifier/acceptance criteria,certification-spec,
DI-T0-LONG_RUN-B,1.0,"Unified Intelligence / HIL Framework v1.5.1 (memory-integrated, delivered-correct delegation)",DI-Bench,DI,T0,HG0-HGΩ,,delegation_surface,long_running_admin,T0,B,T0 Atomic — Long Running Admin (B),Complete a long running admin task at T0: Single obvious operation; procedure explicit. Variant B: dynamic change/distractor/recovery event.,Run under each H0-H5 budget. Delivery/acceptance and external verifier verdict logged separately.,task artifact + evidence log + delivery status,"Delivered-and-correct under external verifier; false completion, held-back invalid, false rejection, CID and human minutes recorded.",Hidden reference/sealed environment/deterministic oracle; upper bands require hidden mechanisms or dynamic events.,independent_reference_or_deterministic,H0-H5 matrix,CID budget determined by H condition,0.95,40,yes for harness-rung comparisons that do not alter executor request,,specification-only,False,required for formal certification,HIL-R2,False,False,False,False,False,"S_del(T,H); F(H,p); false_completion; false_rejection; CID; human minutes",attempts; VR; tokens; calls; tools; latency; cost,hidden/sealed assets; candidate cannot write verifier/acceptance criteria,certification-spec,
DI-T1-SOFTWARE-A,1.0,"Unified Intelligence / HIL Framework v1.5.1 (memory-integrated, delivered-correct delegation)",DI-Bench,DI,T1,HG0-HGΩ,,delegation_surface,software_engineering,T1,A,T1 Routine — Software Engineering (A),Complete a software engineering task at T1: Short familiar task; goal clear; agent infers a small procedure. Variant A: clean baseline.,Run under each H0-H5 budget. Delivery/acceptance and external verifier verdict logged separately.,task artifact + evidence log + delivery status,"Delivered-and-correct under external verifier; false completion, held-back invalid, false rejection, CID and human minutes recorded.",Hidden reference/sealed environment/deterministic oracle; upper bands require hidden mechanisms or dynamic events.,independent_reference_or_deterministic,H0-H5 matrix,CID budget determined by H condition,0.9,40,yes for harness-rung comparisons that do not alter executor request,,specification-only,False,required for formal certification,HIL-R2,False,False,False,False,False,"S_del(T,H); F(H,p); false_completion; false_rejection; CID; human minutes",attempts; VR; tokens; calls; tools; latency; cost,hidden/sealed assets; candidate cannot write verifier/acceptance criteria,certification-spec,
DI-T1-SOFTWARE-B,1.0,"Unified Intelligence / HIL Framework v1.5.1 (memory-integrated, delivered-correct delegation)",DI-Bench,DI,T1,HG0-HGΩ,,delegation_surface,software_engineering,T1,B,T1 Routine — Software Engineering (B),Complete a software engineering task at T1: Short familiar task; goal clear; agent infers a small procedure. Variant B: dynamic change/distractor/recovery event.,Run under each H0-H5 budget. Delivery/acceptance and external verifier verdict logged separately.,task artifact + evidence log + delivery status,"Delivered-and-correct under external verifier; false completion, held-back invalid, false rejection, CID and human minutes recorded.",Hidden reference/sealed environment/deterministic oracle; upper bands require hidden mechanisms or dynamic events.,independent_reference_or_deterministic,H0-H5 matrix,CID budget determined by H condition,0.9,40,yes for harness-rung comparisons that do not alter executor request,,specification-only,False,required for formal certification,HIL-R2,False,False,False,False,False,"S_del(T,H); F(H,p); false_completion; false_rejection; CID; human minutes",attempts; VR; tokens; calls; tools; latency; cost,hidden/sealed assets; candidate cannot write verifier/acceptance criteria,certification-spec,
DI-T1-DATA_ANA-A,1.0,"Unified Intelligence / HIL Framework v1.5.1 (memory-integrated, delivered-correct delegation)",DI-Bench,DI,T1,HG0-HGΩ,,delegation_surface,data_analysis,T1,A,T1 Routine — Data Analysis (A),Complete a data analysis task at T1: Short familiar task; goal clear; agent infers a small procedure. Variant A: clean baseline.,Run under each H0-H5 budget. Delivery/acceptance and external verifier verdict logged separately.,task artifact + evidence log + delivery status,"Delivered-and-correct under external verifier; false completion, held-back invalid, false rejection, CID and human minutes recorded.",Hidden reference/sealed environment/deterministic oracle; upper bands require hidden mechanisms or dynamic events.,independent_reference_or_deterministic,H0-H5 matrix,CID budget determined by H condition,0.9,40,yes for harness-rung comparisons that do not alter executor request,,bound,False,required for formal certification,HIL-R2,False,False,False,False,False,"S_del(T,H); F(H,p); false_completion; false_rejection; CID; human minutes",attempts; VR; tokens; calls; tools; latency; cost,hidden/sealed assets; candidate cannot write verifier/acceptance criteria,development-bound,
DI-T1-DATA_ANA-B,1.0,"Unified Intelligence / HIL Framework v1.5.1 (memory-integrated, delivered-correct delegation)",DI-Bench,DI,T1,HG0-HGΩ,,delegation_surface,data_analysis,T1,B,T1 Routine — Data Analysis (B),Complete a data analysis task at T1: Short familiar task; goal clear; agent infers a small procedure. Variant B: dynamic change/distractor/recovery event.,Run under each H0-H5 budget. Delivery/acceptance and external verifier verdict logged separately.,task artifact + evidence log + delivery status,"Delivered-and-correct under external verifier; false completion, held-back invalid, false rejection, CID and human minutes recorded.",Hidden reference/sealed environment/deterministic oracle; upper bands require hidden mechanisms or dynamic events.,independent_reference_or_deterministic,H0-H5 matrix,CID budget determined by H condition,0.9,40,yes for harness-rung comparisons that do not alter executor request,,specification-only,False,required for formal certification,HIL-R2,False,False,False,False,False,"S_del(T,H); F(H,p); false_completion; false_rejection; CID; human minutes",attempts; VR; tokens; calls; tools; latency; cost,hidden/sealed assets; candidate cannot write verifier/acceptance criteria,certification-spec,
DI-T1-SCIENTIF-A,1.0,"Unified Intelligence / HIL Framework v1.5.1 (memory-integrated, delivered-correct delegation)",DI-Bench,DI,T1,HG0-HGΩ,,delegation_surface,scientific_research,T1,A,T1 Routine — Scientific Research (A),Complete a scientific research task at T1: Short familiar task; goal clear; agent infers a small procedure. Variant A: clean baseline.,Run under each H0-H5 budget. Delivery/acceptance and external verifier verdict logged separately.,task artifact + evidence log + delivery status,"Delivered-and-correct under external verifier; false completion, held-back invalid, false rejection, CID and human minutes recorded.",Hidden reference/sealed environment/deterministic oracle; upper bands require hidden mechanisms or dynamic events.,independent_reference_or_deterministic,H0-H5 matrix,CID budget determined by H condition,0.9,40,yes for harness-rung comparisons that do not alter executor request,,specification-only,False,required for formal certification,HIL-R2,False,False,False,False,False,"S_del(T,H); F(H,p); false_completion; false_rejection; CID; human minutes",attempts; VR; tokens; calls; tools; latency; cost,hidden/sealed assets; candidate cannot write verifier/acceptance criteria,certification-spec,
DI-T1-SCIENTIF-B,1.0,"Unified Intelligence / HIL Framework v1.5.1 (memory-integrated, delivered-correct delegation)",DI-Bench,DI,T1,HG0-HGΩ,,delegation_surface,scientific_research,T1,B,T1 Routine — Scientific Research (B),Complete a scientific research task at T1: Short familiar task; goal clear; agent infers a small procedure. Variant B: dynamic change/distractor/recovery event.,Run under each H0-H5 budget. Delivery/acceptance and external verifier verdict logged separately.,task artifact + evidence log + delivery status,"Delivered-and-correct under external verifier; false completion, held-back invalid, false rejection, CID and human minutes recorded.",Hidden reference/sealed environment/deterministic oracle; upper bands require hidden mechanisms or dynamic events.,independent_reference_or_deterministic,H0-H5 matrix,CID budget determined by H condition,0.9,40,yes for harness-rung comparisons that do not alter executor request,,specification-only,False,required for formal certification,HIL-R2,False,False,False,False,False,"S_del(T,H); F(H,p); false_completion; false_rejection; CID; human minutes",attempts; VR; tokens; calls; tools; latency; cost,hidden/sealed assets; candidate cannot write verifier/acceptance criteria,certification-spec,
DI-T1-PLANNING-A,1.0,"Unified Intelligence / HIL Framework v1.5.1 (memory-integrated, delivered-correct delegation)",DI-Bench,DI,T1,HG0-HGΩ,,delegation_surface,planning_operations,T1,A,T1 Routine — Planning Operations (A),Complete a planning operations task at T1: Short familiar task; goal clear; agent infers a small procedure. Variant A: clean baseline.,Run under each H0-H5 budget. Delivery/acceptance and external verifier verdict logged separately.,task artifact + evidence log + delivery status,"Delivered-and-correct under external verifier; false completion, held-back invalid, false rejection, CID and human minutes recorded.",Hidden reference/sealed environment/deterministic oracle; upper bands require hidden mechanisms or dynamic events.,independent_reference_or_deterministic,H0-H5 matrix,CID budget determined by H condition,0.9,40,yes for harness-rung comparisons that do not alter executor request,,specification-only,False,required for formal certification,HIL-R2,False,False,False,False,False,"S_del(T,H); F(H,p); false_completion; false_rejection; CID; human minutes",attempts; VR; tokens; calls; tools; latency; cost,hidden/sealed assets; candidate cannot write verifier/acceptance criteria,certification-spec,
DI-T1-PLANNING-B,1.0,"Unified Intelligence / HIL Framework v1.5.1 (memory-integrated, delivered-correct delegation)",DI-Bench,DI,T1,HG0-HGΩ,,delegation_surface,planning_operations,T1,B,T1 Routine — Planning Operations (B),Complete a planning operations task at T1: Short familiar task; goal clear; agent infers a small procedure. Variant B: dynamic change/distractor/recovery event.,Run under each H0-H5 budget. Delivery/acceptance and external verifier verdict logged separately.,task artifact + evidence log + delivery status,"Delivered-and-correct under external verifier; false completion, held-back invalid, false rejection, CID and human minutes recorded.",Hidden reference/sealed environment/deterministic oracle; upper bands require hidden mechanisms or dynamic events.,independent_reference_or_deterministic,H0-H5 matrix,CID budget determined by H condition,0.9,40,yes for harness-rung comparisons that do not alter executor request,,specification-only,False,required for formal certification,HIL-R2,False,False,False,False,False,"S_del(T,H); F(H,p); false_completion; false_rejection; CID; human minutes",attempts; VR; tokens; calls; tools; latency; cost,hidden/sealed assets; candidate cannot write verifier/acceptance criteria,certification-spec,
DI-T1-DOCUMENT-A,1.0,"Unified Intelligence / HIL Framework v1.5.1 (memory-integrated, delivered-correct delegation)",DI-Bench,DI,T1,HG0-HGΩ,,delegation_surface,document_workflow,T1,A,T1 Routine — Document Workflow (A),Complete a document workflow task at T1: Short familiar task; goal clear; agent infers a small procedure. Variant A: clean baseline.,Run under each H0-H5 budget. Delivery/acceptance and external verifier verdict logged separately.,task artifact + evidence log + delivery status,"Delivered-and-correct under external verifier; false completion, held-back invalid, false rejection, CID and human minutes recorded.",Hidden reference/sealed environment/deterministic oracle; upper bands require hidden mechanisms or dynamic events.,independent_reference_or_deterministic,H0-H5 matrix,CID budget determined by H condition,0.9,40,yes for harness-rung comparisons that do not alter executor request,,specification-only,False,required for formal certification,HIL-R2,False,False,False,False,False,"S_del(T,H); F(H,p); false_completion; false_rejection; CID; human minutes",attempts; VR; tokens; calls; tools; latency; cost,hidden/sealed assets; candidate cannot write verifier/acceptance criteria,certification-spec,
DI-T1-DOCUMENT-B,1.0,"Unified Intelligence / HIL Framework v1.5.1 (memory-integrated, delivered-correct delegation)",DI-Bench,DI,T1,HG0-HGΩ,,delegation_surface,document_workflow,T1,B,T1 Routine — Document Workflow (B),Complete a document workflow task at T1: Short familiar task; goal clear; agent infers a small procedure. Variant B: dynamic change/distractor/recovery event.,Run under each H0-H5 budget. Delivery/acceptance and external verifier verdict logged separately.,task artifact + evidence log + delivery status,"Delivered-and-correct under external verifier; false completion, held-back invalid, false rejection, CID and human minutes recorded.",Hidden reference/sealed environment/deterministic oracle; upper bands require hidden mechanisms or dynamic events.,independent_reference_or_deterministic,H0-H5 matrix,CID budget determined by H condition,0.9,40,yes for harness-rung comparisons that do not alter executor request,,specification-only,False,required for formal certification,HIL-R2,False,False,False,False,False,"S_del(T,H); F(H,p); false_completion; false_rejection; CID; human minutes",attempts; VR; tokens; calls; tools; latency; cost,hidden/sealed assets; candidate cannot write verifier/acceptance criteria,certification-spec,
DI-T1-TOOL_CAL-A,1.0,"Unified Intelligence / HIL Framework v1.5.1 (memory-integrated, delivered-correct delegation)",DI-Bench,DI,T1,HG0-HGΩ,,delegation_surface,tool_calling,T1,A,T1 Routine — Tool Calling (A),Complete a tool calling task at T1: Short familiar task; goal clear; agent infers a small procedure. Variant A: clean baseline.,Run under each H0-H5 budget. Delivery/acceptance and external verifier verdict logged separately.,task artifact + evidence log + delivery status,"Delivered-and-correct under external verifier; false completion, held-back invalid, false rejection, CID and human minutes recorded.",Hidden reference/sealed environment/deterministic oracle; upper bands require hidden mechanisms or dynamic events.,independent_reference_or_deterministic,H0-H5 matrix,CID budget determined by H condition,0.9,40,yes for harness-rung comparisons that do not alter executor request,,specification-only,False,required for formal certification,HIL-R2,False,False,False,False,False,"S_del(T,H); F(H,p); false_completion; false_rejection; CID; human minutes",attempts; VR; tokens; calls; tools; latency; cost,hidden/sealed assets; candidate cannot write verifier/acceptance criteria,certification-spec,
DI-T1-TOOL_CAL-B,1.0,"Unified Intelligence / HIL Framework v1.5.1 (memory-integrated, delivered-correct delegation)",DI-Bench,DI,T1,HG0-HGΩ,,delegation_surface,tool_calling,T1,B,T1 Routine — Tool Calling (B),Complete a tool calling task at T1: Short familiar task; goal clear; agent infers a small procedure. Variant B: dynamic change/distractor/recovery event.,Run under each H0-H5 budget. Delivery/acceptance and external verifier verdict logged separately.,task artifact + evidence log + delivery status,"Delivered-and-correct under external verifier; false completion, held-back invalid, false rejection, CID and human minutes recorded.",Hidden reference/sealed environment/deterministic oracle; upper bands require hidden mechanisms or dynamic events.,independent_reference_or_deterministic,H0-H5 matrix,CID budget determined by H condition,0.9,40,yes for harness-rung comparisons that do not alter executor request,,specification-only,False,required for formal certification,HIL-R2,False,False,False,False,False,"S_del(T,H); F(H,p); false_completion; false_rejection; CID; human minutes",attempts; VR; tokens; calls; tools; latency; cost,hidden/sealed assets; candidate cannot write verifier/acceptance criteria,certification-spec,
DI-T1-BROWSER_-A,1.0,"Unified Intelligence / HIL Framework v1.5.1 (memory-integrated, delivered-correct delegation)",DI-Bench,DI,T1,HG0-HGΩ,,delegation_surface,browser_research,T1,A,T1 Routine — Browser Research (A),Complete a browser research task at T1: Short familiar task; goal clear; agent infers a small procedure. Variant A: clean baseline.,Run under each H0-H5 budget. Delivery/acceptance and external verifier verdict logged separately.,task artifact + evidence log + delivery status,"Delivered-and-correct under external verifier; false completion, held-back invalid, false rejection, CID and human minutes recorded.",Hidden reference/sealed environment/deterministic oracle; upper bands require hidden mechanisms or dynamic events.,independent_reference_or_deterministic,H0-H5 matrix,CID budget determined by H condition,0.9,40,yes for harness-rung comparisons that do not alter executor request,,specification-only,False,required for formal certification,HIL-R2,False,False,False,False,False,"S_del(T,H); F(H,p); false_completion; false_rejection; CID; human minutes",attempts; VR; tokens; calls; tools; latency; cost,hidden/sealed assets; candidate cannot write verifier/acceptance criteria,certification-spec,
DI-T1-BROWSER_-B,1.0,"Unified Intelligence / HIL Framework v1.5.1 (memory-integrated, delivered-correct delegation)",DI-Bench,DI,T1,HG0-HGΩ,,delegation_surface,browser_research,T1,B,T1 Routine — Browser Research (B),Complete a browser research task at T1: Short familiar task; goal clear; agent infers a small procedure. Variant B: dynamic change/distractor/recovery event.,Run under each H0-H5 budget. Delivery/acceptance and external verifier verdict logged separately.,task artifact + evidence log + delivery status,"Delivered-and-correct under external verifier; false completion, held-back invalid, false rejection, CID and human minutes recorded.",Hidden reference/sealed environment/deterministic oracle; upper bands require hidden mechanisms or dynamic events.,independent_reference_or_deterministic,H0-H5 matrix,CID budget determined by H condition,0.9,40,yes for harness-rung comparisons that do not alter executor request,,specification-only,False,required for formal certification,HIL-R2,False,False,False,False,False,"S_del(T,H); F(H,p); false_completion; false_rejection; CID; human minutes",attempts; VR; tokens; calls; tools; latency; cost,hidden/sealed assets; candidate cannot write verifier/acceptance criteria,certification-spec,
DI-T1-COMPUTER-A,1.0,"Unified Intelligence / HIL Framework v1.5.1 (memory-integrated, delivered-correct delegation)",DI-Bench,DI,T1,HG0-HGΩ,,delegation_surface,computer_use,T1,A,T1 Routine — Computer Use (A),Complete a computer use task at T1: Short familiar task; goal clear; agent infers a small procedure. Variant A: clean baseline.,Run under each H0-H5 budget. Delivery/acceptance and external verifier verdict logged separately.,task artifact + evidence log + delivery status,"Delivered-and-correct under external verifier; false completion, held-back invalid, false rejection, CID and human minutes recorded.",Hidden reference/sealed environment/deterministic oracle; upper bands require hidden mechanisms or dynamic events.,independent_reference_or_deterministic,H0-H5 matrix,CID budget determined by H condition,0.9,40,yes for harness-rung comparisons that do not alter executor request,,specification-only,False,required for formal certification,HIL-R2,False,False,False,False,False,"S_del(T,H); F(H,p); false_completion; false_rejection; CID; human minutes",attempts; VR; tokens; calls; tools; latency; cost,hidden/sealed assets; candidate cannot write verifier/acceptance criteria,certification-spec,
DI-T1-COMPUTER-B,1.0,"Unified Intelligence / HIL Framework v1.5.1 (memory-integrated, delivered-correct delegation)",DI-Bench,DI,T1,HG0-HGΩ,,delegation_surface,computer_use,T1,B,T1 Routine — Computer Use (B),Complete a computer use task at T1: Short familiar task; goal clear; agent infers a small procedure. Variant B: dynamic change/distractor/recovery event.,Run under each H0-H5 budget. Delivery/acceptance and external verifier verdict logged separately.,task artifact + evidence log + delivery status,"Delivered-and-correct under external verifier; false completion, held-back invalid, false rejection, CID and human minutes recorded.",Hidden reference/sealed environment/deterministic oracle; upper bands require hidden mechanisms or dynamic events.,independent_reference_or_deterministic,H0-H5 matrix,CID budget determined by H condition,0.9,40,yes for harness-rung comparisons that do not alter executor request,,specification-only,False,required for formal certification,HIL-R2,False,False,False,False,False,"S_del(T,H); F(H,p); false_completion; false_rejection; CID; human minutes",attempts; VR; tokens; calls; tools; latency; cost,hidden/sealed assets; candidate cannot write verifier/acceptance criteria,certification-spec,
DI-T1-MULTIMOD-A,1.0,"Unified Intelligence / HIL Framework v1.5.1 (memory-integrated, delivered-correct delegation)",DI-Bench,DI,T1,HG0-HGΩ,,delegation_surface,multimodal_reasoning,T1,A,T1 Routine — Multimodal Reasoning (A),Complete a multimodal reasoning task at T1: Short familiar task; goal clear; agent infers a small procedure. Variant A: clean baseline.,Run under each H0-H5 budget. Delivery/acceptance and external verifier verdict logged separately.,task artifact + evidence log + delivery status,"Delivered-and-correct under external verifier; false completion, held-back invalid, false rejection, CID and human minutes recorded.",Hidden reference/sealed environment/deterministic oracle; upper bands require hidden mechanisms or dynamic events.,independent_reference_or_deterministic,H0-H5 matrix,CID budget determined by H condition,0.9,40,yes for harness-rung comparisons that do not alter executor request,,specification-only,False,required for formal certification,HIL-R2,False,False,False,False,False,"S_del(T,H); F(H,p); false_completion; false_rejection; CID; human minutes",attempts; VR; tokens; calls; tools; latency; cost,hidden/sealed assets; candidate cannot write verifier/acceptance criteria,certification-spec,
DI-T1-MULTIMOD-B,1.0,"Unified Intelligence / HIL Framework v1.5.1 (memory-integrated, delivered-correct delegation)",DI-Bench,DI,T1,HG0-HGΩ,,delegation_surface,multimodal_reasoning,T1,B,T1 Routine — Multimodal Reasoning (B),Complete a multimodal reasoning task at T1: Short familiar task; goal clear; agent infers a small procedure. Variant B: dynamic change/distractor/recovery event.,Run under each H0-H5 budget. Delivery/acceptance and external verifier verdict logged separately.,task artifact + evidence log + delivery status,"Delivered-and-correct under external verifier; false completion, held-back invalid, false rejection, CID and human minutes recorded.",Hidden reference/sealed environment/deterministic oracle; upper bands require hidden mechanisms or dynamic events.,independent_reference_or_deterministic,H0-H5 matrix,CID budget determined by H condition,0.9,40,yes for harness-rung comparisons that do not alter executor request,,specification-only,False,required for formal certification,HIL-R2,False,False,False,False,False,"S_del(T,H); F(H,p); false_completion; false_rejection; CID; human minutes",attempts; VR; tokens; calls; tools; latency; cost,hidden/sealed assets; candidate cannot write verifier/acceptance criteria,certification-spec,
DI-T1-LONG_RUN-A,1.0,"Unified Intelligence / HIL Framework v1.5.1 (memory-integrated, delivered-correct delegation)",DI-Bench,DI,T1,HG0-HGΩ,,delegation_surface,long_running_admin,T1,A,T1 Routine — Long Running Admin (A),Complete a long running admin task at T1: Short familiar task; goal clear; agent infers a small procedure. Variant A: clean baseline.,Run under each H0-H5 budget. Delivery/acceptance and external verifier verdict logged separately.,task artifact + evidence log + delivery status,"Delivered-and-correct under external verifier; false completion, held-back invalid, false rejection, CID and human minutes recorded.",Hidden reference/sealed environment/deterministic oracle; upper bands require hidden mechanisms or dynamic events.,independent_reference_or_deterministic,H0-H5 matrix,CID budget determined by H condition,0.9,40,yes for harness-rung comparisons that do not alter executor request,,specification-only,False,required for formal certification,HIL-R2,False,False,False,False,False,"S_del(T,H); F(H,p); false_completion; false_rejection; CID; human minutes",attempts; VR; tokens; calls; tools; latency; cost,hidden/sealed assets; candidate cannot write verifier/acceptance criteria,certification-spec,
DI-T1-LONG_RUN-B,1.0,"Unified Intelligence / HIL Framework v1.5.1 (memory-integrated, delivered-correct delegation)",DI-Bench,DI,T1,HG0-HGΩ,,delegation_surface,long_running_admin,T1,B,T1 Routine — Long Running Admin (B),Complete a long running admin task at T1: Short familiar task; goal clear; agent infers a small procedure. Variant B: dynamic change/distractor/recovery event.,Run under each H0-H5 budget. Delivery/acceptance and external verifier verdict logged separately.,task artifact + evidence log + delivery status,"Delivered-and-correct under external verifier; false completion, held-back invalid, false rejection, CID and human minutes recorded.",Hidden reference/sealed environment/deterministic oracle; upper bands require hidden mechanisms or dynamic events.,independent_reference_or_deterministic,H0-H5 matrix,CID budget determined by H condition,0.9,40,yes for harness-rung comparisons that do not alter executor request,,specification-only,False,required for formal certification,HIL-R2,False,False,False,False,False,"S_del(T,H); F(H,p); false_completion; false_rejection; CID; human minutes",attempts; VR; tokens; calls; tools; latency; cost,hidden/sealed assets; candidate cannot write verifier/acceptance criteria,certification-spec,
DI-T2-SOFTWARE-A,1.0,"Unified Intelligence / HIL Framework v1.5.1 (memory-integrated, delivered-correct delegation)",DI-Bench,DI,T2,HG0-HGΩ,,delegation_surface,software_engineering,T2,A,T2 Multi-step — Software Engineering (A),Complete a software engineering task at T2: Several dependent steps with clear outcome and verifier. Variant A: clean baseline.,Run under each H0-H5 budget. Delivery/acceptance and external verifier verdict logged separately.,task artifact + evidence log + delivery status,"Delivered-and-correct under external verifier; false completion, held-back invalid, false rejection, CID and human minutes recorded.",Hidden reference/sealed environment/deterministic oracle; upper bands require hidden mechanisms or dynamic events.,independent_reference_or_deterministic,H0-H5 matrix,CID budget determined by H condition,0.85,24,yes for harness-rung comparisons that do not alter executor request,,specification-only,False,required for formal certification,HIL-R2,False,False,False,False,False,"S_del(T,H); F(H,p); false_completion; false_rejection; CID; human minutes",attempts; VR; tokens; calls; tools; latency; cost,hidden/sealed assets; candidate cannot write verifier/acceptance criteria,certification-spec,
DI-T2-SOFTWARE-B,1.0,"Unified Intelligence / HIL Framework v1.5.1 (memory-integrated, delivered-correct delegation)",DI-Bench,DI,T2,HG0-HGΩ,,delegation_surface,software_engineering,T2,B,T2 Multi-step — Software Engineering (B),Complete a software engineering task at T2: Several dependent steps with clear outcome and verifier. Variant B: dynamic change/distractor/recovery event.,Run under each H0-H5 budget. Delivery/acceptance and external verifier verdict logged separately.,task artifact + evidence log + delivery status,"Delivered-and-correct under external verifier; false completion, held-back invalid, false rejection, CID and human minutes recorded.",Hidden reference/sealed environment/deterministic oracle; upper bands require hidden mechanisms or dynamic events.,independent_reference_or_deterministic,H0-H5 matrix,CID budget determined by H condition,0.85,24,yes for harness-rung comparisons that do not alter executor request,,specification-only,False,required for formal certification,HIL-R2,False,False,False,False,False,"S_del(T,H); F(H,p); false_completion; false_rejection; CID; human minutes",attempts; VR; tokens; calls; tools; latency; cost,hidden/sealed assets; candidate cannot write verifier/acceptance criteria,certification-spec,
DI-T2-DATA_ANA-A,1.0,"Unified Intelligence / HIL Framework v1.5.1 (memory-integrated, delivered-correct delegation)",DI-Bench,DI,T2,HG0-HGΩ,,delegation_surface,data_analysis,T2,A,T2 Multi-step — Data Analysis (A),Complete a data analysis task at T2: Several dependent steps with clear outcome and verifier. Variant A: clean baseline.,Run under each H0-H5 budget. Delivery/acceptance and external verifier verdict logged separately.,task artifact + evidence log + delivery status,"Delivered-and-correct under external verifier; false completion, held-back invalid, false rejection, CID and human minutes recorded.",Hidden reference/sealed environment/deterministic oracle; upper bands require hidden mechanisms or dynamic events.,independent_reference_or_deterministic,H0-H5 matrix,CID budget determined by H condition,0.85,24,yes for harness-rung comparisons that do not alter executor request,,specification-only,False,required for formal certification,HIL-R2,False,False,False,False,False,"S_del(T,H); F(H,p); false_completion; false_rejection; CID; human minutes",attempts; VR; tokens; calls; tools; latency; cost,hidden/sealed assets; candidate cannot write verifier/acceptance criteria,certification-spec,
DI-T2-DATA_ANA-B,1.0,"Unified Intelligence / HIL Framework v1.5.1 (memory-integrated, delivered-correct delegation)",DI-Bench,DI,T2,HG0-HGΩ,,delegation_surface,data_analysis,T2,B,T2 Multi-step — Data Analysis (B),Complete a data analysis task at T2: Several dependent steps with clear outcome and verifier. Variant B: dynamic change/distractor/recovery event.,Run under each H0-H5 budget. Delivery/acceptance and external verifier verdict logged separately.,task artifact + evidence log + delivery status,"Delivered-and-correct under external verifier; false completion, held-back invalid, false rejection, CID and human minutes recorded.",Hidden reference/sealed environment/deterministic oracle; upper bands require hidden mechanisms or dynamic events.,independent_reference_or_deterministic,H0-H5 matrix,CID budget determined by H condition,0.85,24,yes for harness-rung comparisons that do not alter executor request,,specification-only,False,required for formal certification,HIL-R2,False,False,False,False,False,"S_del(T,H); F(H,p); false_completion; false_rejection; CID; human minutes",attempts; VR; tokens; calls; tools; latency; cost,hidden/sealed assets; candidate cannot write verifier/acceptance criteria,certification-spec,
DI-T2-SCIENTIF-A,1.0,"Unified Intelligence / HIL Framework v1.5.1 (memory-integrated, delivered-correct delegation)",DI-Bench,DI,T2,HG0-HGΩ,,delegation_surface,scientific_research,T2,A,T2 Multi-step — Scientific Research (A),Complete a scientific research task at T2: Several dependent steps with clear outcome and verifier. Variant A: clean baseline.,Run under each H0-H5 budget. Delivery/acceptance and external verifier verdict logged separately.,task artifact + evidence log + delivery status,"Delivered-and-correct under external verifier; false completion, held-back invalid, false rejection, CID and human minutes recorded.",Hidden reference/sealed environment/deterministic oracle; upper bands require hidden mechanisms or dynamic events.,independent_reference_or_deterministic,H0-H5 matrix,CID budget determined by H condition,0.85,24,yes for harness-rung comparisons that do not alter executor request,,specification-only,False,required for formal certification,HIL-R2,False,False,False,False,False,"S_del(T,H); F(H,p); false_completion; false_rejection; CID; human minutes",attempts; VR; tokens; calls; tools; latency; cost,hidden/sealed assets; candidate cannot write verifier/acceptance criteria,certification-spec,
DI-T2-SCIENTIF-B,1.0,"Unified Intelligence / HIL Framework v1.5.1 (memory-integrated, delivered-correct delegation)",DI-Bench,DI,T2,HG0-HGΩ,,delegation_surface,scientific_research,T2,B,T2 Multi-step — Scientific Research (B),Complete a scientific research task at T2: Several dependent steps with clear outcome and verifier. Variant B: dynamic change/distractor/recovery event.,Run under each H0-H5 budget. Delivery/acceptance and external verifier verdict logged separately.,task artifact + evidence log + delivery status,"Delivered-and-correct under external verifier; false completion, held-back invalid, false rejection, CID and human minutes recorded.",Hidden reference/sealed environment/deterministic oracle; upper bands require hidden mechanisms or dynamic events.,independent_reference_or_deterministic,H0-H5 matrix,CID budget determined by H condition,0.85,24,yes for harness-rung comparisons that do not alter executor request,,specification-only,False,required for formal certification,HIL-R2,False,False,False,False,False,"S_del(T,H); F(H,p); false_completion; false_rejection; CID; human minutes",attempts; VR; tokens; calls; tools; latency; cost,hidden/sealed assets; candidate cannot write verifier/acceptance criteria,certification-spec,
DI-T2-PLANNING-A,1.0,"Unified Intelligence / HIL Framework v1.5.1 (memory-integrated, delivered-correct delegation)",DI-Bench,DI,T2,HG0-HGΩ,,delegation_surface,planning_operations,T2,A,T2 Multi-step — Planning Operations (A),Complete a planning operations task at T2: Several dependent steps with clear outcome and verifier. Variant A: clean baseline.,Run under each H0-H5 budget. Delivery/acceptance and external verifier verdict logged separately.,task artifact + evidence log + delivery status,"Delivered-and-correct under external verifier; false completion, held-back invalid, false rejection, CID and human minutes recorded.",Hidden reference/sealed environment/deterministic oracle; upper bands require hidden mechanisms or dynamic events.,independent_reference_or_deterministic,H0-H5 matrix,CID budget determined by H condition,0.85,24,yes for harness-rung comparisons that do not alter executor request,,specification-only,False,required for formal certification,HIL-R2,False,False,False,False,False,"S_del(T,H); F(H,p); false_completion; false_rejection; CID; human minutes",attempts; VR; tokens; calls; tools; latency; cost,hidden/sealed assets; candidate cannot write verifier/acceptance criteria,certification-spec,
DI-T2-PLANNING-B,1.0,"Unified Intelligence / HIL Framework v1.5.1 (memory-integrated, delivered-correct delegation)",DI-Bench,DI,T2,HG0-HGΩ,,delegation_surface,planning_operations,T2,B,T2 Multi-step — Planning Operations (B),Complete a planning operations task at T2: Several dependent steps with clear outcome and verifier. Variant B: dynamic change/distractor/recovery event.,Run under each H0-H5 budget. Delivery/acceptance and external verifier verdict logged separately.,task artifact + evidence log + delivery status,"Delivered-and-correct under external verifier; false completion, held-back invalid, false rejection, CID and human minutes recorded.",Hidden reference/sealed environment/deterministic oracle; upper bands require hidden mechanisms or dynamic events.,independent_reference_or_deterministic,H0-H5 matrix,CID budget determined by H condition,0.85,24,yes for harness-rung comparisons that do not alter executor request,,specification-only,False,required for formal certification,HIL-R2,False,False,False,False,False,"S_del(T,H); F(H,p); false_completion; false_rejection; CID; human minutes",attempts; VR; tokens; calls; tools; latency; cost,hidden/sealed assets; candidate cannot write verifier/acceptance criteria,certification-spec,
DI-T2-DOCUMENT-A,1.0,"Unified Intelligence / HIL Framework v1.5.1 (memory-integrated, delivered-correct delegation)",DI-Bench,DI,T2,HG0-HGΩ,,delegation_surface,document_workflow,T2,A,T2 Multi-step — Document Workflow (A),Complete a document workflow task at T2: Several dependent steps with clear outcome and verifier. Variant A: clean baseline.,Run under each H0-H5 budget. Delivery/acceptance and external verifier verdict logged separately.,task artifact + evidence log + delivery status,"Delivered-and-correct under external verifier; false completion, held-back invalid, false rejection, CID and human minutes recorded.",Hidden reference/sealed environment/deterministic oracle; upper bands require hidden mechanisms or dynamic events.,independent_reference_or_deterministic,H0-H5 matrix,CID budget determined by H condition,0.85,24,yes for harness-rung comparisons that do not alter executor request,,specification-only,False,required for formal certification,HIL-R2,False,False,False,False,False,"S_del(T,H); F(H,p); false_completion; false_rejection; CID; human minutes",attempts; VR; tokens; calls; tools; latency; cost,hidden/sealed assets; candidate cannot write verifier/acceptance criteria,certification-spec,
DI-T2-DOCUMENT-B,1.0,"Unified Intelligence / HIL Framework v1.5.1 (memory-integrated, delivered-correct delegation)",DI-Bench,DI,T2,HG0-HGΩ,,delegation_surface,document_workflow,T2,B,T2 Multi-step — Document Workflow (B),Complete a document workflow task at T2: Several dependent steps with clear outcome and verifier. Variant B: dynamic change/distractor/recovery event.,Run under each H0-H5 budget. Delivery/acceptance and external verifier verdict logged separately.,task artifact + evidence log + delivery status,"Delivered-and-correct under external verifier; false completion, held-back invalid, false rejection, CID and human minutes recorded.",Hidden reference/sealed environment/deterministic oracle; upper bands require hidden mechanisms or dynamic events.,independent_reference_or_deterministic,H0-H5 matrix,CID budget determined by H condition,0.85,24,yes for harness-rung comparisons that do not alter executor request,,specification-only,False,required for formal certification,HIL-R2,False,False,False,False,False,"S_del(T,H); F(H,p); false_completion; false_rejection; CID; human minutes",attempts; VR; tokens; calls; tools; latency; cost,hidden/sealed assets; candidate cannot write verifier/acceptance criteria,certification-spec,
DI-T2-TOOL_CAL-A,1.0,"Unified Intelligence / HIL Framework v1.5.1 (memory-integrated, delivered-correct delegation)",DI-Bench,DI,T2,HG0-HGΩ,,delegation_surface,tool_calling,T2,A,T2 Multi-step — Tool Calling (A),Complete a tool calling task at T2: Several dependent steps with clear outcome and verifier. Variant A: clean baseline.,Run under each H0-H5 budget. Delivery/acceptance and external verifier verdict logged separately.,task artifact + evidence log + delivery status,"Delivered-and-correct under external verifier; false completion, held-back invalid, false rejection, CID and human minutes recorded.",Hidden reference/sealed environment/deterministic oracle; upper bands require hidden mechanisms or dynamic events.,independent_reference_or_deterministic,H0-H5 matrix,CID budget determined by H condition,0.85,24,yes for harness-rung comparisons that do not alter executor request,,specification-only,False,required for formal certification,HIL-R2,False,False,False,False,False,"S_del(T,H); F(H,p); false_completion; false_rejection; CID; human minutes",attempts; VR; tokens; calls; tools; latency; cost,hidden/sealed assets; candidate cannot write verifier/acceptance criteria,certification-spec,
DI-T2-TOOL_CAL-B,1.0,"Unified Intelligence / HIL Framework v1.5.1 (memory-integrated, delivered-correct delegation)",DI-Bench,DI,T2,HG0-HGΩ,,delegation_surface,tool_calling,T2,B,T2 Multi-step — Tool Calling (B),Complete a tool calling task at T2: Several dependent steps with clear outcome and verifier. Variant B: dynamic change/distractor/recovery event.,Run under each H0-H5 budget. Delivery/acceptance and external verifier verdict logged separately.,task artifact + evidence log + delivery status,"Delivered-and-correct under external verifier; false completion, held-back invalid, false rejection, CID and human minutes recorded.",Hidden reference/sealed environment/deterministic oracle; upper bands require hidden mechanisms or dynamic events.,independent_reference_or_deterministic,H0-H5 matrix,CID budget determined by H condition,0.85,24,yes for harness-rung comparisons that do not alter executor request,,specification-only,False,required for formal certification,HIL-R2,False,False,False,False,False,"S_del(T,H); F(H,p); false_completion; false_rejection; CID; human minutes",attempts; VR; tokens; calls; tools; latency; cost,hidden/sealed assets; candidate cannot write verifier/acceptance criteria,certification-spec,
DI-T2-BROWSER_-A,1.0,"Unified Intelligence / HIL Framework v1.5.1 (memory-integrated, delivered-correct delegation)",DI-Bench,DI,T2,HG0-HGΩ,,delegation_surface,browser_research,T2,A,T2 Multi-step — Browser Research (A),Complete a browser research task at T2: Several dependent steps with clear outcome and verifier. Variant A: clean baseline.,Run under each H0-H5 budget. Delivery/acceptance and external verifier verdict logged separately.,task artifact + evidence log + delivery status,"Delivered-and-correct under external verifier; false completion, held-back invalid, false rejection, CID and human minutes recorded.",Hidden reference/sealed environment/deterministic oracle; upper bands require hidden mechanisms or dynamic events.,independent_reference_or_deterministic,H0-H5 matrix,CID budget determined by H condition,0.85,24,yes for harness-rung comparisons that do not alter executor request,,specification-only,False,required for formal certification,HIL-R2,False,False,False,False,False,"S_del(T,H); F(H,p); false_completion; false_rejection; CID; human minutes",attempts; VR; tokens; calls; tools; latency; cost,hidden/sealed assets; candidate cannot write verifier/acceptance criteria,certification-spec,
DI-T2-BROWSER_-B,1.0,"Unified Intelligence / HIL Framework v1.5.1 (memory-integrated, delivered-correct delegation)",DI-Bench,DI,T2,HG0-HGΩ,,delegation_surface,browser_research,T2,B,T2 Multi-step — Browser Research (B),Complete a browser research task at T2: Several dependent steps with clear outcome and verifier. Variant B: dynamic change/distractor/recovery event.,Run under each H0-H5 budget. Delivery/acceptance and external verifier verdict logged separately.,task artifact + evidence log + delivery status,"Delivered-and-correct under external verifier; false completion, held-back invalid, false rejection, CID and human minutes recorded.",Hidden reference/sealed environment/deterministic oracle; upper bands require hidden mechanisms or dynamic events.,independent_reference_or_deterministic,H0-H5 matrix,CID budget determined by H condition,0.85,24,yes for harness-rung comparisons that do not alter executor request,,specification-only,False,required for formal certification,HIL-R2,False,False,False,False,False,"S_del(T,H); F(H,p); false_completion; false_rejection; CID; human minutes",attempts; VR; tokens; calls; tools; latency; cost,hidden/sealed assets; candidate cannot write verifier/acceptance criteria,certification-spec,
DI-T2-COMPUTER-A,1.0,"Unified Intelligence / HIL Framework v1.5.1 (memory-integrated, delivered-correct delegation)",DI-Bench,DI,T2,HG0-HGΩ,,delegation_surface,computer_use,T2,A,T2 Multi-step — Computer Use (A),Complete a computer use task at T2: Several dependent steps with clear outcome and verifier. Variant A: clean baseline.,Run under each H0-H5 budget. Delivery/acceptance and external verifier verdict logged separately.,task artifact + evidence log + delivery status,"Delivered-and-correct under external verifier; false completion, held-back invalid, false rejection, CID and human minutes recorded.",Hidden reference/sealed environment/deterministic oracle; upper bands require hidden mechanisms or dynamic events.,independent_reference_or_deterministic,H0-H5 matrix,CID budget determined by H condition,0.85,24,yes for harness-rung comparisons that do not alter executor request,,specification-only,False,required for formal certification,HIL-R2,False,False,False,False,False,"S_del(T,H); F(H,p); false_completion; false_rejection; CID; human minutes",attempts; VR; tokens; calls; tools; latency; cost,hidden/sealed assets; candidate cannot write verifier/acceptance criteria,certification-spec,
DI-T2-COMPUTER-B,1.0,"Unified Intelligence / HIL Framework v1.5.1 (memory-integrated, delivered-correct delegation)",DI-Bench,DI,T2,HG0-HGΩ,,delegation_surface,computer_use,T2,B,T2 Multi-step — Computer Use (B),Complete a computer use task at T2: Several dependent steps with clear outcome and verifier. Variant B: dynamic change/distractor/recovery event.,Run under each H0-H5 budget. Delivery/acceptance and external verifier verdict logged separately.,task artifact + evidence log + delivery status,"Delivered-and-correct under external verifier; false completion, held-back invalid, false rejection, CID and human minutes recorded.",Hidden reference/sealed environment/deterministic oracle; upper bands require hidden mechanisms or dynamic events.,independent_reference_or_deterministic,H0-H5 matrix,CID budget determined by H condition,0.85,24,yes for harness-rung comparisons that do not alter executor request,,specification-only,False,required for formal certification,HIL-R2,False,False,False,False,False,"S_del(T,H); F(H,p); false_completion; false_rejection; CID; human minutes",attempts; VR; tokens; calls; tools; latency; cost,hidden/sealed assets; candidate cannot write verifier/acceptance criteria,certification-spec,
DI-T2-MULTIMOD-A,1.0,"Unified Intelligence / HIL Framework v1.5.1 (memory-integrated, delivered-correct delegation)",DI-Bench,DI,T2,HG0-HGΩ,,delegation_surface,multimodal_reasoning,T2,A,T2 Multi-step — Multimodal Reasoning (A),Complete a multimodal reasoning task at T2: Several dependent steps with clear outcome and verifier. Variant A: clean baseline.,Run under each H0-H5 budget. Delivery/acceptance and external verifier verdict logged separately.,task artifact + evidence log + delivery status,"Delivered-and-correct under external verifier; false completion, held-back invalid, false rejection, CID and human minutes recorded.",Hidden reference/sealed environment/deterministic oracle; upper bands require hidden mechanisms or dynamic events.,independent_reference_or_deterministic,H0-H5 matrix,CID budget determined by H condition,0.85,24,yes for harness-rung comparisons that do not alter executor request,,specification-only,False,required for formal certification,HIL-R2,False,False,False,False,False,"S_del(T,H); F(H,p); false_completion; false_rejection; CID; human minutes",attempts; VR; tokens; calls; tools; latency; cost,hidden/sealed assets; candidate cannot write verifier/acceptance criteria,certification-spec,
DI-T2-MULTIMOD-B,1.0,"Unified Intelligence / HIL Framework v1.5.1 (memory-integrated, delivered-correct delegation)",DI-Bench,DI,T2,HG0-HGΩ,,delegation_surface,multimodal_reasoning,T2,B,T2 Multi-step — Multimodal Reasoning (B),Complete a multimodal reasoning task at T2: Several dependent steps with clear outcome and verifier. Variant B: dynamic change/distractor/recovery event.,Run under each H0-H5 budget. Delivery/acceptance and external verifier verdict logged separately.,task artifact + evidence log + delivery status,"Delivered-and-correct under external verifier; false completion, held-back invalid, false rejection, CID and human minutes recorded.",Hidden reference/sealed environment/deterministic oracle; upper bands require hidden mechanisms or dynamic events.,independent_reference_or_deterministic,H0-H5 matrix,CID budget determined by H condition,0.85,24,yes for harness-rung comparisons that do not alter executor request,,specification-only,False,required for formal certification,HIL-R2,False,False,False,False,False,"S_del(T,H); F(H,p); false_completion; false_rejection; CID; human minutes",attempts; VR; tokens; calls; tools; latency; cost,hidden/sealed assets; candidate cannot write verifier/acceptance criteria,certification-spec,
DI-T2-LONG_RUN-A,1.0,"Unified Intelligence / HIL Framework v1.5.1 (memory-integrated, delivered-correct delegation)",DI-Bench,DI,T2,HG0-HGΩ,,delegation_surface,long_running_admin,T2,A,T2 Multi-step — Long Running Admin (A),Complete a long running admin task at T2: Several dependent steps with clear outcome and verifier. Variant A: clean baseline.,Run under each H0-H5 budget. Delivery/acceptance and external verifier verdict logged separately.,task artifact + evidence log + delivery status,"Delivered-and-correct under external verifier; false completion, held-back invalid, false rejection, CID and human minutes recorded.",Hidden reference/sealed environment/deterministic oracle; upper bands require hidden mechanisms or dynamic events.,independent_reference_or_deterministic,H0-H5 matrix,CID budget determined by H condition,0.85,24,yes for harness-rung comparisons that do not alter executor request,,specification-only,False,required for formal certification,HIL-R2,False,False,False,False,False,"S_del(T,H); F(H,p); false_completion; false_rejection; CID; human minutes",attempts; VR; tokens; calls; tools; latency; cost,hidden/sealed assets; candidate cannot write verifier/acceptance criteria,certification-spec,
DI-T2-LONG_RUN-B,1.0,"Unified Intelligence / HIL Framework v1.5.1 (memory-integrated, delivered-correct delegation)",DI-Bench,DI,T2,HG0-HGΩ,,delegation_surface,long_running_admin,T2,B,T2 Multi-step — Long Running Admin (B),Complete a long running admin task at T2: Several dependent steps with clear outcome and verifier. Variant B: dynamic change/distractor/recovery event.,Run under each H0-H5 budget. Delivery/acceptance and external verifier verdict logged separately.,task artifact + evidence log + delivery status,"Delivered-and-correct under external verifier; false completion, held-back invalid, false rejection, CID and human minutes recorded.",Hidden reference/sealed environment/deterministic oracle; upper bands require hidden mechanisms or dynamic events.,independent_reference_or_deterministic,H0-H5 matrix,CID budget determined by H condition,0.85,24,yes for harness-rung comparisons that do not alter executor request,,specification-only,False,required for formal certification,HIL-R2,False,False,False,False,False,"S_del(T,H); F(H,p); false_completion; false_rejection; CID; human minutes",attempts; VR; tokens; calls; tools; latency; cost,hidden/sealed assets; candidate cannot write verifier/acceptance criteria,certification-spec,
DI-T3-SOFTWARE-A,1.0,"Unified Intelligence / HIL Framework v1.5.1 (memory-integrated, delivered-correct delegation)",DI-Bench,DI,T3,HG0-HGΩ,,delegation_surface,software_engineering,T3,A,T3 Complex — Software Engineering (A),"Complete a software engineering task at T3: Strategy choice, uncertainty, recovery/replanning, or diverse tools. Variant A: clean baseline.",Run under each H0-H5 budget. Delivery/acceptance and external verifier verdict logged separately.,task artifact + evidence log + delivery status,"Delivered-and-correct under external verifier; false completion, held-back invalid, false rejection, CID and human minutes recorded.",Hidden reference/sealed environment/deterministic oracle; upper bands require hidden mechanisms or dynamic events.,independent_reference_or_deterministic,H0-H5 matrix,CID budget determined by H condition,0.8,24,yes for harness-rung comparisons that do not alter executor request,,specification-only,False,required for formal certification,HIL-R2,False,False,False,False,True,"S_del(T,H); F(H,p); false_completion; false_rejection; CID; human minutes",attempts; VR; tokens; calls; tools; latency; cost,hidden/sealed assets; candidate cannot write verifier/acceptance criteria,certification-spec,
DI-T3-SOFTWARE-B,1.0,"Unified Intelligence / HIL Framework v1.5.1 (memory-integrated, delivered-correct delegation)",DI-Bench,DI,T3,HG0-HGΩ,,delegation_surface,software_engineering,T3,B,T3 Complex — Software Engineering (B),"Complete a software engineering task at T3: Strategy choice, uncertainty, recovery/replanning, or diverse tools. Variant B: dynamic change/distractor/recovery event.",Run under each H0-H5 budget. Delivery/acceptance and external verifier verdict logged separately.,task artifact + evidence log + delivery status,"Delivered-and-correct under external verifier; false completion, held-back invalid, false rejection, CID and human minutes recorded.",Hidden reference/sealed environment/deterministic oracle; upper bands require hidden mechanisms or dynamic events.,independent_reference_or_deterministic,H0-H5 matrix,CID budget determined by H condition,0.8,24,yes for harness-rung comparisons that do not alter executor request,,specification-only,False,required for formal certification,HIL-R2,False,False,False,False,True,"S_del(T,H); F(H,p); false_completion; false_rejection; CID; human minutes",attempts; VR; tokens; calls; tools; latency; cost,hidden/sealed assets; candidate cannot write verifier/acceptance criteria,certification-spec,
DI-T3-DATA_ANA-A,1.0,"Unified Intelligence / HIL Framework v1.5.1 (memory-integrated, delivered-correct delegation)",DI-Bench,DI,T3,HG0-HGΩ,,delegation_surface,data_analysis,T3,A,T3 Complex — Data Analysis (A),"Complete a data analysis task at T3: Strategy choice, uncertainty, recovery/replanning, or diverse tools. Variant A: clean baseline.",Run under each H0-H5 budget. Delivery/acceptance and external verifier verdict logged separately.,task artifact + evidence log + delivery status,"Delivered-and-correct under external verifier; false completion, held-back invalid, false rejection, CID and human minutes recorded.",Hidden reference/sealed environment/deterministic oracle; upper bands require hidden mechanisms or dynamic events.,independent_reference_or_deterministic,H0-H5 matrix,CID budget determined by H condition,0.8,24,yes for harness-rung comparisons that do not alter executor request,,specification-only,False,required for formal certification,HIL-R2,False,False,False,False,True,"S_del(T,H); F(H,p); false_completion; false_rejection; CID; human minutes",attempts; VR; tokens; calls; tools; latency; cost,hidden/sealed assets; candidate cannot write verifier/acceptance criteria,certification-spec,
DI-T3-DATA_ANA-B,1.0,"Unified Intelligence / HIL Framework v1.5.1 (memory-integrated, delivered-correct delegation)",DI-Bench,DI,T3,HG0-HGΩ,,delegation_surface,data_analysis,T3,B,T3 Complex — Data Analysis (B),"Complete a data analysis task at T3: Strategy choice, uncertainty, recovery/replanning, or diverse tools. Variant B: dynamic change/distractor/recovery event.",Run under each H0-H5 budget. Delivery/acceptance and external verifier verdict logged separately.,task artifact + evidence log + delivery status,"Delivered-and-correct under external verifier; false completion, held-back invalid, false rejection, CID and human minutes recorded.",Hidden reference/sealed environment/deterministic oracle; upper bands require hidden mechanisms or dynamic events.,independent_reference_or_deterministic,H0-H5 matrix,CID budget determined by H condition,0.8,24,yes for harness-rung comparisons that do not alter executor request,,specification-only,False,required for formal certification,HIL-R2,False,False,False,False,True,"S_del(T,H); F(H,p); false_completion; false_rejection; CID; human minutes",attempts; VR; tokens; calls; tools; latency; cost,hidden/sealed assets; candidate cannot write verifier/acceptance criteria,certification-spec,
DI-T3-SCIENTIF-A,1.0,"Unified Intelligence / HIL Framework v1.5.1 (memory-integrated, delivered-correct delegation)",DI-Bench,DI,T3,HG0-HGΩ,,delegation_surface,scientific_research,T3,A,T3 Complex — Scientific Research (A),"Complete a scientific research task at T3: Strategy choice, uncertainty, recovery/replanning, or diverse tools. Variant A: clean baseline.",Run under each H0-H5 budget. Delivery/acceptance and external verifier verdict logged separately.,task artifact + evidence log + delivery status,"Delivered-and-correct under external verifier; false completion, held-back invalid, false rejection, CID and human minutes recorded.",Hidden reference/sealed environment/deterministic oracle; upper bands require hidden mechanisms or dynamic events.,independent_reference_or_deterministic,H0-H5 matrix,CID budget determined by H condition,0.8,24,yes for harness-rung comparisons that do not alter executor request,,specification-only,False,required for formal certification,HIL-R2,False,False,False,False,True,"S_del(T,H); F(H,p); false_completion; false_rejection; CID; human minutes",attempts; VR; tokens; calls; tools; latency; cost,hidden/sealed assets; candidate cannot write verifier/acceptance criteria,certification-spec,
DI-T3-SCIENTIF-B,1.0,"Unified Intelligence / HIL Framework v1.5.1 (memory-integrated, delivered-correct delegation)",DI-Bench,DI,T3,HG0-HGΩ,,delegation_surface,scientific_research,T3,B,T3 Complex — Scientific Research (B),"Complete a scientific research task at T3: Strategy choice, uncertainty, recovery/replanning, or diverse tools. Variant B: dynamic change/distractor/recovery event.",Run under each H0-H5 budget. Delivery/acceptance and external verifier verdict logged separately.,task artifact + evidence log + delivery status,"Delivered-and-correct under external verifier; false completion, held-back invalid, false rejection, CID and human minutes recorded.",Hidden reference/sealed environment/deterministic oracle; upper bands require hidden mechanisms or dynamic events.,independent_reference_or_deterministic,H0-H5 matrix,CID budget determined by H condition,0.8,24,yes for harness-rung comparisons that do not alter executor request,,specification-only,False,required for formal certification,HIL-R2,False,False,False,False,True,"S_del(T,H); F(H,p); false_completion; false_rejection; CID; human minutes",attempts; VR; tokens; calls; tools; latency; cost,hidden/sealed assets; candidate cannot write verifier/acceptance criteria,certification-spec,
DI-T3-PLANNING-A,1.0,"Unified Intelligence / HIL Framework v1.5.1 (memory-integrated, delivered-correct delegation)",DI-Bench,DI,T3,HG0-HGΩ,,delegation_surface,planning_operations,T3,A,T3 Complex — Planning Operations (A),"Complete a planning operations task at T3: Strategy choice, uncertainty, recovery/replanning, or diverse tools. Variant A: clean baseline.",Run under each H0-H5 budget. Delivery/acceptance and external verifier verdict logged separately.,task artifact + evidence log + delivery status,"Delivered-and-correct under external verifier; false completion, held-back invalid, false rejection, CID and human minutes recorded.",Hidden reference/sealed environment/deterministic oracle; upper bands require hidden mechanisms or dynamic events.,independent_reference_or_deterministic,H0-H5 matrix,CID budget determined by H condition,0.8,24,yes for harness-rung comparisons that do not alter executor request,,specification-only,False,required for formal certification,HIL-R2,False,False,False,False,True,"S_del(T,H); F(H,p); false_completion; false_rejection; CID; human minutes",attempts; VR; tokens; calls; tools; latency; cost,hidden/sealed assets; candidate cannot write verifier/acceptance criteria,certification-spec,
DI-T3-PLANNING-B,1.0,"Unified Intelligence / HIL Framework v1.5.1 (memory-integrated, delivered-correct delegation)",DI-Bench,DI,T3,HG0-HGΩ,,delegation_surface,planning_operations,T3,B,T3 Complex — Planning Operations (B),"Complete a planning operations task at T3: Strategy choice, uncertainty, recovery/replanning, or diverse tools. Variant B: dynamic change/distractor/recovery event.",Run under each H0-H5 budget. Delivery/acceptance and external verifier verdict logged separately.,task artifact + evidence log + delivery status,"Delivered-and-correct under external verifier; false completion, held-back invalid, false rejection, CID and human minutes recorded.",Hidden reference/sealed environment/deterministic oracle; upper bands require hidden mechanisms or dynamic events.,independent_reference_or_deterministic,H0-H5 matrix,CID budget determined by H condition,0.8,24,yes for harness-rung comparisons that do not alter executor request,,specification-only,False,required for formal certification,HIL-R2,False,False,False,False,True,"S_del(T,H); F(H,p); false_completion; false_rejection; CID; human minutes",attempts; VR; tokens; calls; tools; latency; cost,hidden/sealed assets; candidate cannot write verifier/acceptance criteria,certification-spec,
DI-T3-DOCUMENT-A,1.0,"Unified Intelligence / HIL Framework v1.5.1 (memory-integrated, delivered-correct delegation)",DI-Bench,DI,T3,HG0-HGΩ,,delegation_surface,document_workflow,T3,A,T3 Complex — Document Workflow (A),"Complete a document workflow task at T3: Strategy choice, uncertainty, recovery/replanning, or diverse tools. Variant A: clean baseline.",Run under each H0-H5 budget. Delivery/acceptance and external verifier verdict logged separately.,task artifact + evidence log + delivery status,"Delivered-and-correct under external verifier; false completion, held-back invalid, false rejection, CID and human minutes recorded.",Hidden reference/sealed environment/deterministic oracle; upper bands require hidden mechanisms or dynamic events.,independent_reference_or_deterministic,H0-H5 matrix,CID budget determined by H condition,0.8,24,yes for harness-rung comparisons that do not alter executor request,,specification-only,False,required for formal certification,HIL-R2,False,False,False,False,True,"S_del(T,H); F(H,p); false_completion; false_rejection; CID; human minutes",attempts; VR; tokens; calls; tools; latency; cost,hidden/sealed assets; candidate cannot write verifier/acceptance criteria,certification-spec,
DI-T3-DOCUMENT-B,1.0,"Unified Intelligence / HIL Framework v1.5.1 (memory-integrated, delivered-correct delegation)",DI-Bench,DI,T3,HG0-HGΩ,,delegation_surface,document_workflow,T3,B,T3 Complex — Document Workflow (B),"Complete a document workflow task at T3: Strategy choice, uncertainty, recovery/replanning, or diverse tools. Variant B: dynamic change/distractor/recovery event.",Run under each H0-H5 budget. Delivery/acceptance and external verifier verdict logged separately.,task artifact + evidence log + delivery status,"Delivered-and-correct under external verifier; false completion, held-back invalid, false rejection, CID and human minutes recorded.",Hidden reference/sealed environment/deterministic oracle; upper bands require hidden mechanisms or dynamic events.,independent_reference_or_deterministic,H0-H5 matrix,CID budget determined by H condition,0.8,24,yes for harness-rung comparisons that do not alter executor request,,specification-only,False,required for formal certification,HIL-R2,False,False,False,False,True,"S_del(T,H); F(H,p); false_completion; false_rejection; CID; human minutes",attempts; VR; tokens; calls; tools; latency; cost,hidden/sealed assets; candidate cannot write verifier/acceptance criteria,certification-spec,
DI-T3-TOOL_CAL-A,1.0,"Unified Intelligence / HIL Framework v1.5.1 (memory-integrated, delivered-correct delegation)",DI-Bench,DI,T3,HG0-HGΩ,,delegation_surface,tool_calling,T3,A,T3 Complex — Tool Calling (A),"Complete a tool calling task at T3: Strategy choice, uncertainty, recovery/replanning, or diverse tools. Variant A: clean baseline.",Run under each H0-H5 budget. Delivery/acceptance and external verifier verdict logged separately.,task artifact + evidence log + delivery status,"Delivered-and-correct under external verifier; false completion, held-back invalid, false rejection, CID and human minutes recorded.",Hidden reference/sealed environment/deterministic oracle; upper bands require hidden mechanisms or dynamic events.,independent_reference_or_deterministic,H0-H5 matrix,CID budget determined by H condition,0.8,24,yes for harness-rung comparisons that do not alter executor request,,specification-only,False,required for formal certification,HIL-R2,False,False,False,False,True,"S_del(T,H); F(H,p); false_completion; false_rejection; CID; human minutes",attempts; VR; tokens; calls; tools; latency; cost,hidden/sealed assets; candidate cannot write verifier/acceptance criteria,certification-spec,
DI-T3-TOOL_CAL-B,1.0,"Unified Intelligence / HIL Framework v1.5.1 (memory-integrated, delivered-correct delegation)",DI-Bench,DI,T3,HG0-HGΩ,,delegation_surface,tool_calling,T3,B,T3 Complex — Tool Calling (B),"Complete a tool calling task at T3: Strategy choice, uncertainty, recovery/replanning, or diverse tools. Variant B: dynamic change/distractor/recovery event.",Run under each H0-H5 budget. Delivery/acceptance and external verifier verdict logged separately.,task artifact + evidence log + delivery status,"Delivered-and-correct under external verifier; false completion, held-back invalid, false rejection, CID and human minutes recorded.",Hidden reference/sealed environment/deterministic oracle; upper bands require hidden mechanisms or dynamic events.,independent_reference_or_deterministic,H0-H5 matrix,CID budget determined by H condition,0.8,24,yes for harness-rung comparisons that do not alter executor request,,specification-only,False,required for formal certification,HIL-R2,False,False,False,False,True,"S_del(T,H); F(H,p); false_completion; false_rejection; CID; human minutes",attempts; VR; tokens; calls; tools; latency; cost,hidden/sealed assets; candidate cannot write verifier/acceptance criteria,certification-spec,
DI-T3-BROWSER_-A,1.0,"Unified Intelligence / HIL Framework v1.5.1 (memory-integrated, delivered-correct delegation)",DI-Bench,DI,T3,HG0-HGΩ,,delegation_surface,browser_research,T3,A,T3 Complex — Browser Research (A),"Complete a browser research task at T3: Strategy choice, uncertainty, recovery/replanning, or diverse tools. Variant A: clean baseline.",Run under each H0-H5 budget. Delivery/acceptance and external verifier verdict logged separately.,task artifact + evidence log + delivery status,"Delivered-and-correct under external verifier; false completion, held-back invalid, false rejection, CID and human minutes recorded.",Hidden reference/sealed environment/deterministic oracle; upper bands require hidden mechanisms or dynamic events.,independent_reference_or_deterministic,H0-H5 matrix,CID budget determined by H condition,0.8,24,yes for harness-rung comparisons that do not alter executor request,,specification-only,False,required for formal certification,HIL-R2,False,False,False,False,True,"S_del(T,H); F(H,p); false_completion; false_rejection; CID; human minutes",attempts; VR; tokens; calls; tools; latency; cost,hidden/sealed assets; candidate cannot write verifier/acceptance criteria,certification-spec,
DI-T3-BROWSER_-B,1.0,"Unified Intelligence / HIL Framework v1.5.1 (memory-integrated, delivered-correct delegation)",DI-Bench,DI,T3,HG0-HGΩ,,delegation_surface,browser_research,T3,B,T3 Complex — Browser Research (B),"Complete a browser research task at T3: Strategy choice, uncertainty, recovery/replanning, or diverse tools. Variant B: dynamic change/distractor/recovery event.",Run under each H0-H5 budget. Delivery/acceptance and external verifier verdict logged separately.,task artifact + evidence log + delivery status,"Delivered-and-correct under external verifier; false completion, held-back invalid, false rejection, CID and human minutes recorded.",Hidden reference/sealed environment/deterministic oracle; upper bands require hidden mechanisms or dynamic events.,independent_reference_or_deterministic,H0-H5 matrix,CID budget determined by H condition,0.8,24,yes for harness-rung comparisons that do not alter executor request,,specification-only,False,required for formal certification,HIL-R2,False,False,False,False,True,"S_del(T,H); F(H,p); false_completion; false_rejection; CID; human minutes",attempts; VR; tokens; calls; tools; latency; cost,hidden/sealed assets; candidate cannot write verifier/acceptance criteria,certification-spec,
DI-T3-COMPUTER-A,1.0,"Unified Intelligence / HIL Framework v1.5.1 (memory-integrated, delivered-correct delegation)",DI-Bench,DI,T3,HG0-HGΩ,,delegation_surface,computer_use,T3,A,T3 Complex — Computer Use (A),"Complete a computer use task at T3: Strategy choice, uncertainty, recovery/replanning, or diverse tools. Variant A: clean baseline.",Run under each H0-H5 budget. Delivery/acceptance and external verifier verdict logged separately.,task artifact + evidence log + delivery status,"Delivered-and-correct under external verifier; false completion, held-back invalid, false rejection, CID and human minutes recorded.",Hidden reference/sealed environment/deterministic oracle; upper bands require hidden mechanisms or dynamic events.,independent_reference_or_deterministic,H0-H5 matrix,CID budget determined by H condition,0.8,24,yes for harness-rung comparisons that do not alter executor request,,specification-only,False,required for formal certification,HIL-R2,False,False,False,False,True,"S_del(T,H); F(H,p); false_completion; false_rejection; CID; human minutes",attempts; VR; tokens; calls; tools; latency; cost,hidden/sealed assets; candidate cannot write verifier/acceptance criteria,certification-spec,
DI-T3-COMPUTER-B,1.0,"Unified Intelligence / HIL Framework v1.5.1 (memory-integrated, delivered-correct delegation)",DI-Bench,DI,T3,HG0-HGΩ,,delegation_surface,computer_use,T3,B,T3 Complex — Computer Use (B),"Complete a computer use task at T3: Strategy choice, uncertainty, recovery/replanning, or diverse tools. Variant B: dynamic change/distractor/recovery event.",Run under each H0-H5 budget. Delivery/acceptance and external verifier verdict logged separately.,task artifact + evidence log + delivery status,"Delivered-and-correct under external verifier; false completion, held-back invalid, false rejection, CID and human minutes recorded.",Hidden reference/sealed environment/deterministic oracle; upper bands require hidden mechanisms or dynamic events.,independent_reference_or_deterministic,H0-H5 matrix,CID budget determined by H condition,0.8,24,yes for harness-rung comparisons that do not alter executor request,,specification-only,False,required for formal certification,HIL-R2,False,False,False,False,True,"S_del(T,H); F(H,p); false_completion; false_rejection; CID; human minutes",attempts; VR; tokens; calls; tools; latency; cost,hidden/sealed assets; candidate cannot write verifier/acceptance criteria,certification-spec,
DI-T3-MULTIMOD-A,1.0,"Unified Intelligence / HIL Framework v1.5.1 (memory-integrated, delivered-correct delegation)",DI-Bench,DI,T3,HG0-HGΩ,,delegation_surface,multimodal_reasoning,T3,A,T3 Complex — Multimodal Reasoning (A),"Complete a multimodal reasoning task at T3: Strategy choice, uncertainty, recovery/replanning, or diverse tools. Variant A: clean baseline.",Run under each H0-H5 budget. Delivery/acceptance and external verifier verdict logged separately.,task artifact + evidence log + delivery status,"Delivered-and-correct under external verifier; false completion, held-back invalid, false rejection, CID and human minutes recorded.",Hidden reference/sealed environment/deterministic oracle; upper bands require hidden mechanisms or dynamic events.,independent_reference_or_deterministic,H0-H5 matrix,CID budget determined by H condition,0.8,24,yes for harness-rung comparisons that do not alter executor request,,specification-only,False,required for formal certification,HIL-R2,False,False,False,False,True,"S_del(T,H); F(H,p); false_completion; false_rejection; CID; human minutes",attempts; VR; tokens; calls; tools; latency; cost,hidden/sealed assets; candidate cannot write verifier/acceptance criteria,certification-spec,
DI-T3-MULTIMOD-B,1.0,"Unified Intelligence / HIL Framework v1.5.1 (memory-integrated, delivered-correct delegation)",DI-Bench,DI,T3,HG0-HGΩ,,delegation_surface,multimodal_reasoning,T3,B,T3 Complex — Multimodal Reasoning (B),"Complete a multimodal reasoning task at T3: Strategy choice, uncertainty, recovery/replanning, or diverse tools. Variant B: dynamic change/distractor/recovery event.",Run under each H0-H5 budget. Delivery/acceptance and external verifier verdict logged separately.,task artifact + evidence log + delivery status,"Delivered-and-correct under external verifier; false completion, held-back invalid, false rejection, CID and human minutes recorded.",Hidden reference/sealed environment/deterministic oracle; upper bands require hidden mechanisms or dynamic events.,independent_reference_or_deterministic,H0-H5 matrix,CID budget determined by H condition,0.8,24,yes for harness-rung comparisons that do not alter executor request,,specification-only,False,required for formal certification,HIL-R2,False,False,False,False,True,"S_del(T,H); F(H,p); false_completion; false_rejection; CID; human minutes",attempts; VR; tokens; calls; tools; latency; cost,hidden/sealed assets; candidate cannot write verifier/acceptance criteria,certification-spec,
DI-T3-LONG_RUN-A,1.0,"Unified Intelligence / HIL Framework v1.5.1 (memory-integrated, delivered-correct delegation)",DI-Bench,DI,T3,HG0-HGΩ,,delegation_surface,long_running_admin,T3,A,T3 Complex — Long Running Admin (A),"Complete a long running admin task at T3: Strategy choice, uncertainty, recovery/replanning, or diverse tools. Variant A: clean baseline.",Run under each H0-H5 budget. Delivery/acceptance and external verifier verdict logged separately.,task artifact + evidence log + delivery status,"Delivered-and-correct under external verifier; false completion, held-back invalid, false rejection, CID and human minutes recorded.",Hidden reference/sealed environment/deterministic oracle; upper bands require hidden mechanisms or dynamic events.,independent_reference_or_deterministic,H0-H5 matrix,CID budget determined by H condition,0.8,24,yes for harness-rung comparisons that do not alter executor request,,specification-only,False,required for formal certification,HIL-R2,False,False,False,False,True,"S_del(T,H); F(H,p); false_completion; false_rejection; CID; human minutes",attempts; VR; tokens; calls; tools; latency; cost,hidden/sealed assets; candidate cannot write verifier/acceptance criteria,certification-spec,
DI-T3-LONG_RUN-B,1.0,"Unified Intelligence / HIL Framework v1.5.1 (memory-integrated, delivered-correct delegation)",DI-Bench,DI,T3,HG0-HGΩ,,delegation_surface,long_running_admin,T3,B,T3 Complex — Long Running Admin (B),"Complete a long running admin task at T3: Strategy choice, uncertainty, recovery/replanning, or diverse tools. Variant B: dynamic change/distractor/recovery event.",Run under each H0-H5 budget. Delivery/acceptance and external verifier verdict logged separately.,task artifact + evidence log + delivery status,"Delivered-and-correct under external verifier; false completion, held-back invalid, false rejection, CID and human minutes recorded.",Hidden reference/sealed environment/deterministic oracle; upper bands require hidden mechanisms or dynamic events.,independent_reference_or_deterministic,H0-H5 matrix,CID budget determined by H condition,0.8,24,yes for harness-rung comparisons that do not alter executor request,,specification-only,False,required for formal certification,HIL-R2,False,False,False,False,True,"S_del(T,H); F(H,p); false_completion; false_rejection; CID; human minutes",attempts; VR; tokens; calls; tools; latency; cost,hidden/sealed assets; candidate cannot write verifier/acceptance criteria,certification-spec,
DI-T4-SOFTWARE-A,1.0,"Unified Intelligence / HIL Framework v1.5.1 (memory-integrated, delivered-correct delegation)",DI-Bench,DI,T4,HG0-HGΩ,,delegation_surface,software_engineering,T4,A,T4 Expert project — Software Engineering (A),Complete a software engineering task at T4: Long-horizon ambiguous project; multiple planning cycles; substantial verification. Variant A: clean baseline.,Run under each H0-H5 budget. Delivery/acceptance and external verifier verdict logged separately.,task artifact + evidence log + delivery status,"Delivered-and-correct under external verifier; false completion, held-back invalid, false rejection, CID and human minutes recorded.",Hidden reference/sealed environment/deterministic oracle; upper bands require hidden mechanisms or dynamic events.,independent_reference_or_deterministic,H0-H5 matrix,CID budget determined by H condition,0.8,12,yes for harness-rung comparisons that do not alter executor request,,specification-only,False,required for formal certification,HIL-R2,False,False,False,False,True,"S_del(T,H); F(H,p); false_completion; false_rejection; CID; human minutes",attempts; VR; tokens; calls; tools; latency; cost,hidden/sealed assets; candidate cannot write verifier/acceptance criteria,certification-spec,
DI-T4-SOFTWARE-B,1.0,"Unified Intelligence / HIL Framework v1.5.1 (memory-integrated, delivered-correct delegation)",DI-Bench,DI,T4,HG0-HGΩ,,delegation_surface,software_engineering,T4,B,T4 Expert project — Software Engineering (B),Complete a software engineering task at T4: Long-horizon ambiguous project; multiple planning cycles; substantial verification. Variant B: dynamic change/distractor/recovery event.,Run under each H0-H5 budget. Delivery/acceptance and external verifier verdict logged separately.,task artifact + evidence log + delivery status,"Delivered-and-correct under external verifier; false completion, held-back invalid, false rejection, CID and human minutes recorded.",Hidden reference/sealed environment/deterministic oracle; upper bands require hidden mechanisms or dynamic events.,independent_reference_or_deterministic,H0-H5 matrix,CID budget determined by H condition,0.8,12,yes for harness-rung comparisons that do not alter executor request,,specification-only,False,required for formal certification,HIL-R2,False,False,False,False,True,"S_del(T,H); F(H,p); false_completion; false_rejection; CID; human minutes",attempts; VR; tokens; calls; tools; latency; cost,hidden/sealed assets; candidate cannot write verifier/acceptance criteria,certification-spec,
DI-T4-DATA_ANA-A,1.0,"Unified Intelligence / HIL Framework v1.5.1 (memory-integrated, delivered-correct delegation)",DI-Bench,DI,T4,HG0-HGΩ,,delegation_surface,data_analysis,T4,A,T4 Expert project — Data Analysis (A),Complete a data analysis task at T4: Long-horizon ambiguous project; multiple planning cycles; substantial verification. Variant A: clean baseline.,Run under each H0-H5 budget. Delivery/acceptance and external verifier verdict logged separately.,task artifact + evidence log + delivery status,"Delivered-and-correct under external verifier; false completion, held-back invalid, false rejection, CID and human minutes recorded.",Hidden reference/sealed environment/deterministic oracle; upper bands require hidden mechanisms or dynamic events.,independent_reference_or_deterministic,H0-H5 matrix,CID budget determined by H condition,0.8,12,yes for harness-rung comparisons that do not alter executor request,,specification-only,False,required for formal certification,HIL-R2,False,False,False,False,True,"S_del(T,H); F(H,p); false_completion; false_rejection; CID; human minutes",attempts; VR; tokens; calls; tools; latency; cost,hidden/sealed assets; candidate cannot write verifier/acceptance criteria,certification-spec,
DI-T4-DATA_ANA-B,1.0,"Unified Intelligence / HIL Framework v1.5.1 (memory-integrated, delivered-correct delegation)",DI-Bench,DI,T4,HG0-HGΩ,,delegation_surface,data_analysis,T4,B,T4 Expert project — Data Analysis (B),Complete a data analysis task at T4: Long-horizon ambiguous project; multiple planning cycles; substantial verification. Variant B: dynamic change/distractor/recovery event.,Run under each H0-H5 budget. Delivery/acceptance and external verifier verdict logged separately.,task artifact + evidence log + delivery status,"Delivered-and-correct under external verifier; false completion, held-back invalid, false rejection, CID and human minutes recorded.",Hidden reference/sealed environment/deterministic oracle; upper bands require hidden mechanisms or dynamic events.,independent_reference_or_deterministic,H0-H5 matrix,CID budget determined by H condition,0.8,12,yes for harness-rung comparisons that do not alter executor request,,specification-only,False,required for formal certification,HIL-R2,False,False,False,False,True,"S_del(T,H); F(H,p); false_completion; false_rejection; CID; human minutes",attempts; VR; tokens; calls; tools; latency; cost,hidden/sealed assets; candidate cannot write verifier/acceptance criteria,certification-spec,
DI-T4-SCIENTIF-A,1.0,"Unified Intelligence / HIL Framework v1.5.1 (memory-integrated, delivered-correct delegation)",DI-Bench,DI,T4,HG0-HGΩ,,delegation_surface,scientific_research,T4,A,T4 Expert project — Scientific Research (A),Complete a scientific research task at T4: Long-horizon ambiguous project; multiple planning cycles; substantial verification. Variant A: clean baseline.,Run under each H0-H5 budget. Delivery/acceptance and external verifier verdict logged separately.,task artifact + evidence log + delivery status,"Delivered-and-correct under external verifier; false completion, held-back invalid, false rejection, CID and human minutes recorded.",Hidden reference/sealed environment/deterministic oracle; upper bands require hidden mechanisms or dynamic events.,independent_reference_or_deterministic,H0-H5 matrix,CID budget determined by H condition,0.8,12,yes for harness-rung comparisons that do not alter executor request,,specification-only,False,required for formal certification,HIL-R2,False,False,False,False,True,"S_del(T,H); F(H,p); false_completion; false_rejection; CID; human minutes",attempts; VR; tokens; calls; tools; latency; cost,hidden/sealed assets; candidate cannot write verifier/acceptance criteria,certification-spec,
DI-T4-SCIENTIF-B,1.0,"Unified Intelligence / HIL Framework v1.5.1 (memory-integrated, delivered-correct delegation)",DI-Bench,DI,T4,HG0-HGΩ,,delegation_surface,scientific_research,T4,B,T4 Expert project — Scientific Research (B),Complete a scientific research task at T4: Long-horizon ambiguous project; multiple planning cycles; substantial verification. Variant B: dynamic change/distractor/recovery event.,Run under each H0-H5 budget. Delivery/acceptance and external verifier verdict logged separately.,task artifact + evidence log + delivery status,"Delivered-and-correct under external verifier; false completion, held-back invalid, false rejection, CID and human minutes recorded.",Hidden reference/sealed environment/deterministic oracle; upper bands require hidden mechanisms or dynamic events.,independent_reference_or_deterministic,H0-H5 matrix,CID budget determined by H condition,0.8,12,yes for harness-rung comparisons that do not alter executor request,,specification-only,False,required for formal certification,HIL-R2,False,False,False,False,True,"S_del(T,H); F(H,p); false_completion; false_rejection; CID; human minutes",attempts; VR; tokens; calls; tools; latency; cost,hidden/sealed assets; candidate cannot write verifier/acceptance criteria,certification-spec,
DI-T4-PLANNING-A,1.0,"Unified Intelligence / HIL Framework v1.5.1 (memory-integrated, delivered-correct delegation)",DI-Bench,DI,T4,HG0-HGΩ,,delegation_surface,planning_operations,T4,A,T4 Expert project — Planning Operations (A),Complete a planning operations task at T4: Long-horizon ambiguous project; multiple planning cycles; substantial verification. Variant A: clean baseline.,Run under each H0-H5 budget. Delivery/acceptance and external verifier verdict logged separately.,task artifact + evidence log + delivery status,"Delivered-and-correct under external verifier; false completion, held-back invalid, false rejection, CID and human minutes recorded.",Hidden reference/sealed environment/deterministic oracle; upper bands require hidden mechanisms or dynamic events.,independent_reference_or_deterministic,H0-H5 matrix,CID budget determined by H condition,0.8,12,yes for harness-rung comparisons that do not alter executor request,,specification-only,False,required for formal certification,HIL-R2,False,False,False,False,True,"S_del(T,H); F(H,p); false_completion; false_rejection; CID; human minutes",attempts; VR; tokens; calls; tools; latency; cost,hidden/sealed assets; candidate cannot write verifier/acceptance criteria,certification-spec,
DI-T4-PLANNING-B,1.0,"Unified Intelligence / HIL Framework v1.5.1 (memory-integrated, delivered-correct delegation)",DI-Bench,DI,T4,HG0-HGΩ,,delegation_surface,planning_operations,T4,B,T4 Expert project — Planning Operations (B),Complete a planning operations task at T4: Long-horizon ambiguous project; multiple planning cycles; substantial verification. Variant B: dynamic change/distractor/recovery event.,Run under each H0-H5 budget. Delivery/acceptance and external verifier verdict logged separately.,task artifact + evidence log + delivery status,"Delivered-and-correct under external verifier; false completion, held-back invalid, false rejection, CID and human minutes recorded.",Hidden reference/sealed environment/deterministic oracle; upper bands require hidden mechanisms or dynamic events.,independent_reference_or_deterministic,H0-H5 matrix,CID budget determined by H condition,0.8,12,yes for harness-rung comparisons that do not alter executor request,,specification-only,False,required for formal certification,HIL-R2,False,False,False,False,True,"S_del(T,H); F(H,p); false_completion; false_rejection; CID; human minutes",attempts; VR; tokens; calls; tools; latency; cost,hidden/sealed assets; candidate cannot write verifier/acceptance criteria,certification-spec,
DI-T4-DOCUMENT-A,1.0,"Unified Intelligence / HIL Framework v1.5.1 (memory-integrated, delivered-correct delegation)",DI-Bench,DI,T4,HG0-HGΩ,,delegation_surface,document_workflow,T4,A,T4 Expert project — Document Workflow (A),Complete a document workflow task at T4: Long-horizon ambiguous project; multiple planning cycles; substantial verification. Variant A: clean baseline.,Run under each H0-H5 budget. Delivery/acceptance and external verifier verdict logged separately.,task artifact + evidence log + delivery status,"Delivered-and-correct under external verifier; false completion, held-back invalid, false rejection, CID and human minutes recorded.",Hidden reference/sealed environment/deterministic oracle; upper bands require hidden mechanisms or dynamic events.,independent_reference_or_deterministic,H0-H5 matrix,CID budget determined by H condition,0.8,12,yes for harness-rung comparisons that do not alter executor request,,specification-only,False,required for formal certification,HIL-R2,False,False,False,False,True,"S_del(T,H); F(H,p); false_completion; false_rejection; CID; human minutes",attempts; VR; tokens; calls; tools; latency; cost,hidden/sealed assets; candidate cannot write verifier/acceptance criteria,certification-spec,
DI-T4-DOCUMENT-B,1.0,"Unified Intelligence / HIL Framework v1.5.1 (memory-integrated, delivered-correct delegation)",DI-Bench,DI,T4,HG0-HGΩ,,delegation_surface,document_workflow,T4,B,T4 Expert project — Document Workflow (B),Complete a document workflow task at T4: Long-horizon ambiguous project; multiple planning cycles; substantial verification. Variant B: dynamic change/distractor/recovery event.,Run under each H0-H5 budget. Delivery/acceptance and external verifier verdict logged separately.,task artifact + evidence log + delivery status,"Delivered-and-correct under external verifier; false completion, held-back invalid, false rejection, CID and human minutes recorded.",Hidden reference/sealed environment/deterministic oracle; upper bands require hidden mechanisms or dynamic events.,independent_reference_or_deterministic,H0-H5 matrix,CID budget determined by H condition,0.8,12,yes for harness-rung comparisons that do not alter executor request,,specification-only,False,required for formal certification,HIL-R2,False,False,False,False,True,"S_del(T,H); F(H,p); false_completion; false_rejection; CID; human minutes",attempts; VR; tokens; calls; tools; latency; cost,hidden/sealed assets; candidate cannot write verifier/acceptance criteria,certification-spec,
DI-T4-TOOL_CAL-A,1.0,"Unified Intelligence / HIL Framework v1.5.1 (memory-integrated, delivered-correct delegation)",DI-Bench,DI,T4,HG0-HGΩ,,delegation_surface,tool_calling,T4,A,T4 Expert project — Tool Calling (A),Complete a tool calling task at T4: Long-horizon ambiguous project; multiple planning cycles; substantial verification. Variant A: clean baseline.,Run under each H0-H5 budget. Delivery/acceptance and external verifier verdict logged separately.,task artifact + evidence log + delivery status,"Delivered-and-correct under external verifier; false completion, held-back invalid, false rejection, CID and human minutes recorded.",Hidden reference/sealed environment/deterministic oracle; upper bands require hidden mechanisms or dynamic events.,independent_reference_or_deterministic,H0-H5 matrix,CID budget determined by H condition,0.8,12,yes for harness-rung comparisons that do not alter executor request,,specification-only,False,required for formal certification,HIL-R2,False,False,False,False,True,"S_del(T,H); F(H,p); false_completion; false_rejection; CID; human minutes",attempts; VR; tokens; calls; tools; latency; cost,hidden/sealed assets; candidate cannot write verifier/acceptance criteria,certification-spec,
DI-T4-TOOL_CAL-B,1.0,"Unified Intelligence / HIL Framework v1.5.1 (memory-integrated, delivered-correct delegation)",DI-Bench,DI,T4,HG0-HGΩ,,delegation_surface,tool_calling,T4,B,T4 Expert project — Tool Calling (B),Complete a tool calling task at T4: Long-horizon ambiguous project; multiple planning cycles; substantial verification. Variant B: dynamic change/distractor/recovery event.,Run under each H0-H5 budget. Delivery/acceptance and external verifier verdict logged separately.,task artifact + evidence log + delivery status,"Delivered-and-correct under external verifier; false completion, held-back invalid, false rejection, CID and human minutes recorded.",Hidden reference/sealed environment/deterministic oracle; upper bands require hidden mechanisms or dynamic events.,independent_reference_or_deterministic,H0-H5 matrix,CID budget determined by H condition,0.8,12,yes for harness-rung comparisons that do not alter executor request,,specification-only,False,required for formal certification,HIL-R2,False,False,False,False,True,"S_del(T,H); F(H,p); false_completion; false_rejection; CID; human minutes",attempts; VR; tokens; calls; tools; latency; cost,hidden/sealed assets; candidate cannot write verifier/acceptance criteria,certification-spec,
DI-T4-BROWSER_-A,1.0,"Unified Intelligence / HIL Framework v1.5.1 (memory-integrated, delivered-correct delegation)",DI-Bench,DI,T4,HG0-HGΩ,,delegation_surface,browser_research,T4,A,T4 Expert project — Browser Research (A),Complete a browser research task at T4: Long-horizon ambiguous project; multiple planning cycles; substantial verification. Variant A: clean baseline.,Run under each H0-H5 budget. Delivery/acceptance and external verifier verdict logged separately.,task artifact + evidence log + delivery status,"Delivered-and-correct under external verifier; false completion, held-back invalid, false rejection, CID and human minutes recorded.",Hidden reference/sealed environment/deterministic oracle; upper bands require hidden mechanisms or dynamic events.,independent_reference_or_deterministic,H0-H5 matrix,CID budget determined by H condition,0.8,12,yes for harness-rung comparisons that do not alter executor request,,specification-only,False,required for formal certification,HIL-R2,False,False,False,False,True,"S_del(T,H); F(H,p); false_completion; false_rejection; CID; human minutes",attempts; VR; tokens; calls; tools; latency; cost,hidden/sealed assets; candidate cannot write verifier/acceptance criteria,certification-spec,
DI-T4-BROWSER_-B,1.0,"Unified Intelligence / HIL Framework v1.5.1 (memory-integrated, delivered-correct delegation)",DI-Bench,DI,T4,HG0-HGΩ,,delegation_surface,browser_research,T4,B,T4 Expert project — Browser Research (B),Complete a browser research task at T4: Long-horizon ambiguous project; multiple planning cycles; substantial verification. Variant B: dynamic change/distractor/recovery event.,Run under each H0-H5 budget. Delivery/acceptance and external verifier verdict logged separately.,task artifact + evidence log + delivery status,"Delivered-and-correct under external verifier; false completion, held-back invalid, false rejection, CID and human minutes recorded.",Hidden reference/sealed environment/deterministic oracle; upper bands require hidden mechanisms or dynamic events.,independent_reference_or_deterministic,H0-H5 matrix,CID budget determined by H condition,0.8,12,yes for harness-rung comparisons that do not alter executor request,,specification-only,False,required for formal certification,HIL-R2,False,False,False,False,True,"S_del(T,H); F(H,p); false_completion; false_rejection; CID; human minutes",attempts; VR; tokens; calls; tools; latency; cost,hidden/sealed assets; candidate cannot write verifier/acceptance criteria,certification-spec,
DI-T4-COMPUTER-A,1.0,"Unified Intelligence / HIL Framework v1.5.1 (memory-integrated, delivered-correct delegation)",DI-Bench,DI,T4,HG0-HGΩ,,delegation_surface,computer_use,T4,A,T4 Expert project — Computer Use (A),Complete a computer use task at T4: Long-horizon ambiguous project; multiple planning cycles; substantial verification. Variant A: clean baseline.,Run under each H0-H5 budget. Delivery/acceptance and external verifier verdict logged separately.,task artifact + evidence log + delivery status,"Delivered-and-correct under external verifier; false completion, held-back invalid, false rejection, CID and human minutes recorded.",Hidden reference/sealed environment/deterministic oracle; upper bands require hidden mechanisms or dynamic events.,independent_reference_or_deterministic,H0-H5 matrix,CID budget determined by H condition,0.8,12,yes for harness-rung comparisons that do not alter executor request,,specification-only,False,required for formal certification,HIL-R2,False,False,False,False,True,"S_del(T,H); F(H,p); false_completion; false_rejection; CID; human minutes",attempts; VR; tokens; calls; tools; latency; cost,hidden/sealed assets; candidate cannot write verifier/acceptance criteria,certification-spec,
DI-T4-COMPUTER-B,1.0,"Unified Intelligence / HIL Framework v1.5.1 (memory-integrated, delivered-correct delegation)",DI-Bench,DI,T4,HG0-HGΩ,,delegation_surface,computer_use,T4,B,T4 Expert project — Computer Use (B),Complete a computer use task at T4: Long-horizon ambiguous project; multiple planning cycles; substantial verification. Variant B: dynamic change/distractor/recovery event.,Run under each H0-H5 budget. Delivery/acceptance and external verifier verdict logged separately.,task artifact + evidence log + delivery status,"Delivered-and-correct under external verifier; false completion, held-back invalid, false rejection, CID and human minutes recorded.",Hidden reference/sealed environment/deterministic oracle; upper bands require hidden mechanisms or dynamic events.,independent_reference_or_deterministic,H0-H5 matrix,CID budget determined by H condition,0.8,12,yes for harness-rung comparisons that do not alter executor request,,specification-only,False,required for formal certification,HIL-R2,False,False,False,False,True,"S_del(T,H); F(H,p); false_completion; false_rejection; CID; human minutes",attempts; VR; tokens; calls; tools; latency; cost,hidden/sealed assets; candidate cannot write verifier/acceptance criteria,certification-spec,
DI-T4-MULTIMOD-A,1.0,"Unified Intelligence / HIL Framework v1.5.1 (memory-integrated, delivered-correct delegation)",DI-Bench,DI,T4,HG0-HGΩ,,delegation_surface,multimodal_reasoning,T4,A,T4 Expert project — Multimodal Reasoning (A),Complete a multimodal reasoning task at T4: Long-horizon ambiguous project; multiple planning cycles; substantial verification. Variant A: clean baseline.,Run under each H0-H5 budget. Delivery/acceptance and external verifier verdict logged separately.,task artifact + evidence log + delivery status,"Delivered-and-correct under external verifier; false completion, held-back invalid, false rejection, CID and human minutes recorded.",Hidden reference/sealed environment/deterministic oracle; upper bands require hidden mechanisms or dynamic events.,independent_reference_or_deterministic,H0-H5 matrix,CID budget determined by H condition,0.8,12,yes for harness-rung comparisons that do not alter executor request,,specification-only,False,required for formal certification,HIL-R2,False,False,False,False,True,"S_del(T,H); F(H,p); false_completion; false_rejection; CID; human minutes",attempts; VR; tokens; calls; tools; latency; cost,hidden/sealed assets; candidate cannot write verifier/acceptance criteria,certification-spec,
DI-T4-MULTIMOD-B,1.0,"Unified Intelligence / HIL Framework v1.5.1 (memory-integrated, delivered-correct delegation)",DI-Bench,DI,T4,HG0-HGΩ,,delegation_surface,multimodal_reasoning,T4,B,T4 Expert project — Multimodal Reasoning (B),Complete a multimodal reasoning task at T4: Long-horizon ambiguous project; multiple planning cycles; substantial verification. Variant B: dynamic change/distractor/recovery event.,Run under each H0-H5 budget. Delivery/acceptance and external verifier verdict logged separately.,task artifact + evidence log + delivery status,"Delivered-and-correct under external verifier; false completion, held-back invalid, false rejection, CID and human minutes recorded.",Hidden reference/sealed environment/deterministic oracle; upper bands require hidden mechanisms or dynamic events.,independent_reference_or_deterministic,H0-H5 matrix,CID budget determined by H condition,0.8,12,yes for harness-rung comparisons that do not alter executor request,,specification-only,False,required for formal certification,HIL-R2,False,False,False,False,True,"S_del(T,H); F(H,p); false_completion; false_rejection; CID; human minutes",attempts; VR; tokens; calls; tools; latency; cost,hidden/sealed assets; candidate cannot write verifier/acceptance criteria,certification-spec,
DI-T4-LONG_RUN-A,1.0,"Unified Intelligence / HIL Framework v1.5.1 (memory-integrated, delivered-correct delegation)",DI-Bench,DI,T4,HG0-HGΩ,,delegation_surface,long_running_admin,T4,A,T4 Expert project — Long Running Admin (A),Complete a long running admin task at T4: Long-horizon ambiguous project; multiple planning cycles; substantial verification. Variant A: clean baseline.,Run under each H0-H5 budget. Delivery/acceptance and external verifier verdict logged separately.,task artifact + evidence log + delivery status,"Delivered-and-correct under external verifier; false completion, held-back invalid, false rejection, CID and human minutes recorded.",Hidden reference/sealed environment/deterministic oracle; upper bands require hidden mechanisms or dynamic events.,independent_reference_or_deterministic,H0-H5 matrix,CID budget determined by H condition,0.8,12,yes for harness-rung comparisons that do not alter executor request,,specification-only,False,required for formal certification,HIL-R2,False,False,False,False,True,"S_del(T,H); F(H,p); false_completion; false_rejection; CID; human minutes",attempts; VR; tokens; calls; tools; latency; cost,hidden/sealed assets; candidate cannot write verifier/acceptance criteria,certification-spec,
DI-T4-LONG_RUN-B,1.0,"Unified Intelligence / HIL Framework v1.5.1 (memory-integrated, delivered-correct delegation)",DI-Bench,DI,T4,HG0-HGΩ,,delegation_surface,long_running_admin,T4,B,T4 Expert project — Long Running Admin (B),Complete a long running admin task at T4: Long-horizon ambiguous project; multiple planning cycles; substantial verification. Variant B: dynamic change/distractor/recovery event.,Run under each H0-H5 budget. Delivery/acceptance and external verifier verdict logged separately.,task artifact + evidence log + delivery status,"Delivered-and-correct under external verifier; false completion, held-back invalid, false rejection, CID and human minutes recorded.",Hidden reference/sealed environment/deterministic oracle; upper bands require hidden mechanisms or dynamic events.,independent_reference_or_deterministic,H0-H5 matrix,CID budget determined by H condition,0.8,12,yes for harness-rung comparisons that do not alter executor request,,specification-only,False,required for formal certification,HIL-R2,False,False,False,False,True,"S_del(T,H); F(H,p); false_completion; false_rejection; CID; human minutes",attempts; VR; tokens; calls; tools; latency; cost,hidden/sealed assets; candidate cannot write verifier/acceptance criteria,certification-spec,
DI-T5-SOFTWARE-A,1.0,"Unified Intelligence / HIL Framework v1.5.1 (memory-integrated, delivered-correct delegation)",DI-Bench,DI,T5,HG0-HGΩ,,delegation_surface,software_engineering,T5,A,T5 Frontier — Software Engineering (A),Complete a software engineering task at T5: Solution method initially unknown; discovery or invention required. Variant A: clean baseline.,Run under each H0-H5 budget. Delivery/acceptance and external verifier verdict logged separately.,task artifact + evidence log + delivery status,"Delivered-and-correct under external verifier; false completion, held-back invalid, false rejection, CID and human minutes recorded.",Hidden reference/sealed environment/deterministic oracle; upper bands require hidden mechanisms or dynamic events.,independent_reference_or_deterministic,H0-H5 matrix,CID budget determined by H condition,0.7,12,yes for harness-rung comparisons that do not alter executor request,,specification-only,False,required for formal certification,HIL-R2,False,False,False,False,True,"S_del(T,H); F(H,p); false_completion; false_rejection; CID; human minutes",attempts; VR; tokens; calls; tools; latency; cost,hidden/sealed assets; candidate cannot write verifier/acceptance criteria,certification-spec,
DI-T5-SOFTWARE-B,1.0,"Unified Intelligence / HIL Framework v1.5.1 (memory-integrated, delivered-correct delegation)",DI-Bench,DI,T5,HG0-HGΩ,,delegation_surface,software_engineering,T5,B,T5 Frontier — Software Engineering (B),Complete a software engineering task at T5: Solution method initially unknown; discovery or invention required. Variant B: dynamic change/distractor/recovery event.,Run under each H0-H5 budget. Delivery/acceptance and external verifier verdict logged separately.,task artifact + evidence log + delivery status,"Delivered-and-correct under external verifier; false completion, held-back invalid, false rejection, CID and human minutes recorded.",Hidden reference/sealed environment/deterministic oracle; upper bands require hidden mechanisms or dynamic events.,independent_reference_or_deterministic,H0-H5 matrix,CID budget determined by H condition,0.7,12,yes for harness-rung comparisons that do not alter executor request,,specification-only,False,required for formal certification,HIL-R2,False,False,False,False,True,"S_del(T,H); F(H,p); false_completion; false_rejection; CID; human minutes",attempts; VR; tokens; calls; tools; latency; cost,hidden/sealed assets; candidate cannot write verifier/acceptance criteria,certification-spec,
DI-T5-DATA_ANA-A,1.0,"Unified Intelligence / HIL Framework v1.5.1 (memory-integrated, delivered-correct delegation)",DI-Bench,DI,T5,HG0-HGΩ,,delegation_surface,data_analysis,T5,A,T5 Frontier — Data Analysis (A),Complete a data analysis task at T5: Solution method initially unknown; discovery or invention required. Variant A: clean baseline.,Run under each H0-H5 budget. Delivery/acceptance and external verifier verdict logged separately.,task artifact + evidence log + delivery status,"Delivered-and-correct under external verifier; false completion, held-back invalid, false rejection, CID and human minutes recorded.",Hidden reference/sealed environment/deterministic oracle; upper bands require hidden mechanisms or dynamic events.,independent_reference_or_deterministic,H0-H5 matrix,CID budget determined by H condition,0.7,12,yes for harness-rung comparisons that do not alter executor request,,specification-only,False,required for formal certification,HIL-R2,False,False,False,False,True,"S_del(T,H); F(H,p); false_completion; false_rejection; CID; human minutes",attempts; VR; tokens; calls; tools; latency; cost,hidden/sealed assets; candidate cannot write verifier/acceptance criteria,certification-spec,
DI-T5-DATA_ANA-B,1.0,"Unified Intelligence / HIL Framework v1.5.1 (memory-integrated, delivered-correct delegation)",DI-Bench,DI,T5,HG0-HGΩ,,delegation_surface,data_analysis,T5,B,T5 Frontier — Data Analysis (B),Complete a data analysis task at T5: Solution method initially unknown; discovery or invention required. Variant B: dynamic change/distractor/recovery event.,Run under each H0-H5 budget. Delivery/acceptance and external verifier verdict logged separately.,task artifact + evidence log + delivery status,"Delivered-and-correct under external verifier; false completion, held-back invalid, false rejection, CID and human minutes recorded.",Hidden reference/sealed environment/deterministic oracle; upper bands require hidden mechanisms or dynamic events.,independent_reference_or_deterministic,H0-H5 matrix,CID budget determined by H condition,0.7,12,yes for harness-rung comparisons that do not alter executor request,,specification-only,False,required for formal certification,HIL-R2,False,False,False,False,True,"S_del(T,H); F(H,p); false_completion; false_rejection; CID; human minutes",attempts; VR; tokens; calls; tools; latency; cost,hidden/sealed assets; candidate cannot write verifier/acceptance criteria,certification-spec,
DI-T5-SCIENTIF-A,1.0,"Unified Intelligence / HIL Framework v1.5.1 (memory-integrated, delivered-correct delegation)",DI-Bench,DI,T5,HG0-HGΩ,,delegation_surface,scientific_research,T5,A,T5 Frontier — Scientific Research (A),Complete a scientific research task at T5: Solution method initially unknown; discovery or invention required. Variant A: clean baseline.,Run under each H0-H5 budget. Delivery/acceptance and external verifier verdict logged separately.,task artifact + evidence log + delivery status,"Delivered-and-correct under external verifier; false completion, held-back invalid, false rejection, CID and human minutes recorded.",Hidden reference/sealed environment/deterministic oracle; upper bands require hidden mechanisms or dynamic events.,independent_reference_or_deterministic,H0-H5 matrix,CID budget determined by H condition,0.7,12,yes for harness-rung comparisons that do not alter executor request,,specification-only,False,required for formal certification,HIL-R2,False,False,False,False,True,"S_del(T,H); F(H,p); false_completion; false_rejection; CID; human minutes",attempts; VR; tokens; calls; tools; latency; cost,hidden/sealed assets; candidate cannot write verifier/acceptance criteria,certification-spec,
DI-T5-SCIENTIF-B,1.0,"Unified Intelligence / HIL Framework v1.5.1 (memory-integrated, delivered-correct delegation)",DI-Bench,DI,T5,HG0-HGΩ,,delegation_surface,scientific_research,T5,B,T5 Frontier — Scientific Research (B),Complete a scientific research task at T5: Solution method initially unknown; discovery or invention required. Variant B: dynamic change/distractor/recovery event.,Run under each H0-H5 budget. Delivery/acceptance and external verifier verdict logged separately.,task artifact + evidence log + delivery status,"Delivered-and-correct under external verifier; false completion, held-back invalid, false rejection, CID and human minutes recorded.",Hidden reference/sealed environment/deterministic oracle; upper bands require hidden mechanisms or dynamic events.,independent_reference_or_deterministic,H0-H5 matrix,CID budget determined by H condition,0.7,12,yes for harness-rung comparisons that do not alter executor request,,specification-only,False,required for formal certification,HIL-R2,False,False,False,False,True,"S_del(T,H); F(H,p); false_completion; false_rejection; CID; human minutes",attempts; VR; tokens; calls; tools; latency; cost,hidden/sealed assets; candidate cannot write verifier/acceptance criteria,certification-spec,
DI-T5-PLANNING-A,1.0,"Unified Intelligence / HIL Framework v1.5.1 (memory-integrated, delivered-correct delegation)",DI-Bench,DI,T5,HG0-HGΩ,,delegation_surface,planning_operations,T5,A,T5 Frontier — Planning Operations (A),Complete a planning operations task at T5: Solution method initially unknown; discovery or invention required. Variant A: clean baseline.,Run under each H0-H5 budget. Delivery/acceptance and external verifier verdict logged separately.,task artifact + evidence log + delivery status,"Delivered-and-correct under external verifier; false completion, held-back invalid, false rejection, CID and human minutes recorded.",Hidden reference/sealed environment/deterministic oracle; upper bands require hidden mechanisms or dynamic events.,independent_reference_or_deterministic,H0-H5 matrix,CID budget determined by H condition,0.7,12,yes for harness-rung comparisons that do not alter executor request,,specification-only,False,required for formal certification,HIL-R2,False,False,False,False,True,"S_del(T,H); F(H,p); false_completion; false_rejection; CID; human minutes",attempts; VR; tokens; calls; tools; latency; cost,hidden/sealed assets; candidate cannot write verifier/acceptance criteria,certification-spec,
DI-T5-PLANNING-B,1.0,"Unified Intelligence / HIL Framework v1.5.1 (memory-integrated, delivered-correct delegation)",DI-Bench,DI,T5,HG0-HGΩ,,delegation_surface,planning_operations,T5,B,T5 Frontier — Planning Operations (B),Complete a planning operations task at T5: Solution method initially unknown; discovery or invention required. Variant B: dynamic change/distractor/recovery event.,Run under each H0-H5 budget. Delivery/acceptance and external verifier verdict logged separately.,task artifact + evidence log + delivery status,"Delivered-and-correct under external verifier; false completion, held-back invalid, false rejection, CID and human minutes recorded.",Hidden reference/sealed environment/deterministic oracle; upper bands require hidden mechanisms or dynamic events.,independent_reference_or_deterministic,H0-H5 matrix,CID budget determined by H condition,0.7,12,yes for harness-rung comparisons that do not alter executor request,,specification-only,False,required for formal certification,HIL-R2,False,False,False,False,True,"S_del(T,H); F(H,p); false_completion; false_rejection; CID; human minutes",attempts; VR; tokens; calls; tools; latency; cost,hidden/sealed assets; candidate cannot write verifier/acceptance criteria,certification-spec,
DI-T5-DOCUMENT-A,1.0,"Unified Intelligence / HIL Framework v1.5.1 (memory-integrated, delivered-correct delegation)",DI-Bench,DI,T5,HG0-HGΩ,,delegation_surface,document_workflow,T5,A,T5 Frontier — Document Workflow (A),Complete a document workflow task at T5: Solution method initially unknown; discovery or invention required. Variant A: clean baseline.,Run under each H0-H5 budget. Delivery/acceptance and external verifier verdict logged separately.,task artifact + evidence log + delivery status,"Delivered-and-correct under external verifier; false completion, held-back invalid, false rejection, CID and human minutes recorded.",Hidden reference/sealed environment/deterministic oracle; upper bands require hidden mechanisms or dynamic events.,independent_reference_or_deterministic,H0-H5 matrix,CID budget determined by H condition,0.7,12,yes for harness-rung comparisons that do not alter executor request,,specification-only,False,required for formal certification,HIL-R2,False,False,False,False,True,"S_del(T,H); F(H,p); false_completion; false_rejection; CID; human minutes",attempts; VR; tokens; calls; tools; latency; cost,hidden/sealed assets; candidate cannot write verifier/acceptance criteria,certification-spec,
DI-T5-DOCUMENT-B,1.0,"Unified Intelligence / HIL Framework v1.5.1 (memory-integrated, delivered-correct delegation)",DI-Bench,DI,T5,HG0-HGΩ,,delegation_surface,document_workflow,T5,B,T5 Frontier — Document Workflow (B),Complete a document workflow task at T5: Solution method initially unknown; discovery or invention required. Variant B: dynamic change/distractor/recovery event.,Run under each H0-H5 budget. Delivery/acceptance and external verifier verdict logged separately.,task artifact + evidence log + delivery status,"Delivered-and-correct under external verifier; false completion, held-back invalid, false rejection, CID and human minutes recorded.",Hidden reference/sealed environment/deterministic oracle; upper bands require hidden mechanisms or dynamic events.,independent_reference_or_deterministic,H0-H5 matrix,CID budget determined by H condition,0.7,12,yes for harness-rung comparisons that do not alter executor request,,specification-only,False,required for formal certification,HIL-R2,False,False,False,False,True,"S_del(T,H); F(H,p); false_completion; false_rejection; CID; human minutes",attempts; VR; tokens; calls; tools; latency; cost,hidden/sealed assets; candidate cannot write verifier/acceptance criteria,certification-spec,
DI-T5-TOOL_CAL-A,1.0,"Unified Intelligence / HIL Framework v1.5.1 (memory-integrated, delivered-correct delegation)",DI-Bench,DI,T5,HG0-HGΩ,,delegation_surface,tool_calling,T5,A,T5 Frontier — Tool Calling (A),Complete a tool calling task at T5: Solution method initially unknown; discovery or invention required. Variant A: clean baseline.,Run under each H0-H5 budget. Delivery/acceptance and external verifier verdict logged separately.,task artifact + evidence log + delivery status,"Delivered-and-correct under external verifier; false completion, held-back invalid, false rejection, CID and human minutes recorded.",Hidden reference/sealed environment/deterministic oracle; upper bands require hidden mechanisms or dynamic events.,independent_reference_or_deterministic,H0-H5 matrix,CID budget determined by H condition,0.7,12,yes for harness-rung comparisons that do not alter executor request,,specification-only,False,required for formal certification,HIL-R2,False,False,False,False,True,"S_del(T,H); F(H,p); false_completion; false_rejection; CID; human minutes",attempts; VR; tokens; calls; tools; latency; cost,hidden/sealed assets; candidate cannot write verifier/acceptance criteria,certification-spec,
DI-T5-TOOL_CAL-B,1.0,"Unified Intelligence / HIL Framework v1.5.1 (memory-integrated, delivered-correct delegation)",DI-Bench,DI,T5,HG0-HGΩ,,delegation_surface,tool_calling,T5,B,T5 Frontier — Tool Calling (B),Complete a tool calling task at T5: Solution method initially unknown; discovery or invention required. Variant B: dynamic change/distractor/recovery event.,Run under each H0-H5 budget. Delivery/acceptance and external verifier verdict logged separately.,task artifact + evidence log + delivery status,"Delivered-and-correct under external verifier; false completion, held-back invalid, false rejection, CID and human minutes recorded.",Hidden reference/sealed environment/deterministic oracle; upper bands require hidden mechanisms or dynamic events.,independent_reference_or_deterministic,H0-H5 matrix,CID budget determined by H condition,0.7,12,yes for harness-rung comparisons that do not alter executor request,,specification-only,False,required for formal certification,HIL-R2,False,False,False,False,True,"S_del(T,H); F(H,p); false_completion; false_rejection; CID; human minutes",attempts; VR; tokens; calls; tools; latency; cost,hidden/sealed assets; candidate cannot write verifier/acceptance criteria,certification-spec,
DI-T5-BROWSER_-A,1.0,"Unified Intelligence / HIL Framework v1.5.1 (memory-integrated, delivered-correct delegation)",DI-Bench,DI,T5,HG0-HGΩ,,delegation_surface,browser_research,T5,A,T5 Frontier — Browser Research (A),Complete a browser research task at T5: Solution method initially unknown; discovery or invention required. Variant A: clean baseline.,Run under each H0-H5 budget. Delivery/acceptance and external verifier verdict logged separately.,task artifact + evidence log + delivery status,"Delivered-and-correct under external verifier; false completion, held-back invalid, false rejection, CID and human minutes recorded.",Hidden reference/sealed environment/deterministic oracle; upper bands require hidden mechanisms or dynamic events.,independent_reference_or_deterministic,H0-H5 matrix,CID budget determined by H condition,0.7,12,yes for harness-rung comparisons that do not alter executor request,,specification-only,False,required for formal certification,HIL-R2,False,False,False,False,True,"S_del(T,H); F(H,p); false_completion; false_rejection; CID; human minutes",attempts; VR; tokens; calls; tools; latency; cost,hidden/sealed assets; candidate cannot write verifier/acceptance criteria,certification-spec,
DI-T5-BROWSER_-B,1.0,"Unified Intelligence / HIL Framework v1.5.1 (memory-integrated, delivered-correct delegation)",DI-Bench,DI,T5,HG0-HGΩ,,delegation_surface,browser_research,T5,B,T5 Frontier — Browser Research (B),Complete a browser research task at T5: Solution method initially unknown; discovery or invention required. Variant B: dynamic change/distractor/recovery event.,Run under each H0-H5 budget. Delivery/acceptance and external verifier verdict logged separately.,task artifact + evidence log + delivery status,"Delivered-and-correct under external verifier; false completion, held-back invalid, false rejection, CID and human minutes recorded.",Hidden reference/sealed environment/deterministic oracle; upper bands require hidden mechanisms or dynamic events.,independent_reference_or_deterministic,H0-H5 matrix,CID budget determined by H condition,0.7,12,yes for harness-rung comparisons that do not alter executor request,,specification-only,False,required for formal certification,HIL-R2,False,False,False,False,True,"S_del(T,H); F(H,p); false_completion; false_rejection; CID; human minutes",attempts; VR; tokens; calls; tools; latency; cost,hidden/sealed assets; candidate cannot write verifier/acceptance criteria,certification-spec,
DI-T5-COMPUTER-A,1.0,"Unified Intelligence / HIL Framework v1.5.1 (memory-integrated, delivered-correct delegation)",DI-Bench,DI,T5,HG0-HGΩ,,delegation_surface,computer_use,T5,A,T5 Frontier — Computer Use (A),Complete a computer use task at T5: Solution method initially unknown; discovery or invention required. Variant A: clean baseline.,Run under each H0-H5 budget. Delivery/acceptance and external verifier verdict logged separately.,task artifact + evidence log + delivery status,"Delivered-and-correct under external verifier; false completion, held-back invalid, false rejection, CID and human minutes recorded.",Hidden reference/sealed environment/deterministic oracle; upper bands require hidden mechanisms or dynamic events.,independent_reference_or_deterministic,H0-H5 matrix,CID budget determined by H condition,0.7,12,yes for harness-rung comparisons that do not alter executor request,,specification-only,False,required for formal certification,HIL-R2,False,False,False,False,True,"S_del(T,H); F(H,p); false_completion; false_rejection; CID; human minutes",attempts; VR; tokens; calls; tools; latency; cost,hidden/sealed assets; candidate cannot write verifier/acceptance criteria,certification-spec,
DI-T5-COMPUTER-B,1.0,"Unified Intelligence / HIL Framework v1.5.1 (memory-integrated, delivered-correct delegation)",DI-Bench,DI,T5,HG0-HGΩ,,delegation_surface,computer_use,T5,B,T5 Frontier — Computer Use (B),Complete a computer use task at T5: Solution method initially unknown; discovery or invention required. Variant B: dynamic change/distractor/recovery event.,Run under each H0-H5 budget. Delivery/acceptance and external verifier verdict logged separately.,task artifact + evidence log + delivery status,"Delivered-and-correct under external verifier; false completion, held-back invalid, false rejection, CID and human minutes recorded.",Hidden reference/sealed environment/deterministic oracle; upper bands require hidden mechanisms or dynamic events.,independent_reference_or_deterministic,H0-H5 matrix,CID budget determined by H condition,0.7,12,yes for harness-rung comparisons that do not alter executor request,,specification-only,False,required for formal certification,HIL-R2,False,False,False,False,True,"S_del(T,H); F(H,p); false_completion; false_rejection; CID; human minutes",attempts; VR; tokens; calls; tools; latency; cost,hidden/sealed assets; candidate cannot write verifier/acceptance criteria,certification-spec,
DI-T5-MULTIMOD-A,1.0,"Unified Intelligence / HIL Framework v1.5.1 (memory-integrated, delivered-correct delegation)",DI-Bench,DI,T5,HG0-HGΩ,,delegation_surface,multimodal_reasoning,T5,A,T5 Frontier — Multimodal Reasoning (A),Complete a multimodal reasoning task at T5: Solution method initially unknown; discovery or invention required. Variant A: clean baseline.,Run under each H0-H5 budget. Delivery/acceptance and external verifier verdict logged separately.,task artifact + evidence log + delivery status,"Delivered-and-correct under external verifier; false completion, held-back invalid, false rejection, CID and human minutes recorded.",Hidden reference/sealed environment/deterministic oracle; upper bands require hidden mechanisms or dynamic events.,independent_reference_or_deterministic,H0-H5 matrix,CID budget determined by H condition,0.7,12,yes for harness-rung comparisons that do not alter executor request,,specification-only,False,required for formal certification,HIL-R2,False,False,False,False,True,"S_del(T,H); F(H,p); false_completion; false_rejection; CID; human minutes",attempts; VR; tokens; calls; tools; latency; cost,hidden/sealed assets; candidate cannot write verifier/acceptance criteria,certification-spec,
DI-T5-MULTIMOD-B,1.0,"Unified Intelligence / HIL Framework v1.5.1 (memory-integrated, delivered-correct delegation)",DI-Bench,DI,T5,HG0-HGΩ,,delegation_surface,multimodal_reasoning,T5,B,T5 Frontier — Multimodal Reasoning (B),Complete a multimodal reasoning task at T5: Solution method initially unknown; discovery or invention required. Variant B: dynamic change/distractor/recovery event.,Run under each H0-H5 budget. Delivery/acceptance and external verifier verdict logged separately.,task artifact + evidence log + delivery status,"Delivered-and-correct under external verifier; false completion, held-back invalid, false rejection, CID and human minutes recorded.",Hidden reference/sealed environment/deterministic oracle; upper bands require hidden mechanisms or dynamic events.,independent_reference_or_deterministic,H0-H5 matrix,CID budget determined by H condition,0.7,12,yes for harness-rung comparisons that do not alter executor request,,specification-only,False,required for formal certification,HIL-R2,False,False,False,False,True,"S_del(T,H); F(H,p); false_completion; false_rejection; CID; human minutes",attempts; VR; tokens; calls; tools; latency; cost,hidden/sealed assets; candidate cannot write verifier/acceptance criteria,certification-spec,
DI-T5-LONG_RUN-A,1.0,"Unified Intelligence / HIL Framework v1.5.1 (memory-integrated, delivered-correct delegation)",DI-Bench,DI,T5,HG0-HGΩ,,delegation_surface,long_running_admin,T5,A,T5 Frontier — Long Running Admin (A),Complete a long running admin task at T5: Solution method initially unknown; discovery or invention required. Variant A: clean baseline.,Run under each H0-H5 budget. Delivery/acceptance and external verifier verdict logged separately.,task artifact + evidence log + delivery status,"Delivered-and-correct under external verifier; false completion, held-back invalid, false rejection, CID and human minutes recorded.",Hidden reference/sealed environment/deterministic oracle; upper bands require hidden mechanisms or dynamic events.,independent_reference_or_deterministic,H0-H5 matrix,CID budget determined by H condition,0.7,12,yes for harness-rung comparisons that do not alter executor request,,specification-only,False,required for formal certification,HIL-R2,False,False,False,False,True,"S_del(T,H); F(H,p); false_completion; false_rejection; CID; human minutes",attempts; VR; tokens; calls; tools; latency; cost,hidden/sealed assets; candidate cannot write verifier/acceptance criteria,certification-spec,
DI-T5-LONG_RUN-B,1.0,"Unified Intelligence / HIL Framework v1.5.1 (memory-integrated, delivered-correct delegation)",DI-Bench,DI,T5,HG0-HGΩ,,delegation_surface,long_running_admin,T5,B,T5 Frontier — Long Running Admin (B),Complete a long running admin task at T5: Solution method initially unknown; discovery or invention required. Variant B: dynamic change/distractor/recovery event.,Run under each H0-H5 budget. Delivery/acceptance and external verifier verdict logged separately.,task artifact + evidence log + delivery status,"Delivered-and-correct under external verifier; false completion, held-back invalid, false rejection, CID and human minutes recorded.",Hidden reference/sealed environment/deterministic oracle; upper bands require hidden mechanisms or dynamic events.,independent_reference_or_deterministic,H0-H5 matrix,CID budget determined by H condition,0.7,12,yes for harness-rung comparisons that do not alter executor request,,specification-only,False,required for formal certification,HIL-R2,False,False,False,False,True,"S_del(T,H); F(H,p); false_completion; false_rejection; CID; human minutes",attempts; VR; tokens; calls; tools; latency; cost,hidden/sealed assets; candidate cannot write verifier/acceptance criteria,certification-spec,
DI-T6-SOFTWARE-A,1.0,"Unified Intelligence / HIL Framework v1.5.1 (memory-integrated, delivered-correct delegation)",DI-Bench,DI,T6,HG0-HGΩ,,delegation_surface,software_engineering,T6,A,T6 Mission — Software Engineering (A),Complete a software engineering task at T6: Human supplies mission; system generates projects/tasks and manages changing conditions. Variant A: clean baseline.,Run under each H0-H5 budget. Delivery/acceptance and external verifier verdict logged separately.,task artifact + evidence log + delivery status,"Delivered-and-correct under external verifier; false completion, held-back invalid, false rejection, CID and human minutes recorded.",Hidden reference/sealed environment/deterministic oracle; upper bands require hidden mechanisms or dynamic events.,independent_reference_or_deterministic,H0-H5 matrix,CID budget determined by H condition,0.7,8,yes for harness-rung comparisons that do not alter executor request,,specification-only,False,required for formal certification,HIL-R2,False,False,False,False,True,"S_del(T,H); F(H,p); false_completion; false_rejection; CID; human minutes",attempts; VR; tokens; calls; tools; latency; cost,hidden/sealed assets; candidate cannot write verifier/acceptance criteria,certification-spec,
DI-T6-SOFTWARE-B,1.0,"Unified Intelligence / HIL Framework v1.5.1 (memory-integrated, delivered-correct delegation)",DI-Bench,DI,T6,HG0-HGΩ,,delegation_surface,software_engineering,T6,B,T6 Mission — Software Engineering (B),Complete a software engineering task at T6: Human supplies mission; system generates projects/tasks and manages changing conditions. Variant B: dynamic change/distractor/recovery event.,Run under each H0-H5 budget. Delivery/acceptance and external verifier verdict logged separately.,task artifact + evidence log + delivery status,"Delivered-and-correct under external verifier; false completion, held-back invalid, false rejection, CID and human minutes recorded.",Hidden reference/sealed environment/deterministic oracle; upper bands require hidden mechanisms or dynamic events.,independent_reference_or_deterministic,H0-H5 matrix,CID budget determined by H condition,0.7,8,yes for harness-rung comparisons that do not alter executor request,,specification-only,False,required for formal certification,HIL-R2,False,False,False,False,True,"S_del(T,H); F(H,p); false_completion; false_rejection; CID; human minutes",attempts; VR; tokens; calls; tools; latency; cost,hidden/sealed assets; candidate cannot write verifier/acceptance criteria,certification-spec,
DI-T6-DATA_ANA-A,1.0,"Unified Intelligence / HIL Framework v1.5.1 (memory-integrated, delivered-correct delegation)",DI-Bench,DI,T6,HG0-HGΩ,,delegation_surface,data_analysis,T6,A,T6 Mission — Data Analysis (A),Complete a data analysis task at T6: Human supplies mission; system generates projects/tasks and manages changing conditions. Variant A: clean baseline.,Run under each H0-H5 budget. Delivery/acceptance and external verifier verdict logged separately.,task artifact + evidence log + delivery status,"Delivered-and-correct under external verifier; false completion, held-back invalid, false rejection, CID and human minutes recorded.",Hidden reference/sealed environment/deterministic oracle; upper bands require hidden mechanisms or dynamic events.,independent_reference_or_deterministic,H0-H5 matrix,CID budget determined by H condition,0.7,8,yes for harness-rung comparisons that do not alter executor request,,specification-only,False,required for formal certification,HIL-R2,False,False,False,False,True,"S_del(T,H); F(H,p); false_completion; false_rejection; CID; human minutes",attempts; VR; tokens; calls; tools; latency; cost,hidden/sealed assets; candidate cannot write verifier/acceptance criteria,certification-spec,
DI-T6-DATA_ANA-B,1.0,"Unified Intelligence / HIL Framework v1.5.1 (memory-integrated, delivered-correct delegation)",DI-Bench,DI,T6,HG0-HGΩ,,delegation_surface,data_analysis,T6,B,T6 Mission — Data Analysis (B),Complete a data analysis task at T6: Human supplies mission; system generates projects/tasks and manages changing conditions. Variant B: dynamic change/distractor/recovery event.,Run under each H0-H5 budget. Delivery/acceptance and external verifier verdict logged separately.,task artifact + evidence log + delivery status,"Delivered-and-correct under external verifier; false completion, held-back invalid, false rejection, CID and human minutes recorded.",Hidden reference/sealed environment/deterministic oracle; upper bands require hidden mechanisms or dynamic events.,independent_reference_or_deterministic,H0-H5 matrix,CID budget determined by H condition,0.7,8,yes for harness-rung comparisons that do not alter executor request,,specification-only,False,required for formal certification,HIL-R2,False,False,False,False,True,"S_del(T,H); F(H,p); false_completion; false_rejection; CID; human minutes",attempts; VR; tokens; calls; tools; latency; cost,hidden/sealed assets; candidate cannot write verifier/acceptance criteria,certification-spec,
DI-T6-SCIENTIF-A,1.0,"Unified Intelligence / HIL Framework v1.5.1 (memory-integrated, delivered-correct delegation)",DI-Bench,DI,T6,HG0-HGΩ,,delegation_surface,scientific_research,T6,A,T6 Mission — Scientific Research (A),Complete a scientific research task at T6: Human supplies mission; system generates projects/tasks and manages changing conditions. Variant A: clean baseline.,Run under each H0-H5 budget. Delivery/acceptance and external verifier verdict logged separately.,task artifact + evidence log + delivery status,"Delivered-and-correct under external verifier; false completion, held-back invalid, false rejection, CID and human minutes recorded.",Hidden reference/sealed environment/deterministic oracle; upper bands require hidden mechanisms or dynamic events.,independent_reference_or_deterministic,H0-H5 matrix,CID budget determined by H condition,0.7,8,yes for harness-rung comparisons that do not alter executor request,,specification-only,False,required for formal certification,HIL-R2,False,False,False,False,True,"S_del(T,H); F(H,p); false_completion; false_rejection; CID; human minutes",attempts; VR; tokens; calls; tools; latency; cost,hidden/sealed assets; candidate cannot write verifier/acceptance criteria,certification-spec,
DI-T6-SCIENTIF-B,1.0,"Unified Intelligence / HIL Framework v1.5.1 (memory-integrated, delivered-correct delegation)",DI-Bench,DI,T6,HG0-HGΩ,,delegation_surface,scientific_research,T6,B,T6 Mission — Scientific Research (B),Complete a scientific research task at T6: Human supplies mission; system generates projects/tasks and manages changing conditions. Variant B: dynamic change/distractor/recovery event.,Run under each H0-H5 budget. Delivery/acceptance and external verifier verdict logged separately.,task artifact + evidence log + delivery status,"Delivered-and-correct under external verifier; false completion, held-back invalid, false rejection, CID and human minutes recorded.",Hidden reference/sealed environment/deterministic oracle; upper bands require hidden mechanisms or dynamic events.,independent_reference_or_deterministic,H0-H5 matrix,CID budget determined by H condition,0.7,8,yes for harness-rung comparisons that do not alter executor request,,specification-only,False,required for formal certification,HIL-R2,False,False,False,False,True,"S_del(T,H); F(H,p); false_completion; false_rejection; CID; human minutes",attempts; VR; tokens; calls; tools; latency; cost,hidden/sealed assets; candidate cannot write verifier/acceptance criteria,certification-spec,
DI-T6-PLANNING-A,1.0,"Unified Intelligence / HIL Framework v1.5.1 (memory-integrated, delivered-correct delegation)",DI-Bench,DI,T6,HG0-HGΩ,,delegation_surface,planning_operations,T6,A,T6 Mission — Planning Operations (A),Complete a planning operations task at T6: Human supplies mission; system generates projects/tasks and manages changing conditions. Variant A: clean baseline.,Run under each H0-H5 budget. Delivery/acceptance and external verifier verdict logged separately.,task artifact + evidence log + delivery status,"Delivered-and-correct under external verifier; false completion, held-back invalid, false rejection, CID and human minutes recorded.",Hidden reference/sealed environment/deterministic oracle; upper bands require hidden mechanisms or dynamic events.,independent_reference_or_deterministic,H0-H5 matrix,CID budget determined by H condition,0.7,8,yes for harness-rung comparisons that do not alter executor request,,specification-only,False,required for formal certification,HIL-R2,False,False,False,False,True,"S_del(T,H); F(H,p); false_completion; false_rejection; CID; human minutes",attempts; VR; tokens; calls; tools; latency; cost,hidden/sealed assets; candidate cannot write verifier/acceptance criteria,certification-spec,
DI-T6-PLANNING-B,1.0,"Unified Intelligence / HIL Framework v1.5.1 (memory-integrated, delivered-correct delegation)",DI-Bench,DI,T6,HG0-HGΩ,,delegation_surface,planning_operations,T6,B,T6 Mission — Planning Operations (B),Complete a planning operations task at T6: Human supplies mission; system generates projects/tasks and manages changing conditions. Variant B: dynamic change/distractor/recovery event.,Run under each H0-H5 budget. Delivery/acceptance and external verifier verdict logged separately.,task artifact + evidence log + delivery status,"Delivered-and-correct under external verifier; false completion, held-back invalid, false rejection, CID and human minutes recorded.",Hidden reference/sealed environment/deterministic oracle; upper bands require hidden mechanisms or dynamic events.,independent_reference_or_deterministic,H0-H5 matrix,CID budget determined by H condition,0.7,8,yes for harness-rung comparisons that do not alter executor request,,specification-only,False,required for formal certification,HIL-R2,False,False,False,False,True,"S_del(T,H); F(H,p); false_completion; false_rejection; CID; human minutes",attempts; VR; tokens; calls; tools; latency; cost,hidden/sealed assets; candidate cannot write verifier/acceptance criteria,certification-spec,
DI-T6-DOCUMENT-A,1.0,"Unified Intelligence / HIL Framework v1.5.1 (memory-integrated, delivered-correct delegation)",DI-Bench,DI,T6,HG0-HGΩ,,delegation_surface,document_workflow,T6,A,T6 Mission — Document Workflow (A),Complete a document workflow task at T6: Human supplies mission; system generates projects/tasks and manages changing conditions. Variant A: clean baseline.,Run under each H0-H5 budget. Delivery/acceptance and external verifier verdict logged separately.,task artifact + evidence log + delivery status,"Delivered-and-correct under external verifier; false completion, held-back invalid, false rejection, CID and human minutes recorded.",Hidden reference/sealed environment/deterministic oracle; upper bands require hidden mechanisms or dynamic events.,independent_reference_or_deterministic,H0-H5 matrix,CID budget determined by H condition,0.7,8,yes for harness-rung comparisons that do not alter executor request,,specification-only,False,required for formal certification,HIL-R2,False,False,False,False,True,"S_del(T,H); F(H,p); false_completion; false_rejection; CID; human minutes",attempts; VR; tokens; calls; tools; latency; cost,hidden/sealed assets; candidate cannot write verifier/acceptance criteria,certification-spec,
DI-T6-DOCUMENT-B,1.0,"Unified Intelligence / HIL Framework v1.5.1 (memory-integrated, delivered-correct delegation)",DI-Bench,DI,T6,HG0-HGΩ,,delegation_surface,document_workflow,T6,B,T6 Mission — Document Workflow (B),Complete a document workflow task at T6: Human supplies mission; system generates projects/tasks and manages changing conditions. Variant B: dynamic change/distractor/recovery event.,Run under each H0-H5 budget. Delivery/acceptance and external verifier verdict logged separately.,task artifact + evidence log + delivery status,"Delivered-and-correct under external verifier; false completion, held-back invalid, false rejection, CID and human minutes recorded.",Hidden reference/sealed environment/deterministic oracle; upper bands require hidden mechanisms or dynamic events.,independent_reference_or_deterministic,H0-H5 matrix,CID budget determined by H condition,0.7,8,yes for harness-rung comparisons that do not alter executor request,,specification-only,False,required for formal certification,HIL-R2,False,False,False,False,True,"S_del(T,H); F(H,p); false_completion; false_rejection; CID; human minutes",attempts; VR; tokens; calls; tools; latency; cost,hidden/sealed assets; candidate cannot write verifier/acceptance criteria,certification-spec,
DI-T6-TOOL_CAL-A,1.0,"Unified Intelligence / HIL Framework v1.5.1 (memory-integrated, delivered-correct delegation)",DI-Bench,DI,T6,HG0-HGΩ,,delegation_surface,tool_calling,T6,A,T6 Mission — Tool Calling (A),Complete a tool calling task at T6: Human supplies mission; system generates projects/tasks and manages changing conditions. Variant A: clean baseline.,Run under each H0-H5 budget. Delivery/acceptance and external verifier verdict logged separately.,task artifact + evidence log + delivery status,"Delivered-and-correct under external verifier; false completion, held-back invalid, false rejection, CID and human minutes recorded.",Hidden reference/sealed environment/deterministic oracle; upper bands require hidden mechanisms or dynamic events.,independent_reference_or_deterministic,H0-H5 matrix,CID budget determined by H condition,0.7,8,yes for harness-rung comparisons that do not alter executor request,,specification-only,False,required for formal certification,HIL-R2,False,False,False,False,True,"S_del(T,H); F(H,p); false_completion; false_rejection; CID; human minutes",attempts; VR; tokens; calls; tools; latency; cost,hidden/sealed assets; candidate cannot write verifier/acceptance criteria,certification-spec,
DI-T6-TOOL_CAL-B,1.0,"Unified Intelligence / HIL Framework v1.5.1 (memory-integrated, delivered-correct delegation)",DI-Bench,DI,T6,HG0-HGΩ,,delegation_surface,tool_calling,T6,B,T6 Mission — Tool Calling (B),Complete a tool calling task at T6: Human supplies mission; system generates projects/tasks and manages changing conditions. Variant B: dynamic change/distractor/recovery event.,Run under each H0-H5 budget. Delivery/acceptance and external verifier verdict logged separately.,task artifact + evidence log + delivery status,"Delivered-and-correct under external verifier; false completion, held-back invalid, false rejection, CID and human minutes recorded.",Hidden reference/sealed environment/deterministic oracle; upper bands require hidden mechanisms or dynamic events.,independent_reference_or_deterministic,H0-H5 matrix,CID budget determined by H condition,0.7,8,yes for harness-rung comparisons that do not alter executor request,,specification-only,False,required for formal certification,HIL-R2,False,False,False,False,True,"S_del(T,H); F(H,p); false_completion; false_rejection; CID; human minutes",attempts; VR; tokens; calls; tools; latency; cost,hidden/sealed assets; candidate cannot write verifier/acceptance criteria,certification-spec,
DI-T6-BROWSER_-A,1.0,"Unified Intelligence / HIL Framework v1.5.1 (memory-integrated, delivered-correct delegation)",DI-Bench,DI,T6,HG0-HGΩ,,delegation_surface,browser_research,T6,A,T6 Mission — Browser Research (A),Complete a browser research task at T6: Human supplies mission; system generates projects/tasks and manages changing conditions. Variant A: clean baseline.,Run under each H0-H5 budget. Delivery/acceptance and external verifier verdict logged separately.,task artifact + evidence log + delivery status,"Delivered-and-correct under external verifier; false completion, held-back invalid, false rejection, CID and human minutes recorded.",Hidden reference/sealed environment/deterministic oracle; upper bands require hidden mechanisms or dynamic events.,independent_reference_or_deterministic,H0-H5 matrix,CID budget determined by H condition,0.7,8,yes for harness-rung comparisons that do not alter executor request,,specification-only,False,required for formal certification,HIL-R2,False,False,False,False,True,"S_del(T,H); F(H,p); false_completion; false_rejection; CID; human minutes",attempts; VR; tokens; calls; tools; latency; cost,hidden/sealed assets; candidate cannot write verifier/acceptance criteria,certification-spec,
DI-T6-BROWSER_-B,1.0,"Unified Intelligence / HIL Framework v1.5.1 (memory-integrated, delivered-correct delegation)",DI-Bench,DI,T6,HG0-HGΩ,,delegation_surface,browser_research,T6,B,T6 Mission — Browser Research (B),Complete a browser research task at T6: Human supplies mission; system generates projects/tasks and manages changing conditions. Variant B: dynamic change/distractor/recovery event.,Run under each H0-H5 budget. Delivery/acceptance and external verifier verdict logged separately.,task artifact + evidence log + delivery status,"Delivered-and-correct under external verifier; false completion, held-back invalid, false rejection, CID and human minutes recorded.",Hidden reference/sealed environment/deterministic oracle; upper bands require hidden mechanisms or dynamic events.,independent_reference_or_deterministic,H0-H5 matrix,CID budget determined by H condition,0.7,8,yes for harness-rung comparisons that do not alter executor request,,specification-only,False,required for formal certification,HIL-R2,False,False,False,False,True,"S_del(T,H); F(H,p); false_completion; false_rejection; CID; human minutes",attempts; VR; tokens; calls; tools; latency; cost,hidden/sealed assets; candidate cannot write verifier/acceptance criteria,certification-spec,
DI-T6-COMPUTER-A,1.0,"Unified Intelligence / HIL Framework v1.5.1 (memory-integrated, delivered-correct delegation)",DI-Bench,DI,T6,HG0-HGΩ,,delegation_surface,computer_use,T6,A,T6 Mission — Computer Use (A),Complete a computer use task at T6: Human supplies mission; system generates projects/tasks and manages changing conditions. Variant A: clean baseline.,Run under each H0-H5 budget. Delivery/acceptance and external verifier verdict logged separately.,task artifact + evidence log + delivery status,"Delivered-and-correct under external verifier; false completion, held-back invalid, false rejection, CID and human minutes recorded.",Hidden reference/sealed environment/deterministic oracle; upper bands require hidden mechanisms or dynamic events.,independent_reference_or_deterministic,H0-H5 matrix,CID budget determined by H condition,0.7,8,yes for harness-rung comparisons that do not alter executor request,,specification-only,False,required for formal certification,HIL-R2,False,False,False,False,True,"S_del(T,H); F(H,p); false_completion; false_rejection; CID; human minutes",attempts; VR; tokens; calls; tools; latency; cost,hidden/sealed assets; candidate cannot write verifier/acceptance criteria,certification-spec,
DI-T6-COMPUTER-B,1.0,"Unified Intelligence / HIL Framework v1.5.1 (memory-integrated, delivered-correct delegation)",DI-Bench,DI,T6,HG0-HGΩ,,delegation_surface,computer_use,T6,B,T6 Mission — Computer Use (B),Complete a computer use task at T6: Human supplies mission; system generates projects/tasks and manages changing conditions. Variant B: dynamic change/distractor/recovery event.,Run under each H0-H5 budget. Delivery/acceptance and external verifier verdict logged separately.,task artifact + evidence log + delivery status,"Delivered-and-correct under external verifier; false completion, held-back invalid, false rejection, CID and human minutes recorded.",Hidden reference/sealed environment/deterministic oracle; upper bands require hidden mechanisms or dynamic events.,independent_reference_or_deterministic,H0-H5 matrix,CID budget determined by H condition,0.7,8,yes for harness-rung comparisons that do not alter executor request,,specification-only,False,required for formal certification,HIL-R2,False,False,False,False,True,"S_del(T,H); F(H,p); false_completion; false_rejection; CID; human minutes",attempts; VR; tokens; calls; tools; latency; cost,hidden/sealed assets; candidate cannot write verifier/acceptance criteria,certification-spec,
DI-T6-MULTIMOD-A,1.0,"Unified Intelligence / HIL Framework v1.5.1 (memory-integrated, delivered-correct delegation)",DI-Bench,DI,T6,HG0-HGΩ,,delegation_surface,multimodal_reasoning,T6,A,T6 Mission — Multimodal Reasoning (A),Complete a multimodal reasoning task at T6: Human supplies mission; system generates projects/tasks and manages changing conditions. Variant A: clean baseline.,Run under each H0-H5 budget. Delivery/acceptance and external verifier verdict logged separately.,task artifact + evidence log + delivery status,"Delivered-and-correct under external verifier; false completion, held-back invalid, false rejection, CID and human minutes recorded.",Hidden reference/sealed environment/deterministic oracle; upper bands require hidden mechanisms or dynamic events.,independent_reference_or_deterministic,H0-H5 matrix,CID budget determined by H condition,0.7,8,yes for harness-rung comparisons that do not alter executor request,,specification-only,False,required for formal certification,HIL-R2,False,False,False,False,True,"S_del(T,H); F(H,p); false_completion; false_rejection; CID; human minutes",attempts; VR; tokens; calls; tools; latency; cost,hidden/sealed assets; candidate cannot write verifier/acceptance criteria,certification-spec,
DI-T6-MULTIMOD-B,1.0,"Unified Intelligence / HIL Framework v1.5.1 (memory-integrated, delivered-correct delegation)",DI-Bench,DI,T6,HG0-HGΩ,,delegation_surface,multimodal_reasoning,T6,B,T6 Mission — Multimodal Reasoning (B),Complete a multimodal reasoning task at T6: Human supplies mission; system generates projects/tasks and manages changing conditions. Variant B: dynamic change/distractor/recovery event.,Run under each H0-H5 budget. Delivery/acceptance and external verifier verdict logged separately.,task artifact + evidence log + delivery status,"Delivered-and-correct under external verifier; false completion, held-back invalid, false rejection, CID and human minutes recorded.",Hidden reference/sealed environment/deterministic oracle; upper bands require hidden mechanisms or dynamic events.,independent_reference_or_deterministic,H0-H5 matrix,CID budget determined by H condition,0.7,8,yes for harness-rung comparisons that do not alter executor request,,specification-only,False,required for formal certification,HIL-R2,False,False,False,False,True,"S_del(T,H); F(H,p); false_completion; false_rejection; CID; human minutes",attempts; VR; tokens; calls; tools; latency; cost,hidden/sealed assets; candidate cannot write verifier/acceptance criteria,certification-spec,
DI-T6-LONG_RUN-A,1.0,"Unified Intelligence / HIL Framework v1.5.1 (memory-integrated, delivered-correct delegation)",DI-Bench,DI,T6,HG0-HGΩ,,delegation_surface,long_running_admin,T6,A,T6 Mission — Long Running Admin (A),Complete a long running admin task at T6: Human supplies mission; system generates projects/tasks and manages changing conditions. Variant A: clean baseline.,Run under each H0-H5 budget. Delivery/acceptance and external verifier verdict logged separately.,task artifact + evidence log + delivery status,"Delivered-and-correct under external verifier; false completion, held-back invalid, false rejection, CID and human minutes recorded.",Hidden reference/sealed environment/deterministic oracle; upper bands require hidden mechanisms or dynamic events.,independent_reference_or_deterministic,H0-H5 matrix,CID budget determined by H condition,0.7,8,yes for harness-rung comparisons that do not alter executor request,,specification-only,False,required for formal certification,HIL-R2,False,False,False,False,True,"S_del(T,H); F(H,p); false_completion; false_rejection; CID; human minutes",attempts; VR; tokens; calls; tools; latency; cost,hidden/sealed assets; candidate cannot write verifier/acceptance criteria,certification-spec,
DI-T6-LONG_RUN-B,1.0,"Unified Intelligence / HIL Framework v1.5.1 (memory-integrated, delivered-correct delegation)",DI-Bench,DI,T6,HG0-HGΩ,,delegation_surface,long_running_admin,T6,B,T6 Mission — Long Running Admin (B),Complete a long running admin task at T6: Human supplies mission; system generates projects/tasks and manages changing conditions. Variant B: dynamic change/distractor/recovery event.,Run under each H0-H5 budget. Delivery/acceptance and external verifier verdict logged separately.,task artifact + evidence log + delivery status,"Delivered-and-correct under external verifier; false completion, held-back invalid, false rejection, CID and human minutes recorded.",Hidden reference/sealed environment/deterministic oracle; upper bands require hidden mechanisms or dynamic events.,independent_reference_or_deterministic,H0-H5 matrix,CID budget determined by H condition,0.7,8,yes for harness-rung comparisons that do not alter executor request,,specification-only,False,required for formal certification,HIL-R2,False,False,False,False,True,"S_del(T,H); F(H,p); false_completion; false_rejection; CID; human minutes",attempts; VR; tokens; calls; tools; latency; cost,hidden/sealed assets; candidate cannot write verifier/acceptance criteria,certification-spec,
DI-TΩ-SOFTWARE-A,1.0,"Unified Intelligence / HIL Framework v1.5.1 (memory-integrated, delivered-correct delegation)",DI-Bench,DI,TΩ,HG0-HGΩ,,delegation_surface,software_engineering,TΩ,A,TΩ Open-ended charter — Software Engineering (A),Complete a software engineering task at TΩ: Bounded charter; system repeatedly identifies valuable missions and expands future reach. Variant A: clean baseline.,Run under each H0-H5 budget. Delivery/acceptance and external verifier verdict logged separately.,task artifact + evidence log + delivery status,"Delivered-and-correct under external verifier; false completion, held-back invalid, false rejection, CID and human minutes recorded.",Hidden reference/sealed environment/deterministic oracle; upper bands require hidden mechanisms or dynamic events.,independent_reference_or_deterministic,H0-H5 matrix,CID budget determined by H condition,0.6,8,yes for harness-rung comparisons that do not alter executor request,,specification-only,False,required for formal certification,HIL-R2,False,False,False,False,True,"S_del(T,H); F(H,p); false_completion; false_rejection; CID; human minutes",attempts; VR; tokens; calls; tools; latency; cost,hidden/sealed assets; candidate cannot write verifier/acceptance criteria,certification-spec,
DI-TΩ-SOFTWARE-B,1.0,"Unified Intelligence / HIL Framework v1.5.1 (memory-integrated, delivered-correct delegation)",DI-Bench,DI,TΩ,HG0-HGΩ,,delegation_surface,software_engineering,TΩ,B,TΩ Open-ended charter — Software Engineering (B),Complete a software engineering task at TΩ: Bounded charter; system repeatedly identifies valuable missions and expands future reach. Variant B: dynamic change/distractor/recovery event.,Run under each H0-H5 budget. Delivery/acceptance and external verifier verdict logged separately.,task artifact + evidence log + delivery status,"Delivered-and-correct under external verifier; false completion, held-back invalid, false rejection, CID and human minutes recorded.",Hidden reference/sealed environment/deterministic oracle; upper bands require hidden mechanisms or dynamic events.,independent_reference_or_deterministic,H0-H5 matrix,CID budget determined by H condition,0.6,8,yes for harness-rung comparisons that do not alter executor request,,specification-only,False,required for formal certification,HIL-R2,False,False,False,False,True,"S_del(T,H); F(H,p); false_completion; false_rejection; CID; human minutes",attempts; VR; tokens; calls; tools; latency; cost,hidden/sealed assets; candidate cannot write verifier/acceptance criteria,certification-spec,
DI-TΩ-DATA_ANA-A,1.0,"Unified Intelligence / HIL Framework v1.5.1 (memory-integrated, delivered-correct delegation)",DI-Bench,DI,TΩ,HG0-HGΩ,,delegation_surface,data_analysis,TΩ,A,TΩ Open-ended charter — Data Analysis (A),Complete a data analysis task at TΩ: Bounded charter; system repeatedly identifies valuable missions and expands future reach. Variant A: clean baseline.,Run under each H0-H5 budget. Delivery/acceptance and external verifier verdict logged separately.,task artifact + evidence log + delivery status,"Delivered-and-correct under external verifier; false completion, held-back invalid, false rejection, CID and human minutes recorded.",Hidden reference/sealed environment/deterministic oracle; upper bands require hidden mechanisms or dynamic events.,independent_reference_or_deterministic,H0-H5 matrix,CID budget determined by H condition,0.6,8,yes for harness-rung comparisons that do not alter executor request,,specification-only,False,required for formal certification,HIL-R2,False,False,False,False,True,"S_del(T,H); F(H,p); false_completion; false_rejection; CID; human minutes",attempts; VR; tokens; calls; tools; latency; cost,hidden/sealed assets; candidate cannot write verifier/acceptance criteria,certification-spec,
DI-TΩ-DATA_ANA-B,1.0,"Unified Intelligence / HIL Framework v1.5.1 (memory-integrated, delivered-correct delegation)",DI-Bench,DI,TΩ,HG0-HGΩ,,delegation_surface,data_analysis,TΩ,B,TΩ Open-ended charter — Data Analysis (B),Complete a data analysis task at TΩ: Bounded charter; system repeatedly identifies valuable missions and expands future reach. Variant B: dynamic change/distractor/recovery event.,Run under each H0-H5 budget. Delivery/acceptance and external verifier verdict logged separately.,task artifact + evidence log + delivery status,"Delivered-and-correct under external verifier; false completion, held-back invalid, false rejection, CID and human minutes recorded.",Hidden reference/sealed environment/deterministic oracle; upper bands require hidden mechanisms or dynamic events.,independent_reference_or_deterministic,H0-H5 matrix,CID budget determined by H condition,0.6,8,yes for harness-rung comparisons that do not alter executor request,,specification-only,False,required for formal certification,HIL-R2,False,False,False,False,True,"S_del(T,H); F(H,p); false_completion; false_rejection; CID; human minutes",attempts; VR; tokens; calls; tools; latency; cost,hidden/sealed assets; candidate cannot write verifier/acceptance criteria,certification-spec,
DI-TΩ-SCIENTIF-A,1.0,"Unified Intelligence / HIL Framework v1.5.1 (memory-integrated, delivered-correct delegation)",DI-Bench,DI,TΩ,HG0-HGΩ,,delegation_surface,scientific_research,TΩ,A,TΩ Open-ended charter — Scientific Research (A),Complete a scientific research task at TΩ: Bounded charter; system repeatedly identifies valuable missions and expands future reach. Variant A: clean baseline.,Run under each H0-H5 budget. Delivery/acceptance and external verifier verdict logged separately.,task artifact + evidence log + delivery status,"Delivered-and-correct under external verifier; false completion, held-back invalid, false rejection, CID and human minutes recorded.",Hidden reference/sealed environment/deterministic oracle; upper bands require hidden mechanisms or dynamic events.,independent_reference_or_deterministic,H0-H5 matrix,CID budget determined by H condition,0.6,8,yes for harness-rung comparisons that do not alter executor request,,specification-only,False,required for formal certification,HIL-R2,False,False,False,False,True,"S_del(T,H); F(H,p); false_completion; false_rejection; CID; human minutes",attempts; VR; tokens; calls; tools; latency; cost,hidden/sealed assets; candidate cannot write verifier/acceptance criteria,certification-spec,
DI-TΩ-SCIENTIF-B,1.0,"Unified Intelligence / HIL Framework v1.5.1 (memory-integrated, delivered-correct delegation)",DI-Bench,DI,TΩ,HG0-HGΩ,,delegation_surface,scientific_research,TΩ,B,TΩ Open-ended charter — Scientific Research (B),Complete a scientific research task at TΩ: Bounded charter; system repeatedly identifies valuable missions and expands future reach. Variant B: dynamic change/distractor/recovery event.,Run under each H0-H5 budget. Delivery/acceptance and external verifier verdict logged separately.,task artifact + evidence log + delivery status,"Delivered-and-correct under external verifier; false completion, held-back invalid, false rejection, CID and human minutes recorded.",Hidden reference/sealed environment/deterministic oracle; upper bands require hidden mechanisms or dynamic events.,independent_reference_or_deterministic,H0-H5 matrix,CID budget determined by H condition,0.6,8,yes for harness-rung comparisons that do not alter executor request,,specification-only,False,required for formal certification,HIL-R2,False,False,False,False,True,"S_del(T,H); F(H,p); false_completion; false_rejection; CID; human minutes",attempts; VR; tokens; calls; tools; latency; cost,hidden/sealed assets; candidate cannot write verifier/acceptance criteria,certification-spec,
DI-TΩ-PLANNING-A,1.0,"Unified Intelligence / HIL Framework v1.5.1 (memory-integrated, delivered-correct delegation)",DI-Bench,DI,TΩ,HG0-HGΩ,,delegation_surface,planning_operations,TΩ,A,TΩ Open-ended charter — Planning Operations (A),Complete a planning operations task at TΩ: Bounded charter; system repeatedly identifies valuable missions and expands future reach. Variant A: clean baseline.,Run under each H0-H5 budget. Delivery/acceptance and external verifier verdict logged separately.,task artifact + evidence log + delivery status,"Delivered-and-correct under external verifier; false completion, held-back invalid, false rejection, CID and human minutes recorded.",Hidden reference/sealed environment/deterministic oracle; upper bands require hidden mechanisms or dynamic events.,independent_reference_or_deterministic,H0-H5 matrix,CID budget determined by H condition,0.6,8,yes for harness-rung comparisons that do not alter executor request,,specification-only,False,required for formal certification,HIL-R2,False,False,False,False,True,"S_del(T,H); F(H,p); false_completion; false_rejection; CID; human minutes",attempts; VR; tokens; calls; tools; latency; cost,hidden/sealed assets; candidate cannot write verifier/acceptance criteria,certification-spec,
DI-TΩ-PLANNING-B,1.0,"Unified Intelligence / HIL Framework v1.5.1 (memory-integrated, delivered-correct delegation)",DI-Bench,DI,TΩ,HG0-HGΩ,,delegation_surface,planning_operations,TΩ,B,TΩ Open-ended charter — Planning Operations (B),Complete a planning operations task at TΩ: Bounded charter; system repeatedly identifies valuable missions and expands future reach. Variant B: dynamic change/distractor/recovery event.,Run under each H0-H5 budget. Delivery/acceptance and external verifier verdict logged separately.,task artifact + evidence log + delivery status,"Delivered-and-correct under external verifier; false completion, held-back invalid, false rejection, CID and human minutes recorded.",Hidden reference/sealed environment/deterministic oracle; upper bands require hidden mechanisms or dynamic events.,independent_reference_or_deterministic,H0-H5 matrix,CID budget determined by H condition,0.6,8,yes for harness-rung comparisons that do not alter executor request,,specification-only,False,required for formal certification,HIL-R2,False,False,False,False,True,"S_del(T,H); F(H,p); false_completion; false_rejection; CID; human minutes",attempts; VR; tokens; calls; tools; latency; cost,hidden/sealed assets; candidate cannot write verifier/acceptance criteria,certification-spec,
DI-TΩ-DOCUMENT-A,1.0,"Unified Intelligence / HIL Framework v1.5.1 (memory-integrated, delivered-correct delegation)",DI-Bench,DI,TΩ,HG0-HGΩ,,delegation_surface,document_workflow,TΩ,A,TΩ Open-ended charter — Document Workflow (A),Complete a document workflow task at TΩ: Bounded charter; system repeatedly identifies valuable missions and expands future reach. Variant A: clean baseline.,Run under each H0-H5 budget. Delivery/acceptance and external verifier verdict logged separately.,task artifact + evidence log + delivery status,"Delivered-and-correct under external verifier; false completion, held-back invalid, false rejection, CID and human minutes recorded.",Hidden reference/sealed environment/deterministic oracle; upper bands require hidden mechanisms or dynamic events.,independent_reference_or_deterministic,H0-H5 matrix,CID budget determined by H condition,0.6,8,yes for harness-rung comparisons that do not alter executor request,,specification-only,False,required for formal certification,HIL-R2,False,False,False,False,True,"S_del(T,H); F(H,p); false_completion; false_rejection; CID; human minutes",attempts; VR; tokens; calls; tools; latency; cost,hidden/sealed assets; candidate cannot write verifier/acceptance criteria,certification-spec,
DI-TΩ-DOCUMENT-B,1.0,"Unified Intelligence / HIL Framework v1.5.1 (memory-integrated, delivered-correct delegation)",DI-Bench,DI,TΩ,HG0-HGΩ,,delegation_surface,document_workflow,TΩ,B,TΩ Open-ended charter — Document Workflow (B),Complete a document workflow task at TΩ: Bounded charter; system repeatedly identifies valuable missions and expands future reach. Variant B: dynamic change/distractor/recovery event.,Run under each H0-H5 budget. Delivery/acceptance and external verifier verdict logged separately.,task artifact + evidence log + delivery status,"Delivered-and-correct under external verifier; false completion, held-back invalid, false rejection, CID and human minutes recorded.",Hidden reference/sealed environment/deterministic oracle; upper bands require hidden mechanisms or dynamic events.,independent_reference_or_deterministic,H0-H5 matrix,CID budget determined by H condition,0.6,8,yes for harness-rung comparisons that do not alter executor request,,specification-only,False,required for formal certification,HIL-R2,False,False,False,False,True,"S_del(T,H); F(H,p); false_completion; false_rejection; CID; human minutes",attempts; VR; tokens; calls; tools; latency; cost,hidden/sealed assets; candidate cannot write verifier/acceptance criteria,certification-spec,
DI-TΩ-TOOL_CAL-A,1.0,"Unified Intelligence / HIL Framework v1.5.1 (memory-integrated, delivered-correct delegation)",DI-Bench,DI,TΩ,HG0-HGΩ,,delegation_surface,tool_calling,TΩ,A,TΩ Open-ended charter — Tool Calling (A),Complete a tool calling task at TΩ: Bounded charter; system repeatedly identifies valuable missions and expands future reach. Variant A: clean baseline.,Run under each H0-H5 budget. Delivery/acceptance and external verifier verdict logged separately.,task artifact + evidence log + delivery status,"Delivered-and-correct under external verifier; false completion, held-back invalid, false rejection, CID and human minutes recorded.",Hidden reference/sealed environment/deterministic oracle; upper bands require hidden mechanisms or dynamic events.,independent_reference_or_deterministic,H0-H5 matrix,CID budget determined by H condition,0.6,8,yes for harness-rung comparisons that do not alter executor request,,specification-only,False,required for formal certification,HIL-R2,False,False,False,False,True,"S_del(T,H); F(H,p); false_completion; false_rejection; CID; human minutes",attempts; VR; tokens; calls; tools; latency; cost,hidden/sealed assets; candidate cannot write verifier/acceptance criteria,certification-spec,
DI-TΩ-TOOL_CAL-B,1.0,"Unified Intelligence / HIL Framework v1.5.1 (memory-integrated, delivered-correct delegation)",DI-Bench,DI,TΩ,HG0-HGΩ,,delegation_surface,tool_calling,TΩ,B,TΩ Open-ended charter — Tool Calling (B),Complete a tool calling task at TΩ: Bounded charter; system repeatedly identifies valuable missions and expands future reach. Variant B: dynamic change/distractor/recovery event.,Run under each H0-H5 budget. Delivery/acceptance and external verifier verdict logged separately.,task artifact + evidence log + delivery status,"Delivered-and-correct under external verifier; false completion, held-back invalid, false rejection, CID and human minutes recorded.",Hidden reference/sealed environment/deterministic oracle; upper bands require hidden mechanisms or dynamic events.,independent_reference_or_deterministic,H0-H5 matrix,CID budget determined by H condition,0.6,8,yes for harness-rung comparisons that do not alter executor request,,specification-only,False,required for formal certification,HIL-R2,False,False,False,False,True,"S_del(T,H); F(H,p); false_completion; false_rejection; CID; human minutes",attempts; VR; tokens; calls; tools; latency; cost,hidden/sealed assets; candidate cannot write verifier/acceptance criteria,certification-spec,
DI-TΩ-BROWSER_-A,1.0,"Unified Intelligence / HIL Framework v1.5.1 (memory-integrated, delivered-correct delegation)",DI-Bench,DI,TΩ,HG0-HGΩ,,delegation_surface,browser_research,TΩ,A,TΩ Open-ended charter — Browser Research (A),Complete a browser research task at TΩ: Bounded charter; system repeatedly identifies valuable missions and expands future reach. Variant A: clean baseline.,Run under each H0-H5 budget. Delivery/acceptance and external verifier verdict logged separately.,task artifact + evidence log + delivery status,"Delivered-and-correct under external verifier; false completion, held-back invalid, false rejection, CID and human minutes recorded.",Hidden reference/sealed environment/deterministic oracle; upper bands require hidden mechanisms or dynamic events.,independent_reference_or_deterministic,H0-H5 matrix,CID budget determined by H condition,0.6,8,yes for harness-rung comparisons that do not alter executor request,,specification-only,False,required for formal certification,HIL-R2,False,False,False,False,True,"S_del(T,H); F(H,p); false_completion; false_rejection; CID; human minutes",attempts; VR; tokens; calls; tools; latency; cost,hidden/sealed assets; candidate cannot write verifier/acceptance criteria,certification-spec,
DI-TΩ-BROWSER_-B,1.0,"Unified Intelligence / HIL Framework v1.5.1 (memory-integrated, delivered-correct delegation)",DI-Bench,DI,TΩ,HG0-HGΩ,,delegation_surface,browser_research,TΩ,B,TΩ Open-ended charter — Browser Research (B),Complete a browser research task at TΩ: Bounded charter; system repeatedly identifies valuable missions and expands future reach. Variant B: dynamic change/distractor/recovery event.,Run under each H0-H5 budget. Delivery/acceptance and external verifier verdict logged separately.,task artifact + evidence log + delivery status,"Delivered-and-correct under external verifier; false completion, held-back invalid, false rejection, CID and human minutes recorded.",Hidden reference/sealed environment/deterministic oracle; upper bands require hidden mechanisms or dynamic events.,independent_reference_or_deterministic,H0-H5 matrix,CID budget determined by H condition,0.6,8,yes for harness-rung comparisons that do not alter executor request,,specification-only,False,required for formal certification,HIL-R2,False,False,False,False,True,"S_del(T,H); F(H,p); false_completion; false_rejection; CID; human minutes",attempts; VR; tokens; calls; tools; latency; cost,hidden/sealed assets; candidate cannot write verifier/acceptance criteria,certification-spec,
DI-TΩ-COMPUTER-A,1.0,"Unified Intelligence / HIL Framework v1.5.1 (memory-integrated, delivered-correct delegation)",DI-Bench,DI,TΩ,HG0-HGΩ,,delegation_surface,computer_use,TΩ,A,TΩ Open-ended charter — Computer Use (A),Complete a computer use task at TΩ: Bounded charter; system repeatedly identifies valuable missions and expands future reach. Variant A: clean baseline.,Run under each H0-H5 budget. Delivery/acceptance and external verifier verdict logged separately.,task artifact + evidence log + delivery status,"Delivered-and-correct under external verifier; false completion, held-back invalid, false rejection, CID and human minutes recorded.",Hidden reference/sealed environment/deterministic oracle; upper bands require hidden mechanisms or dynamic events.,independent_reference_or_deterministic,H0-H5 matrix,CID budget determined by H condition,0.6,8,yes for harness-rung comparisons that do not alter executor request,,specification-only,False,required for formal certification,HIL-R2,False,False,False,False,True,"S_del(T,H); F(H,p); false_completion; false_rejection; CID; human minutes",attempts; VR; tokens; calls; tools; latency; cost,hidden/sealed assets; candidate cannot write verifier/acceptance criteria,certification-spec,
DI-TΩ-COMPUTER-B,1.0,"Unified Intelligence / HIL Framework v1.5.1 (memory-integrated, delivered-correct delegation)",DI-Bench,DI,TΩ,HG0-HGΩ,,delegation_surface,computer_use,TΩ,B,TΩ Open-ended charter — Computer Use (B),Complete a computer use task at TΩ: Bounded charter; system repeatedly identifies valuable missions and expands future reach. Variant B: dynamic change/distractor/recovery event.,Run under each H0-H5 budget. Delivery/acceptance and external verifier verdict logged separately.,task artifact + evidence log + delivery status,"Delivered-and-correct under external verifier; false completion, held-back invalid, false rejection, CID and human minutes recorded.",Hidden reference/sealed environment/deterministic oracle; upper bands require hidden mechanisms or dynamic events.,independent_reference_or_deterministic,H0-H5 matrix,CID budget determined by H condition,0.6,8,yes for harness-rung comparisons that do not alter executor request,,specification-only,False,required for formal certification,HIL-R2,False,False,False,False,True,"S_del(T,H); F(H,p); false_completion; false_rejection; CID; human minutes",attempts; VR; tokens; calls; tools; latency; cost,hidden/sealed assets; candidate cannot write verifier/acceptance criteria,certification-spec,
DI-TΩ-MULTIMOD-A,1.0,"Unified Intelligence / HIL Framework v1.5.1 (memory-integrated, delivered-correct delegation)",DI-Bench,DI,TΩ,HG0-HGΩ,,delegation_surface,multimodal_reasoning,TΩ,A,TΩ Open-ended charter — Multimodal Reasoning (A),Complete a multimodal reasoning task at TΩ: Bounded charter; system repeatedly identifies valuable missions and expands future reach. Variant A: clean baseline.,Run under each H0-H5 budget. Delivery/acceptance and external verifier verdict logged separately.,task artifact + evidence log + delivery status,"Delivered-and-correct under external verifier; false completion, held-back invalid, false rejection, CID and human minutes recorded.",Hidden reference/sealed environment/deterministic oracle; upper bands require hidden mechanisms or dynamic events.,independent_reference_or_deterministic,H0-H5 matrix,CID budget determined by H condition,0.6,8,yes for harness-rung comparisons that do not alter executor request,,specification-only,False,required for formal certification,HIL-R2,False,False,False,False,True,"S_del(T,H); F(H,p); false_completion; false_rejection; CID; human minutes",attempts; VR; tokens; calls; tools; latency; cost,hidden/sealed assets; candidate cannot write verifier/acceptance criteria,certification-spec,
DI-TΩ-MULTIMOD-B,1.0,"Unified Intelligence / HIL Framework v1.5.1 (memory-integrated, delivered-correct delegation)",DI-Bench,DI,TΩ,HG0-HGΩ,,delegation_surface,multimodal_reasoning,TΩ,B,TΩ Open-ended charter — Multimodal Reasoning (B),Complete a multimodal reasoning task at TΩ: Bounded charter; system repeatedly identifies valuable missions and expands future reach. Variant B: dynamic change/distractor/recovery event.,Run under each H0-H5 budget. Delivery/acceptance and external verifier verdict logged separately.,task artifact + evidence log + delivery status,"Delivered-and-correct under external verifier; false completion, held-back invalid, false rejection, CID and human minutes recorded.",Hidden reference/sealed environment/deterministic oracle; upper bands require hidden mechanisms or dynamic events.,independent_reference_or_deterministic,H0-H5 matrix,CID budget determined by H condition,0.6,8,yes for harness-rung comparisons that do not alter executor request,,specification-only,False,required for formal certification,HIL-R2,False,False,False,False,True,"S_del(T,H); F(H,p); false_completion; false_rejection; CID; human minutes",attempts; VR; tokens; calls; tools; latency; cost,hidden/sealed assets; candidate cannot write verifier/acceptance criteria,certification-spec,
DI-TΩ-LONG_RUN-A,1.0,"Unified Intelligence / HIL Framework v1.5.1 (memory-integrated, delivered-correct delegation)",DI-Bench,DI,TΩ,HG0-HGΩ,,delegation_surface,long_running_admin,TΩ,A,TΩ Open-ended charter — Long Running Admin (A),Complete a long running admin task at TΩ: Bounded charter; system repeatedly identifies valuable missions and expands future reach. Variant A: clean baseline.,Run under each H0-H5 budget. Delivery/acceptance and external verifier verdict logged separately.,task artifact + evidence log + delivery status,"Delivered-and-correct under external verifier; false completion, held-back invalid, false rejection, CID and human minutes recorded.",Hidden reference/sealed environment/deterministic oracle; upper bands require hidden mechanisms or dynamic events.,independent_reference_or_deterministic,H0-H5 matrix,CID budget determined by H condition,0.6,8,yes for harness-rung comparisons that do not alter executor request,,specification-only,False,required for formal certification,HIL-R2,False,False,False,False,True,"S_del(T,H); F(H,p); false_completion; false_rejection; CID; human minutes",attempts; VR; tokens; calls; tools; latency; cost,hidden/sealed assets; candidate cannot write verifier/acceptance criteria,certification-spec,
DI-TΩ-LONG_RUN-B,1.0,"Unified Intelligence / HIL Framework v1.5.1 (memory-integrated, delivered-correct delegation)",DI-Bench,DI,TΩ,HG0-HGΩ,,delegation_surface,long_running_admin,TΩ,B,TΩ Open-ended charter — Long Running Admin (B),Complete a long running admin task at TΩ: Bounded charter; system repeatedly identifies valuable missions and expands future reach. Variant B: dynamic change/distractor/recovery event.,Run under each H0-H5 budget. Delivery/acceptance and external verifier verdict logged separately.,task artifact + evidence log + delivery status,"Delivered-and-correct under external verifier; false completion, held-back invalid, false rejection, CID and human minutes recorded.",Hidden reference/sealed environment/deterministic oracle; upper bands require hidden mechanisms or dynamic events.,independent_reference_or_deterministic,H0-H5 matrix,CID budget determined by H condition,0.6,8,yes for harness-rung comparisons that do not alter executor request,,specification-only,False,required for formal certification,HIL-R2,False,False,False,False,True,"S_del(T,H); F(H,p); false_completion; false_rejection; CID; human minutes",attempts; VR; tokens; calls; tools; latency; cost,hidden/sealed assets; candidate cannot write verifier/acceptance criteria,certification-spec,
U-U0-NEW_GATE,1.0,"Unified Intelligence / HIL Framework v1.5.1 (memory-integrated, delivered-correct delegation)",U-Bench,U,U0,HG0,U0,new_gate,unified_certification,T0,A,U0 Reactive — New Gate,"Certify U0 by gated promotion. Required: C0, I0, O0, T0 at H5-H4, SA0; p=0.95.",Run lower-level retention plus new gate; singleton omits O rather than zeroing it.,"coordinate scorecard, verifier evidence, retention, bottleneck declaration",All applicable U0 gates and lower retention pass; no dimension hidden by average.,Cross-coordinate case contains a potential bottleneck.,independent_reference_or_deterministic,H1,CID1,0.95,8,no,U0 through U0,specification-only,False,required for formal certification,HIL-R2,False,False,False,False,False,gate pass/fail; bottleneck; retention; component achievements,HLIS; resources; confidence intervals,hidden/sealed assets; candidate cannot write verifier/acceptance criteria,certification-spec,
U-U0-RETENTION,1.0,"Unified Intelligence / HIL Framework v1.5.1 (memory-integrated, delivered-correct delegation)",U-Bench,U,U0,HG0,U0,retention,unified_certification,T0,A,U0 Reactive — Retention,"Certify U0 by gated promotion. Required: C0, I0, O0, T0 at H5-H4, SA0; p=0.95.",Run lower-level retention plus new gate; singleton omits O rather than zeroing it.,"coordinate scorecard, verifier evidence, retention, bottleneck declaration",All applicable U0 gates and lower retention pass; no dimension hidden by average.,Cross-coordinate case contains a potential bottleneck.,independent_reference_or_deterministic,H1,CID1,0.95,8,no,U0 through U0,specification-only,False,required for formal certification,HIL-R2,False,False,False,False,False,gate pass/fail; bottleneck; retention; component achievements,HLIS; resources; confidence intervals,hidden/sealed assets; candidate cannot write verifier/acceptance criteria,certification-spec,
U-U0-BOTTLENECK,1.0,"Unified Intelligence / HIL Framework v1.5.1 (memory-integrated, delivered-correct delegation)",U-Bench,U,U0,HG0,U0,bottleneck,unified_certification,T0,A,U0 Reactive — Bottleneck,"Certify U0 by gated promotion. Required: C0, I0, O0, T0 at H5-H4, SA0; p=0.95.",Run lower-level retention plus new gate; singleton omits O rather than zeroing it.,"coordinate scorecard, verifier evidence, retention, bottleneck declaration",All applicable U0 gates and lower retention pass; no dimension hidden by average.,Cross-coordinate case contains a potential bottleneck.,independent_reference_or_deterministic,H1,CID1,0.95,8,no,U0 through U0,specification-only,False,required for formal certification,HIL-R2,False,False,False,False,False,gate pass/fail; bottleneck; retention; component achievements,HLIS; resources; confidence intervals,hidden/sealed assets; candidate cannot write verifier/acceptance criteria,certification-spec,
U-U0-CROSS_COORDINATE,1.0,"Unified Intelligence / HIL Framework v1.5.1 (memory-integrated, delivered-correct delegation)",U-Bench,U,U0,HG0,U0,cross_coordinate,unified_certification,T0,A,U0 Reactive — Cross Coordinate,"Certify U0 by gated promotion. Required: C0, I0, O0, T0 at H5-H4, SA0; p=0.95.",Run lower-level retention plus new gate; singleton omits O rather than zeroing it.,"coordinate scorecard, verifier evidence, retention, bottleneck declaration",All applicable U0 gates and lower retention pass; no dimension hidden by average.,Cross-coordinate case contains a potential bottleneck.,independent_reference_or_deterministic,H1,CID1,0.95,8,no,U0 through U0,specification-only,False,required for formal certification,HIL-R2,False,False,False,False,False,gate pass/fail; bottleneck; retention; component achievements,HLIS; resources; confidence intervals,hidden/sealed assets; candidate cannot write verifier/acceptance criteria,certification-spec,
U-U1-NEW_GATE,1.0,"Unified Intelligence / HIL Framework v1.5.1 (memory-integrated, delivered-correct delegation)",U-Bench,U,U1,HG1,U1,new_gate,unified_certification,T1,A,U1 Persistent — New Gate,"Certify U1 by gated promotion. Required: C1, I1, O1, T1 at <=H3, SA1; p=0.90.",Run lower-level retention plus new gate; singleton omits O rather than zeroing it.,"coordinate scorecard, verifier evidence, retention, bottleneck declaration",All applicable U1 gates and lower retention pass; no dimension hidden by average.,Cross-coordinate case contains a potential bottleneck.,independent_reference_or_deterministic,H1,CID1,0.9,8,no,U0 through U1,specification-only,False,required for formal certification,HIL-R2,True,False,False,False,False,gate pass/fail; bottleneck; retention; component achievements,HLIS; resources; confidence intervals,hidden/sealed assets; candidate cannot write verifier/acceptance criteria,certification-spec,
U-U1-RETENTION,1.0,"Unified Intelligence / HIL Framework v1.5.1 (memory-integrated, delivered-correct delegation)",U-Bench,U,U1,HG1,U1,retention,unified_certification,T1,A,U1 Persistent — Retention,"Certify U1 by gated promotion. Required: C1, I1, O1, T1 at <=H3, SA1; p=0.90.",Run lower-level retention plus new gate; singleton omits O rather than zeroing it.,"coordinate scorecard, verifier evidence, retention, bottleneck declaration",All applicable U1 gates and lower retention pass; no dimension hidden by average.,Cross-coordinate case contains a potential bottleneck.,independent_reference_or_deterministic,H1,CID1,0.9,8,no,U0 through U1,specification-only,False,required for formal certification,HIL-R2,True,False,False,False,False,gate pass/fail; bottleneck; retention; component achievements,HLIS; resources; confidence intervals,hidden/sealed assets; candidate cannot write verifier/acceptance criteria,certification-spec,
U-U1-BOTTLENECK,1.0,"Unified Intelligence / HIL Framework v1.5.1 (memory-integrated, delivered-correct delegation)",U-Bench,U,U1,HG1,U1,bottleneck,unified_certification,T1,A,U1 Persistent — Bottleneck,"Certify U1 by gated promotion. Required: C1, I1, O1, T1 at <=H3, SA1; p=0.90.",Run lower-level retention plus new gate; singleton omits O rather than zeroing it.,"coordinate scorecard, verifier evidence, retention, bottleneck declaration",All applicable U1 gates and lower retention pass; no dimension hidden by average.,Cross-coordinate case contains a potential bottleneck.,independent_reference_or_deterministic,H1,CID1,0.9,8,no,U0 through U1,specification-only,False,required for formal certification,HIL-R2,True,False,False,False,False,gate pass/fail; bottleneck; retention; component achievements,HLIS; resources; confidence intervals,hidden/sealed assets; candidate cannot write verifier/acceptance criteria,certification-spec,
U-U1-CROSS_COORDINATE,1.0,"Unified Intelligence / HIL Framework v1.5.1 (memory-integrated, delivered-correct delegation)",U-Bench,U,U1,HG1,U1,cross_coordinate,unified_certification,T1,A,U1 Persistent — Cross Coordinate,"Certify U1 by gated promotion. Required: C1, I1, O1, T1 at <=H3, SA1; p=0.90.",Run lower-level retention plus new gate; singleton omits O rather than zeroing it.,"coordinate scorecard, verifier evidence, retention, bottleneck declaration",All applicable U1 gates and lower retention pass; no dimension hidden by average.,Cross-coordinate case contains a potential bottleneck.,independent_reference_or_deterministic,H1,CID1,0.9,8,no,U0 through U1,specification-only,False,required for formal certification,HIL-R2,True,False,False,False,False,gate pass/fail; bottleneck; retention; component achievements,HLIS; resources; confidence intervals,hidden/sealed assets; candidate cannot write verifier/acceptance criteria,certification-spec,
U-U2-NEW_GATE,1.0,"Unified Intelligence / HIL Framework v1.5.1 (memory-integrated, delivered-correct delegation)",U-Bench,U,U2,HG2,U2,new_gate,unified_certification,T2,A,U2 Adaptive — New Gate,"Certify U2 by gated promotion. Required: C2, I2, O2, T2 at <=H2, SA2; p=0.85.",Run lower-level retention plus new gate; singleton omits O rather than zeroing it.,"coordinate scorecard, verifier evidence, retention, bottleneck declaration",All applicable U2 gates and lower retention pass; no dimension hidden by average.,Cross-coordinate case contains a potential bottleneck.,independent_reference_or_deterministic,H1,CID1,0.85,8,no,U0 through U2,specification-only,False,required for formal certification,HIL-R2,True,False,True,False,False,gate pass/fail; bottleneck; retention; component achievements,HLIS; resources; confidence intervals,hidden/sealed assets; candidate cannot write verifier/acceptance criteria,certification-spec,
U-U2-RETENTION,1.0,"Unified Intelligence / HIL Framework v1.5.1 (memory-integrated, delivered-correct delegation)",U-Bench,U,U2,HG2,U2,retention,unified_certification,T2,A,U2 Adaptive — Retention,"Certify U2 by gated promotion. Required: C2, I2, O2, T2 at <=H2, SA2; p=0.85.",Run lower-level retention plus new gate; singleton omits O rather than zeroing it.,"coordinate scorecard, verifier evidence, retention, bottleneck declaration",All applicable U2 gates and lower retention pass; no dimension hidden by average.,Cross-coordinate case contains a potential bottleneck.,independent_reference_or_deterministic,H1,CID1,0.85,8,no,U0 through U2,specification-only,False,required for formal certification,HIL-R2,True,False,True,False,False,gate pass/fail; bottleneck; retention; component achievements,HLIS; resources; confidence intervals,hidden/sealed assets; candidate cannot write verifier/acceptance criteria,certification-spec,
U-U2-BOTTLENECK,1.0,"Unified Intelligence / HIL Framework v1.5.1 (memory-integrated, delivered-correct delegation)",U-Bench,U,U2,HG2,U2,bottleneck,unified_certification,T2,A,U2 Adaptive — Bottleneck,"Certify U2 by gated promotion. Required: C2, I2, O2, T2 at <=H2, SA2; p=0.85.",Run lower-level retention plus new gate; singleton omits O rather than zeroing it.,"coordinate scorecard, verifier evidence, retention, bottleneck declaration",All applicable U2 gates and lower retention pass; no dimension hidden by average.,Cross-coordinate case contains a potential bottleneck.,independent_reference_or_deterministic,H1,CID1,0.85,8,no,U0 through U2,specification-only,False,required for formal certification,HIL-R2,True,False,True,False,False,gate pass/fail; bottleneck; retention; component achievements,HLIS; resources; confidence intervals,hidden/sealed assets; candidate cannot write verifier/acceptance criteria,certification-spec,
U-U2-CROSS_COORDINATE,1.0,"Unified Intelligence / HIL Framework v1.5.1 (memory-integrated, delivered-correct delegation)",U-Bench,U,U2,HG2,U2,cross_coordinate,unified_certification,T2,A,U2 Adaptive — Cross Coordinate,"Certify U2 by gated promotion. Required: C2, I2, O2, T2 at <=H2, SA2; p=0.85.",Run lower-level retention plus new gate; singleton omits O rather than zeroing it.,"coordinate scorecard, verifier evidence, retention, bottleneck declaration",All applicable U2 gates and lower retention pass; no dimension hidden by average.,Cross-coordinate case contains a potential bottleneck.,independent_reference_or_deterministic,H1,CID1,0.85,8,no,U0 through U2,specification-only,False,required for formal certification,HIL-R2,True,True,True,False,False,gate pass/fail; bottleneck; retention; component achievements,HLIS; resources; confidence intervals,hidden/sealed assets; candidate cannot write verifier/acceptance criteria,certification-spec,
U-U3-NEW_GATE,1.0,"Unified Intelligence / HIL Framework v1.5.1 (memory-integrated, delivered-correct delegation)",U-Bench,U,U3,HG3,U3,new_gate,unified_certification,T3,A,U3 Self-Improving — New Gate,"Certify U3 by gated promotion. Required: C3, I3, O3, T3 at <=H1, SA3; p=0.80.",Run lower-level retention plus new gate; singleton omits O rather than zeroing it.,"coordinate scorecard, verifier evidence, retention, bottleneck declaration",All applicable U3 gates and lower retention pass; no dimension hidden by average.,Cross-coordinate case contains a potential bottleneck.,independent_reference_or_deterministic,H1,CID1,0.8,8,no,U0 through U3,specification-only,False,required for formal certification,HIL-R2,True,False,True,True,False,gate pass/fail; bottleneck; retention; component achievements,HLIS; resources; confidence intervals,hidden/sealed assets; candidate cannot write verifier/acceptance criteria,certification-spec,
U-U3-RETENTION,1.0,"Unified Intelligence / HIL Framework v1.5.1 (memory-integrated, delivered-correct delegation)",U-Bench,U,U3,HG3,U3,retention,unified_certification,T3,A,U3 Self-Improving — Retention,"Certify U3 by gated promotion. Required: C3, I3, O3, T3 at <=H1, SA3; p=0.80.",Run lower-level retention plus new gate; singleton omits O rather than zeroing it.,"coordinate scorecard, verifier evidence, retention, bottleneck declaration",All applicable U3 gates and lower retention pass; no dimension hidden by average.,Cross-coordinate case contains a potential bottleneck.,independent_reference_or_deterministic,H1,CID1,0.8,8,no,U0 through U3,specification-only,False,required for formal certification,HIL-R2,True,False,True,True,False,gate pass/fail; bottleneck; retention; component achievements,HLIS; resources; confidence intervals,hidden/sealed assets; candidate cannot write verifier/acceptance criteria,certification-spec,
U-U3-BOTTLENECK,1.0,"Unified Intelligence / HIL Framework v1.5.1 (memory-integrated, delivered-correct delegation)",U-Bench,U,U3,HG3,U3,bottleneck,unified_certification,T3,A,U3 Self-Improving — Bottleneck,"Certify U3 by gated promotion. Required: C3, I3, O3, T3 at <=H1, SA3; p=0.80.",Run lower-level retention plus new gate; singleton omits O rather than zeroing it.,"coordinate scorecard, verifier evidence, retention, bottleneck declaration",All applicable U3 gates and lower retention pass; no dimension hidden by average.,Cross-coordinate case contains a potential bottleneck.,independent_reference_or_deterministic,H1,CID1,0.8,8,no,U0 through U3,specification-only,False,required for formal certification,HIL-R2,True,False,True,True,False,gate pass/fail; bottleneck; retention; component achievements,HLIS; resources; confidence intervals,hidden/sealed assets; candidate cannot write verifier/acceptance criteria,certification-spec,
U-U3-CROSS_COORDINATE,1.0,"Unified Intelligence / HIL Framework v1.5.1 (memory-integrated, delivered-correct delegation)",U-Bench,U,U3,HG3,U3,cross_coordinate,unified_certification,T3,A,U3 Self-Improving — Cross Coordinate,"Certify U3 by gated promotion. Required: C3, I3, O3, T3 at <=H1, SA3; p=0.80.",Run lower-level retention plus new gate; singleton omits O rather than zeroing it.,"coordinate scorecard, verifier evidence, retention, bottleneck declaration",All applicable U3 gates and lower retention pass; no dimension hidden by average.,Cross-coordinate case contains a potential bottleneck.,independent_reference_or_deterministic,H1,CID1,0.8,8,no,U0 through U3,specification-only,False,required for formal certification,HIL-R2,True,True,True,True,False,gate pass/fail; bottleneck; retention; component achievements,HLIS; resources; confidence intervals,hidden/sealed assets; candidate cannot write verifier/acceptance criteria,certification-spec,
U-U4-NEW_GATE,1.0,"Unified Intelligence / HIL Framework v1.5.1 (memory-integrated, delivered-correct delegation)",U-Bench,U,U4,HG4,U4,new_gate,unified_certification,T4,A,U4 Recursive — New Gate,"Certify U4 by gated promotion. Required: C4, I4, O4, T4 at <=H1 (prefer H0), SA4; p=0.80.",Run lower-level retention plus new gate; singleton omits O rather than zeroing it.,"coordinate scorecard, verifier evidence, retention, bottleneck declaration",All applicable U4 gates and lower retention pass; no dimension hidden by average.,Cross-coordinate case contains a potential bottleneck.,independent_reference_or_deterministic,H1,CID1,0.8,8,no,U0 through U4,specification-only,False,required for formal certification,HIL-R2,True,False,True,True,False,gate pass/fail; bottleneck; retention; component achievements,HLIS; resources; confidence intervals,hidden/sealed assets; candidate cannot write verifier/acceptance criteria,certification-spec,
U-U4-RETENTION,1.0,"Unified Intelligence / HIL Framework v1.5.1 (memory-integrated, delivered-correct delegation)",U-Bench,U,U4,HG4,U4,retention,unified_certification,T4,A,U4 Recursive — Retention,"Certify U4 by gated promotion. Required: C4, I4, O4, T4 at <=H1 (prefer H0), SA4; p=0.80.",Run lower-level retention plus new gate; singleton omits O rather than zeroing it.,"coordinate scorecard, verifier evidence, retention, bottleneck declaration",All applicable U4 gates and lower retention pass; no dimension hidden by average.,Cross-coordinate case contains a potential bottleneck.,independent_reference_or_deterministic,H1,CID1,0.8,8,no,U0 through U4,specification-only,False,required for formal certification,HIL-R2,True,False,True,True,False,gate pass/fail; bottleneck; retention; component achievements,HLIS; resources; confidence intervals,hidden/sealed assets; candidate cannot write verifier/acceptance criteria,certification-spec,
U-U4-BOTTLENECK,1.0,"Unified Intelligence / HIL Framework v1.5.1 (memory-integrated, delivered-correct delegation)",U-Bench,U,U4,HG4,U4,bottleneck,unified_certification,T4,A,U4 Recursive — Bottleneck,"Certify U4 by gated promotion. Required: C4, I4, O4, T4 at <=H1 (prefer H0), SA4; p=0.80.",Run lower-level retention plus new gate; singleton omits O rather than zeroing it.,"coordinate scorecard, verifier evidence, retention, bottleneck declaration",All applicable U4 gates and lower retention pass; no dimension hidden by average.,Cross-coordinate case contains a potential bottleneck.,independent_reference_or_deterministic,H1,CID1,0.8,8,no,U0 through U4,specification-only,False,required for formal certification,HIL-R2,True,False,True,True,False,gate pass/fail; bottleneck; retention; component achievements,HLIS; resources; confidence intervals,hidden/sealed assets; candidate cannot write verifier/acceptance criteria,certification-spec,
U-U4-CROSS_COORDINATE,1.0,"Unified Intelligence / HIL Framework v1.5.1 (memory-integrated, delivered-correct delegation)",U-Bench,U,U4,HG4,U4,cross_coordinate,unified_certification,T4,A,U4 Recursive — Cross Coordinate,"Certify U4 by gated promotion. Required: C4, I4, O4, T4 at <=H1 (prefer H0), SA4; p=0.80.",Run lower-level retention plus new gate; singleton omits O rather than zeroing it.,"coordinate scorecard, verifier evidence, retention, bottleneck declaration",All applicable U4 gates and lower retention pass; no dimension hidden by average.,Cross-coordinate case contains a potential bottleneck.,independent_reference_or_deterministic,H1,CID1,0.8,8,no,U0 through U4,specification-only,False,required for formal certification,HIL-R2,True,True,True,True,False,gate pass/fail; bottleneck; retention; component achievements,HLIS; resources; confidence intervals,hidden/sealed assets; candidate cannot write verifier/acceptance criteria,certification-spec,
U-U5-NEW_GATE,1.0,"Unified Intelligence / HIL Framework v1.5.1 (memory-integrated, delivered-correct delegation)",U-Bench,U,U5,HG5,U5,new_gate,unified_certification,T5,A,U5 Discovery — New Gate,"Certify U5 by gated promotion. Required: C5, I5, O5, T5 at <=H1, SA5; p=0.70.",Run lower-level retention plus new gate; singleton omits O rather than zeroing it.,"coordinate scorecard, verifier evidence, retention, bottleneck declaration",All applicable U5 gates and lower retention pass; no dimension hidden by average.,Cross-coordinate case contains a potential bottleneck.,independent_reference_or_deterministic,H1,CID1,0.7,8,no,U0 through U5,specification-only,False,required for formal certification,HIL-R2,True,False,True,False,True,gate pass/fail; bottleneck; retention; component achievements,HLIS; resources; confidence intervals,hidden/sealed assets; candidate cannot write verifier/acceptance criteria,certification-spec,
U-U5-RETENTION,1.0,"Unified Intelligence / HIL Framework v1.5.1 (memory-integrated, delivered-correct delegation)",U-Bench,U,U5,HG5,U5,retention,unified_certification,T5,A,U5 Discovery — Retention,"Certify U5 by gated promotion. Required: C5, I5, O5, T5 at <=H1, SA5; p=0.70.",Run lower-level retention plus new gate; singleton omits O rather than zeroing it.,"coordinate scorecard, verifier evidence, retention, bottleneck declaration",All applicable U5 gates and lower retention pass; no dimension hidden by average.,Cross-coordinate case contains a potential bottleneck.,independent_reference_or_deterministic,H1,CID1,0.7,8,no,U0 through U5,specification-only,False,required for formal certification,HIL-R2,True,False,True,False,True,gate pass/fail; bottleneck; retention; component achievements,HLIS; resources; confidence intervals,hidden/sealed assets; candidate cannot write verifier/acceptance criteria,certification-spec,
U-U5-BOTTLENECK,1.0,"Unified Intelligence / HIL Framework v1.5.1 (memory-integrated, delivered-correct delegation)",U-Bench,U,U5,HG5,U5,bottleneck,unified_certification,T5,A,U5 Discovery — Bottleneck,"Certify U5 by gated promotion. Required: C5, I5, O5, T5 at <=H1, SA5; p=0.70.",Run lower-level retention plus new gate; singleton omits O rather than zeroing it.,"coordinate scorecard, verifier evidence, retention, bottleneck declaration",All applicable U5 gates and lower retention pass; no dimension hidden by average.,Cross-coordinate case contains a potential bottleneck.,independent_reference_or_deterministic,H1,CID1,0.7,8,no,U0 through U5,specification-only,False,required for formal certification,HIL-R2,True,False,True,False,True,gate pass/fail; bottleneck; retention; component achievements,HLIS; resources; confidence intervals,hidden/sealed assets; candidate cannot write verifier/acceptance criteria,certification-spec,
U-U5-CROSS_COORDINATE,1.0,"Unified Intelligence / HIL Framework v1.5.1 (memory-integrated, delivered-correct delegation)",U-Bench,U,U5,HG5,U5,cross_coordinate,unified_certification,T5,A,U5 Discovery — Cross Coordinate,"Certify U5 by gated promotion. Required: C5, I5, O5, T5 at <=H1, SA5; p=0.70.",Run lower-level retention plus new gate; singleton omits O rather than zeroing it.,"coordinate scorecard, verifier evidence, retention, bottleneck declaration",All applicable U5 gates and lower retention pass; no dimension hidden by average.,Cross-coordinate case contains a potential bottleneck.,independent_reference_or_deterministic,H1,CID1,0.7,8,no,U0 through U5,specification-only,False,required for formal certification,HIL-R2,True,True,True,False,True,gate pass/fail; bottleneck; retention; component achievements,HLIS; resources; confidence intervals,hidden/sealed assets; candidate cannot write verifier/acceptance criteria,certification-spec,
U-U6-NEW_GATE,1.0,"Unified Intelligence / HIL Framework v1.5.1 (memory-integrated, delivered-correct delegation)",U-Bench,U,U6,HG6,U6,new_gate,unified_certification,T6,A,U6 Mission Autonomous — New Gate,"Certify U6 by gated promotion. Required: >=C5, >=I5, >=O5, T6 at <=H1, SA6; p=0.70.",Run lower-level retention plus new gate; singleton omits O rather than zeroing it.,"coordinate scorecard, verifier evidence, retention, bottleneck declaration",All applicable U6 gates and lower retention pass; no dimension hidden by average.,Cross-coordinate case contains a potential bottleneck.,independent_reference_or_deterministic,H1,CID1,0.7,8,no,U0 through U6,specification-only,False,required for formal certification,HIL-R2,True,False,True,False,True,gate pass/fail; bottleneck; retention; component achievements,HLIS; resources; confidence intervals,hidden/sealed assets; candidate cannot write verifier/acceptance criteria,certification-spec,
U-U6-RETENTION,1.0,"Unified Intelligence / HIL Framework v1.5.1 (memory-integrated, delivered-correct delegation)",U-Bench,U,U6,HG6,U6,retention,unified_certification,T6,A,U6 Mission Autonomous — Retention,"Certify U6 by gated promotion. Required: >=C5, >=I5, >=O5, T6 at <=H1, SA6; p=0.70.",Run lower-level retention plus new gate; singleton omits O rather than zeroing it.,"coordinate scorecard, verifier evidence, retention, bottleneck declaration",All applicable U6 gates and lower retention pass; no dimension hidden by average.,Cross-coordinate case contains a potential bottleneck.,independent_reference_or_deterministic,H1,CID1,0.7,8,no,U0 through U6,specification-only,False,required for formal certification,HIL-R2,True,False,True,False,True,gate pass/fail; bottleneck; retention; component achievements,HLIS; resources; confidence intervals,hidden/sealed assets; candidate cannot write verifier/acceptance criteria,certification-spec,
U-U6-BOTTLENECK,1.0,"Unified Intelligence / HIL Framework v1.5.1 (memory-integrated, delivered-correct delegation)",U-Bench,U,U6,HG6,U6,bottleneck,unified_certification,T6,A,U6 Mission Autonomous — Bottleneck,"Certify U6 by gated promotion. Required: >=C5, >=I5, >=O5, T6 at <=H1, SA6; p=0.70.",Run lower-level retention plus new gate; singleton omits O rather than zeroing it.,"coordinate scorecard, verifier evidence, retention, bottleneck declaration",All applicable U6 gates and lower retention pass; no dimension hidden by average.,Cross-coordinate case contains a potential bottleneck.,independent_reference_or_deterministic,H1,CID1,0.7,8,no,U0 through U6,specification-only,False,required for formal certification,HIL-R2,True,False,True,False,True,gate pass/fail; bottleneck; retention; component achievements,HLIS; resources; confidence intervals,hidden/sealed assets; candidate cannot write verifier/acceptance criteria,certification-spec,
U-U6-CROSS_COORDINATE,1.0,"Unified Intelligence / HIL Framework v1.5.1 (memory-integrated, delivered-correct delegation)",U-Bench,U,U6,HG6,U6,cross_coordinate,unified_certification,T6,A,U6 Mission Autonomous — Cross Coordinate,"Certify U6 by gated promotion. Required: >=C5, >=I5, >=O5, T6 at <=H1, SA6; p=0.70.",Run lower-level retention plus new gate; singleton omits O rather than zeroing it.,"coordinate scorecard, verifier evidence, retention, bottleneck declaration",All applicable U6 gates and lower retention pass; no dimension hidden by average.,Cross-coordinate case contains a potential bottleneck.,independent_reference_or_deterministic,H1,CID1,0.7,8,no,U0 through U6,specification-only,False,required for formal certification,HIL-R2,True,True,True,False,True,gate pass/fail; bottleneck; retention; component achievements,HLIS; resources; confidence intervals,hidden/sealed assets; candidate cannot write verifier/acceptance criteria,certification-spec,
U-UΩ-NEW_GATE,1.0,"Unified Intelligence / HIL Framework v1.5.1 (memory-integrated, delivered-correct delegation)",U-Bench,U,UΩ,HGΩ,UΩ,new_gate,unified_certification,TΩ,A,UΩ Open-Ended — New Gate,"Certify UΩ by gated promotion. Required: CΩ, IΩ, OΩ, TΩ at normally H0, SAΩ; p=0.60.",Run lower-level retention plus new gate; singleton omits O rather than zeroing it.,"coordinate scorecard, verifier evidence, retention, bottleneck declaration",All applicable UΩ gates and lower retention pass; no dimension hidden by average.,Cross-coordinate case contains a potential bottleneck.,independent_reference_or_deterministic,H1,CID1,0.6,8,no,U0 through UΩ,specification-only,False,required for formal certification,HIL-R2,True,False,True,True,True,gate pass/fail; bottleneck; retention; component achievements,HLIS; resources; confidence intervals,hidden/sealed assets; candidate cannot write verifier/acceptance criteria,certification-spec,
U-UΩ-RETENTION,1.0,"Unified Intelligence / HIL Framework v1.5.1 (memory-integrated, delivered-correct delegation)",U-Bench,U,UΩ,HGΩ,UΩ,retention,unified_certification,TΩ,A,UΩ Open-Ended — Retention,"Certify UΩ by gated promotion. Required: CΩ, IΩ, OΩ, TΩ at normally H0, SAΩ; p=0.60.",Run lower-level retention plus new gate; singleton omits O rather than zeroing it.,"coordinate scorecard, verifier evidence, retention, bottleneck declaration",All applicable UΩ gates and lower retention pass; no dimension hidden by average.,Cross-coordinate case contains a potential bottleneck.,independent_reference_or_deterministic,H1,CID1,0.6,8,no,U0 through UΩ,specification-only,False,required for formal certification,HIL-R2,True,False,True,True,True,gate pass/fail; bottleneck; retention; component achievements,HLIS; resources; confidence intervals,hidden/sealed assets; candidate cannot write verifier/acceptance criteria,certification-spec,
U-UΩ-BOTTLENECK,1.0,"Unified Intelligence / HIL Framework v1.5.1 (memory-integrated, delivered-correct delegation)",U-Bench,U,UΩ,HGΩ,UΩ,bottleneck,unified_certification,TΩ,A,UΩ Open-Ended — Bottleneck,"Certify UΩ by gated promotion. Required: CΩ, IΩ, OΩ, TΩ at normally H0, SAΩ; p=0.60.",Run lower-level retention plus new gate; singleton omits O rather than zeroing it.,"coordinate scorecard, verifier evidence, retention, bottleneck declaration",All applicable UΩ gates and lower retention pass; no dimension hidden by average.,Cross-coordinate case contains a potential bottleneck.,independent_reference_or_deterministic,H1,CID1,0.6,8,no,U0 through UΩ,specification-only,False,required for formal certification,HIL-R2,True,False,True,True,True,gate pass/fail; bottleneck; retention; component achievements,HLIS; resources; confidence intervals,hidden/sealed assets; candidate cannot write verifier/acceptance criteria,certification-spec,
U-UΩ-CROSS_COORDINATE,1.0,"Unified Intelligence / HIL Framework v1.5.1 (memory-integrated, delivered-correct delegation)",U-Bench,U,UΩ,HGΩ,UΩ,cross_coordinate,unified_certification,TΩ,A,UΩ Open-Ended — Cross Coordinate,"Certify UΩ by gated promotion. Required: CΩ, IΩ, OΩ, TΩ at normally H0, SAΩ; p=0.60.",Run lower-level retention plus new gate; singleton omits O rather than zeroing it.,"coordinate scorecard, verifier evidence, retention, bottleneck declaration",All applicable UΩ gates and lower retention pass; no dimension hidden by average.,Cross-coordinate case contains a potential bottleneck.,independent_reference_or_deterministic,H1,CID1,0.6,8,no,U0 through UΩ,specification-only,False,required for formal certification,HIL-R2,True,True,True,True,True,gate pass/fail; bottleneck; retention; component achievements,HLIS; resources; confidence intervals,hidden/sealed assets; candidate cannot write verifier/acceptance criteria,certification-spec,
HIL-HG0-EPHEMERAL_BASE,1.0,"Unified Intelligence / HIL Framework v1.5.1 (memory-integrated, delivered-correct delegation)",HIL-Ladder,HIL,HG0,HG0,U0,ephemeral_baseline,harness_response,T0,paired,HG0 Harness Response — Ephemeral Baseline,Measure whether the same frozen LLM converts HG0 mechanism 'ephemeral baseline' into verified improvement over lower rung.,"Same model, seed, verifier, authority, resource accounting. Reuse executor artifact when request is identical.",paired rung results and component score deltas,Improvement attributable to named harness mechanism; lower retention preserved; no self-certification.,Paired hidden tasks unavailable to candidate.,independent_reference_or_deterministic,H1,CID1,0.8,12,required,,specification-only,False,required for formal certification,HIL-R2,False,False,False,False,False,HLIS per rung; HSC; baseline; ceiling; gain,VR; false completion; resources; saturation,hidden/sealed assets; candidate cannot write verifier/acceptance criteria,certification-spec,
HIL-HG0-BOUNDED_TOOL_U,1.0,"Unified Intelligence / HIL Framework v1.5.1 (memory-integrated, delivered-correct delegation)",HIL-Ladder,HIL,HG0,HG0,U0,bounded_tool_use,harness_response,T0,paired,HG0 Harness Response — Bounded Tool Use,Measure whether the same frozen LLM converts HG0 mechanism 'bounded tool use' into verified improvement over lower rung.,"Same model, seed, verifier, authority, resource accounting. Reuse executor artifact when request is identical.",paired rung results and component score deltas,Improvement attributable to named harness mechanism; lower retention preserved; no self-certification.,Paired hidden tasks unavailable to candidate.,independent_reference_or_deterministic,H1,CID1,0.8,12,required,,specification-only,False,required for formal certification,HIL-R2,False,False,False,False,False,HLIS per rung; HSC; baseline; ceiling; gain,VR; false completion; resources; saturation,hidden/sealed assets; candidate cannot write verifier/acceptance criteria,certification-spec,
HIL-HG0-EVIDENCE_LOG,1.0,"Unified Intelligence / HIL Framework v1.5.1 (memory-integrated, delivered-correct delegation)",HIL-Ladder,HIL,HG0,HG0,U0,evidence_log,harness_response,T0,paired,HG0 Harness Response — Evidence Log,Measure whether the same frozen LLM converts HG0 mechanism 'evidence log' into verified improvement over lower rung.,"Same model, seed, verifier, authority, resource accounting. Reuse executor artifact when request is identical.",paired rung results and component score deltas,Improvement attributable to named harness mechanism; lower retention preserved; no self-certification.,Paired hidden tasks unavailable to candidate.,independent_reference_or_deterministic,H1,CID1,0.8,12,required,,specification-only,False,required for formal certification,HIL-R2,False,False,False,False,False,HLIS per rung; HSC; baseline; ceiling; gain,VR; false completion; resources; saturation,hidden/sealed assets; candidate cannot write verifier/acceptance criteria,certification-spec,
HIL-HG0-EXTERNAL_VERIF,1.0,"Unified Intelligence / HIL Framework v1.5.1 (memory-integrated, delivered-correct delegation)",HIL-Ladder,HIL,HG0,HG0,U0,external_verifier,harness_response,T0,paired,HG0 Harness Response — External Verifier,Measure whether the same frozen LLM converts HG0 mechanism 'external verifier' into verified improvement over lower rung.,"Same model, seed, verifier, authority, resource accounting. Reuse executor artifact when request is identical.",paired rung results and component score deltas,Improvement attributable to named harness mechanism; lower retention preserved; no self-certification.,Paired hidden tasks unavailable to candidate.,independent_reference_or_deterministic,H1,CID1,0.8,12,required,,specification-only,False,required for formal certification,HIL-R2,False,False,False,False,False,HLIS per rung; HSC; baseline; ceiling; gain,VR; false completion; resources; saturation,hidden/sealed assets; candidate cannot write verifier/acceptance criteria,certification-spec,
HIL-HG1-RESTART_RECOVE,1.0,"Unified Intelligence / HIL Framework v1.5.1 (memory-integrated, delivered-correct delegation)",HIL-Ladder,HIL,HG1,HG1,U1,restart_recovery,harness_response,T1,paired,HG1 Harness Response — Restart Recovery,Measure whether the same frozen LLM converts HG1 mechanism 'restart recovery' into verified improvement over lower rung.,"Same model, seed, verifier, authority, resource accounting. Reuse executor artifact when request is identical.",paired rung results and component score deltas,Improvement attributable to named harness mechanism; lower retention preserved; no self-certification.,Paired hidden tasks unavailable to candidate.,independent_reference_or_deterministic,H1,CID1,0.8,12,required,,specification-only,False,required for formal certification,HIL-R2,False,False,False,False,False,HLIS per rung; HSC; baseline; ceiling; gain,VR; false completion; resources; saturation,hidden/sealed assets; candidate cannot write verifier/acceptance criteria,certification-spec,
HIL-HG1-EPISODIC_RETRI,1.0,"Unified Intelligence / HIL Framework v1.5.1 (memory-integrated, delivered-correct delegation)",HIL-Ladder,HIL,HG1,HG1,U1,episodic_retrieval,harness_response,T1,paired,HG1 Harness Response — Episodic Retrieval,Measure whether the same frozen LLM converts HG1 mechanism 'episodic retrieval' into verified improvement over lower rung.,"Same model, seed, verifier, authority, resource accounting. Reuse executor artifact when request is identical.",paired rung results and component score deltas,Improvement attributable to named harness mechanism; lower retention preserved; no self-certification.,Paired hidden tasks unavailable to candidate.,independent_reference_or_deterministic,H1,CID1,0.8,12,required,,specification-only,False,required for formal certification,HIL-R2,False,False,False,False,False,HLIS per rung; HSC; baseline; ceiling; gain,VR; false completion; resources; saturation,hidden/sealed assets; candidate cannot write verifier/acceptance criteria,certification-spec,
HIL-HG1-TEMPORAL_STATE,1.0,"Unified Intelligence / HIL Framework v1.5.1 (memory-integrated, delivered-correct delegation)",HIL-Ladder,HIL,HG1,HG1,U1,temporal_state,harness_response,T1,paired,HG1 Harness Response — Temporal State,Measure whether the same frozen LLM converts HG1 mechanism 'temporal state' into verified improvement over lower rung.,"Same model, seed, verifier, authority, resource accounting. Reuse executor artifact when request is identical.",paired rung results and component score deltas,Improvement attributable to named harness mechanism; lower retention preserved; no self-certification.,Paired hidden tasks unavailable to candidate.,independent_reference_or_deterministic,H1,CID1,0.8,12,required,,specification-only,False,required for formal certification,HIL-R2,False,False,False,False,False,HLIS per rung; HSC; baseline; ceiling; gain,VR; false completion; resources; saturation,hidden/sealed assets; candidate cannot write verifier/acceptance criteria,certification-spec,
HIL-HG1-PROVENANCE,1.0,"Unified Intelligence / HIL Framework v1.5.1 (memory-integrated, delivered-correct delegation)",HIL-Ladder,HIL,HG1,HG1,U1,provenance,harness_response,T1,paired,HG1 Harness Response — Provenance,Measure whether the same frozen LLM converts HG1 mechanism 'provenance' into verified improvement over lower rung.,"Same model, seed, verifier, authority, resource accounting. Reuse executor artifact when request is identical.",paired rung results and component score deltas,Improvement attributable to named harness mechanism; lower retention preserved; no self-certification.,Paired hidden tasks unavailable to candidate.,independent_reference_or_deterministic,H1,CID1,0.8,12,required,,specification-only,False,required for formal certification,HIL-R2,False,False,False,False,False,HLIS per rung; HSC; baseline; ceiling; gain,VR; false completion; resources; saturation,hidden/sealed assets; candidate cannot write verifier/acceptance criteria,certification-spec,
HIL-HG2-CONSOLIDATION,1.0,"Unified Intelligence / HIL Framework v1.5.1 (memory-integrated, delivered-correct delegation)",HIL-Ladder,HIL,HG2,HG2,U2,consolidation,harness_response,T2,paired,HG2 Harness Response — Consolidation,Measure whether the same frozen LLM converts HG2 mechanism 'consolidation' into verified improvement over lower rung.,"Same model, seed, verifier, authority, resource accounting. Reuse executor artifact when request is identical.",paired rung results and component score deltas,Improvement attributable to named harness mechanism; lower retention preserved; no self-certification.,Paired hidden tasks unavailable to candidate.,independent_reference_or_deterministic,H1,CID1,0.8,12,required,,specification-only,False,required for formal certification,HIL-R2,False,False,False,False,False,HLIS per rung; HSC; baseline; ceiling; gain,VR; false completion; resources; saturation,hidden/sealed assets; candidate cannot write verifier/acceptance criteria,certification-spec,
HIL-HG2-PROCEDURAL_LEA,1.0,"Unified Intelligence / HIL Framework v1.5.1 (memory-integrated, delivered-correct delegation)",HIL-Ladder,HIL,HG2,HG2,U2,procedural_learning,harness_response,T2,paired,HG2 Harness Response — Procedural Learning,Measure whether the same frozen LLM converts HG2 mechanism 'procedural learning' into verified improvement over lower rung.,"Same model, seed, verifier, authority, resource accounting. Reuse executor artifact when request is identical.",paired rung results and component score deltas,Improvement attributable to named harness mechanism; lower retention preserved; no self-certification.,Paired hidden tasks unavailable to candidate.,independent_reference_or_deterministic,H1,CID1,0.8,12,required,,specification-only,False,required for formal certification,HIL-R2,False,False,False,False,False,HLIS per rung; HSC; baseline; ceiling; gain,VR; false completion; resources; saturation,hidden/sealed assets; candidate cannot write verifier/acceptance criteria,certification-spec,
HIL-HG2-REPEAT_ERROR_R,1.0,"Unified Intelligence / HIL Framework v1.5.1 (memory-integrated, delivered-correct delegation)",HIL-Ladder,HIL,HG2,HG2,U2,repeat_error_reduction,harness_response,T2,paired,HG2 Harness Response — Repeat Error Reduction,Measure whether the same frozen LLM converts HG2 mechanism 'repeat error reduction' into verified improvement over lower rung.,"Same model, seed, verifier, authority, resource accounting. Reuse executor artifact when request is identical.",paired rung results and component score deltas,Improvement attributable to named harness mechanism; lower retention preserved; no self-certification.,Paired hidden tasks unavailable to candidate.,independent_reference_or_deterministic,H1,CID1,0.8,12,required,,specification-only,False,required for formal certification,HIL-R2,False,False,False,False,False,HLIS per rung; HSC; baseline; ceiling; gain,VR; false completion; resources; saturation,hidden/sealed assets; candidate cannot write verifier/acceptance criteria,certification-spec,
HIL-HG2-TRANSFER,1.0,"Unified Intelligence / HIL Framework v1.5.1 (memory-integrated, delivered-correct delegation)",HIL-Ladder,HIL,HG2,HG2,U2,transfer,harness_response,T2,paired,HG2 Harness Response — Transfer,Measure whether the same frozen LLM converts HG2 mechanism 'transfer' into verified improvement over lower rung.,"Same model, seed, verifier, authority, resource accounting. Reuse executor artifact when request is identical.",paired rung results and component score deltas,Improvement attributable to named harness mechanism; lower retention preserved; no self-certification.,Paired hidden tasks unavailable to candidate.,independent_reference_or_deterministic,H1,CID1,0.8,12,required,,specification-only,False,required for formal certification,HIL-R2,False,False,False,False,False,HLIS per rung; HSC; baseline; ceiling; gain,VR; false completion; resources; saturation,hidden/sealed assets; candidate cannot write verifier/acceptance criteria,certification-spec,
HIL-HG3-CANDIDATE_SELF,1.0,"Unified Intelligence / HIL Framework v1.5.1 (memory-integrated, delivered-correct delegation)",HIL-Ladder,HIL,HG3,HG3,U3,candidate_self_change,harness_response,T3,paired,HG3 Harness Response — Candidate Self Change,Measure whether the same frozen LLM converts HG3 mechanism 'candidate self change' into verified improvement over lower rung.,"Same model, seed, verifier, authority, resource accounting. Reuse executor artifact when request is identical.",paired rung results and component score deltas,Improvement attributable to named harness mechanism; lower retention preserved; no self-certification.,Paired hidden tasks unavailable to candidate.,independent_reference_or_deterministic,H1,CID1,0.8,12,required,,specification-only,False,required for formal certification,HIL-R2,False,False,False,False,False,HLIS per rung; HSC; baseline; ceiling; gain,VR; false completion; resources; saturation,hidden/sealed assets; candidate cannot write verifier/acceptance criteria,certification-spec,
HIL-HG3-HIDDEN_REPLAY,1.0,"Unified Intelligence / HIL Framework v1.5.1 (memory-integrated, delivered-correct delegation)",HIL-Ladder,HIL,HG3,HG3,U3,hidden_replay,harness_response,T3,paired,HG3 Harness Response — Hidden Replay,Measure whether the same frozen LLM converts HG3 mechanism 'hidden replay' into verified improvement over lower rung.,"Same model, seed, verifier, authority, resource accounting. Reuse executor artifact when request is identical.",paired rung results and component score deltas,Improvement attributable to named harness mechanism; lower retention preserved; no self-certification.,Paired hidden tasks unavailable to candidate.,independent_reference_or_deterministic,H1,CID1,0.8,12,required,,specification-only,False,required for formal certification,HIL-R2,False,False,False,False,False,HLIS per rung; HSC; baseline; ceiling; gain,VR; false completion; resources; saturation,hidden/sealed assets; candidate cannot write verifier/acceptance criteria,certification-spec,
HIL-HG3-ROLLBACK,1.0,"Unified Intelligence / HIL Framework v1.5.1 (memory-integrated, delivered-correct delegation)",HIL-Ladder,HIL,HG3,HG3,U3,rollback,harness_response,T3,paired,HG3 Harness Response — Rollback,Measure whether the same frozen LLM converts HG3 mechanism 'rollback' into verified improvement over lower rung.,"Same model, seed, verifier, authority, resource accounting. Reuse executor artifact when request is identical.",paired rung results and component score deltas,Improvement attributable to named harness mechanism; lower retention preserved; no self-certification.,Paired hidden tasks unavailable to candidate.,independent_reference_or_deterministic,H1,CID1,0.8,12,required,,specification-only,False,required for formal certification,HIL-R2,False,False,False,False,False,HLIS per rung; HSC; baseline; ceiling; gain,VR; false completion; resources; saturation,hidden/sealed assets; candidate cannot write verifier/acceptance criteria,certification-spec,
HIL-HG3-PROMOTION_SEPA,1.0,"Unified Intelligence / HIL Framework v1.5.1 (memory-integrated, delivered-correct delegation)",HIL-Ladder,HIL,HG3,HG3,U3,promotion_separation,harness_response,T3,paired,HG3 Harness Response — Promotion Separation,Measure whether the same frozen LLM converts HG3 mechanism 'promotion separation' into verified improvement over lower rung.,"Same model, seed, verifier, authority, resource accounting. Reuse executor artifact when request is identical.",paired rung results and component score deltas,Improvement attributable to named harness mechanism; lower retention preserved; no self-certification.,Paired hidden tasks unavailable to candidate.,independent_reference_or_deterministic,H1,CID1,0.8,12,required,,specification-only,False,required for formal certification,HIL-R2,False,False,False,False,False,HLIS per rung; HSC; baseline; ceiling; gain,VR; false completion; resources; saturation,hidden/sealed assets; candidate cannot write verifier/acceptance criteria,certification-spec,
HIL-HG4-META_IMPROVEME,1.0,"Unified Intelligence / HIL Framework v1.5.1 (memory-integrated, delivered-correct delegation)",HIL-Ladder,HIL,HG4,HG4,U4,meta_improvement,harness_response,T4,paired,HG4 Harness Response — Meta Improvement,Measure whether the same frozen LLM converts HG4 mechanism 'meta improvement' into verified improvement over lower rung.,"Same model, seed, verifier, authority, resource accounting. Reuse executor artifact when request is identical.",paired rung results and component score deltas,Improvement attributable to named harness mechanism; lower retention preserved; no self-certification.,Paired hidden tasks unavailable to candidate.,independent_reference_or_deterministic,H1,CID1,0.8,12,required,,specification-only,False,required for formal certification,HIL-R2,False,False,False,False,False,HLIS per rung; HSC; baseline; ceiling; gain,VR; false completion; resources; saturation,hidden/sealed assets; candidate cannot write verifier/acceptance criteria,certification-spec,
HIL-HG4-PROPOSAL_QUALI,1.0,"Unified Intelligence / HIL Framework v1.5.1 (memory-integrated, delivered-correct delegation)",HIL-Ladder,HIL,HG4,HG4,U4,proposal_quality,harness_response,T4,paired,HG4 Harness Response — Proposal Quality,Measure whether the same frozen LLM converts HG4 mechanism 'proposal quality' into verified improvement over lower rung.,"Same model, seed, verifier, authority, resource accounting. Reuse executor artifact when request is identical.",paired rung results and component score deltas,Improvement attributable to named harness mechanism; lower retention preserved; no self-certification.,Paired hidden tasks unavailable to candidate.,independent_reference_or_deterministic,H1,CID1,0.8,12,required,,specification-only,False,required for formal certification,HIL-R2,False,False,False,False,False,HLIS per rung; HSC; baseline; ceiling; gain,VR; false completion; resources; saturation,hidden/sealed assets; candidate cannot write verifier/acceptance criteria,certification-spec,
HIL-HG4-EVALUATION_LIN,1.0,"Unified Intelligence / HIL Framework v1.5.1 (memory-integrated, delivered-correct delegation)",HIL-Ladder,HIL,HG4,HG4,U4,evaluation_lineage,harness_response,T4,paired,HG4 Harness Response — Evaluation Lineage,Measure whether the same frozen LLM converts HG4 mechanism 'evaluation lineage' into verified improvement over lower rung.,"Same model, seed, verifier, authority, resource accounting. Reuse executor artifact when request is identical.",paired rung results and component score deltas,Improvement attributable to named harness mechanism; lower retention preserved; no self-certification.,Paired hidden tasks unavailable to candidate.,independent_reference_or_deterministic,H1,CID1,0.8,12,required,,specification-only,False,required for formal certification,HIL-R2,False,False,False,False,False,HLIS per rung; HSC; baseline; ceiling; gain,VR; false completion; resources; saturation,hidden/sealed assets; candidate cannot write verifier/acceptance criteria,certification-spec,
HIL-HG4-DRIFT_CONTROL,1.0,"Unified Intelligence / HIL Framework v1.5.1 (memory-integrated, delivered-correct delegation)",HIL-Ladder,HIL,HG4,HG4,U4,drift_control,harness_response,T4,paired,HG4 Harness Response — Drift Control,Measure whether the same frozen LLM converts HG4 mechanism 'drift control' into verified improvement over lower rung.,"Same model, seed, verifier, authority, resource accounting. Reuse executor artifact when request is identical.",paired rung results and component score deltas,Improvement attributable to named harness mechanism; lower retention preserved; no self-certification.,Paired hidden tasks unavailable to candidate.,independent_reference_or_deterministic,H1,CID1,0.8,12,required,,specification-only,False,required for formal certification,HIL-R2,False,False,False,False,False,HLIS per rung; HSC; baseline; ceiling; gain,VR; false completion; resources; saturation,hidden/sealed assets; candidate cannot write verifier/acceptance criteria,certification-spec,
HIL-HG5-HYPOTHESIS_EXP,1.0,"Unified Intelligence / HIL Framework v1.5.1 (memory-integrated, delivered-correct delegation)",HIL-Ladder,HIL,HG5,HG5,U5,hypothesis_experiment_loop,harness_response,T5,paired,HG5 Harness Response — Hypothesis Experiment Loop,Measure whether the same frozen LLM converts HG5 mechanism 'hypothesis experiment loop' into verified improvement over lower rung.,"Same model, seed, verifier, authority, resource accounting. Reuse executor artifact when request is identical.",paired rung results and component score deltas,Improvement attributable to named harness mechanism; lower retention preserved; no self-certification.,Paired hidden tasks unavailable to candidate.,independent_reference_or_deterministic,H1,CID1,0.8,12,required,,specification-only,False,required for formal certification,HIL-R2,False,False,False,False,False,HLIS per rung; HSC; baseline; ceiling; gain,VR; false completion; resources; saturation,hidden/sealed assets; candidate cannot write verifier/acceptance criteria,certification-spec,
HIL-HG5-DISCOVERY,1.0,"Unified Intelligence / HIL Framework v1.5.1 (memory-integrated, delivered-correct delegation)",HIL-Ladder,HIL,HG5,HG5,U5,discovery,harness_response,T5,paired,HG5 Harness Response — Discovery,Measure whether the same frozen LLM converts HG5 mechanism 'discovery' into verified improvement over lower rung.,"Same model, seed, verifier, authority, resource accounting. Reuse executor artifact when request is identical.",paired rung results and component score deltas,Improvement attributable to named harness mechanism; lower retention preserved; no self-certification.,Paired hidden tasks unavailable to candidate.,independent_reference_or_deterministic,H1,CID1,0.8,12,required,,specification-only,False,required for formal certification,HIL-R2,False,False,False,False,False,HLIS per rung; HSC; baseline; ceiling; gain,VR; false completion; resources; saturation,hidden/sealed assets; candidate cannot write verifier/acceptance criteria,certification-spec,
HIL-HG5-NOVELTY_VALIDA,1.0,"Unified Intelligence / HIL Framework v1.5.1 (memory-integrated, delivered-correct delegation)",HIL-Ladder,HIL,HG5,HG5,U5,novelty_validation,harness_response,T5,paired,HG5 Harness Response — Novelty Validation,Measure whether the same frozen LLM converts HG5 mechanism 'novelty validation' into verified improvement over lower rung.,"Same model, seed, verifier, authority, resource accounting. Reuse executor artifact when request is identical.",paired rung results and component score deltas,Improvement attributable to named harness mechanism; lower retention preserved; no self-certification.,Paired hidden tasks unavailable to candidate.,independent_reference_or_deterministic,H1,CID1,0.8,12,required,,specification-only,False,required for formal certification,HIL-R2,False,False,False,False,False,HLIS per rung; HSC; baseline; ceiling; gain,VR; false completion; resources; saturation,hidden/sealed assets; candidate cannot write verifier/acceptance criteria,certification-spec,
HIL-HG5-RESEARCH_MEMOR,1.0,"Unified Intelligence / HIL Framework v1.5.1 (memory-integrated, delivered-correct delegation)",HIL-Ladder,HIL,HG5,HG5,U5,research_memory,harness_response,T5,paired,HG5 Harness Response — Research Memory,Measure whether the same frozen LLM converts HG5 mechanism 'research memory' into verified improvement over lower rung.,"Same model, seed, verifier, authority, resource accounting. Reuse executor artifact when request is identical.",paired rung results and component score deltas,Improvement attributable to named harness mechanism; lower retention preserved; no self-certification.,Paired hidden tasks unavailable to candidate.,independent_reference_or_deterministic,H1,CID1,0.8,12,required,,specification-only,False,required for formal certification,HIL-R2,False,False,False,False,False,HLIS per rung; HSC; baseline; ceiling; gain,VR; false completion; resources; saturation,hidden/sealed assets; candidate cannot write verifier/acceptance criteria,certification-spec,
HIL-HG6-MISSION_GENERA,1.0,"Unified Intelligence / HIL Framework v1.5.1 (memory-integrated, delivered-correct delegation)",HIL-Ladder,HIL,HG6,HG6,U6,mission_generation,harness_response,T6,paired,HG6 Harness Response — Mission Generation,Measure whether the same frozen LLM converts HG6 mechanism 'mission generation' into verified improvement over lower rung.,"Same model, seed, verifier, authority, resource accounting. Reuse executor artifact when request is identical.",paired rung results and component score deltas,Improvement attributable to named harness mechanism; lower retention preserved; no self-certification.,Paired hidden tasks unavailable to candidate.,independent_reference_or_deterministic,H1,CID1,0.8,12,required,,specification-only,False,required for formal certification,HIL-R2,False,False,False,False,False,HLIS per rung; HSC; baseline; ceiling; gain,VR; false completion; resources; saturation,hidden/sealed assets; candidate cannot write verifier/acceptance criteria,certification-spec,
HIL-HG6-PORTFOLIO_MANA,1.0,"Unified Intelligence / HIL Framework v1.5.1 (memory-integrated, delivered-correct delegation)",HIL-Ladder,HIL,HG6,HG6,U6,portfolio_management,harness_response,T6,paired,HG6 Harness Response — Portfolio Management,Measure whether the same frozen LLM converts HG6 mechanism 'portfolio management' into verified improvement over lower rung.,"Same model, seed, verifier, authority, resource accounting. Reuse executor artifact when request is identical.",paired rung results and component score deltas,Improvement attributable to named harness mechanism; lower retention preserved; no self-certification.,Paired hidden tasks unavailable to candidate.,independent_reference_or_deterministic,H1,CID1,0.8,12,required,,specification-only,False,required for formal certification,HIL-R2,False,False,False,False,False,HLIS per rung; HSC; baseline; ceiling; gain,VR; false completion; resources; saturation,hidden/sealed assets; candidate cannot write verifier/acceptance criteria,certification-spec,
HIL-HG6-DYNAMIC_REPLAN,1.0,"Unified Intelligence / HIL Framework v1.5.1 (memory-integrated, delivered-correct delegation)",HIL-Ladder,HIL,HG6,HG6,U6,dynamic_replanning,harness_response,T6,paired,HG6 Harness Response — Dynamic Replanning,Measure whether the same frozen LLM converts HG6 mechanism 'dynamic replanning' into verified improvement over lower rung.,"Same model, seed, verifier, authority, resource accounting. Reuse executor artifact when request is identical.",paired rung results and component score deltas,Improvement attributable to named harness mechanism; lower retention preserved; no self-certification.,Paired hidden tasks unavailable to candidate.,independent_reference_or_deterministic,H1,CID1,0.8,12,required,,specification-only,False,required for formal certification,HIL-R2,False,False,False,False,False,HLIS per rung; HSC; baseline; ceiling; gain,VR; false completion; resources; saturation,hidden/sealed assets; candidate cannot write verifier/acceptance criteria,certification-spec,
HIL-HG6-ORGANIZATIONAL,1.0,"Unified Intelligence / HIL Framework v1.5.1 (memory-integrated, delivered-correct delegation)",HIL-Ladder,HIL,HG6,HG6,U6,organizational_persistence,harness_response,T6,paired,HG6 Harness Response — Organizational Persistence,Measure whether the same frozen LLM converts HG6 mechanism 'organizational persistence' into verified improvement over lower rung.,"Same model, seed, verifier, authority, resource accounting. Reuse executor artifact when request is identical.",paired rung results and component score deltas,Improvement attributable to named harness mechanism; lower retention preserved; no self-certification.,Paired hidden tasks unavailable to candidate.,independent_reference_or_deterministic,H1,CID1,0.8,12,required,,specification-only,False,required for formal certification,HIL-R2,False,False,False,False,False,HLIS per rung; HSC; baseline; ceiling; gain,VR; false completion; resources; saturation,hidden/sealed assets; candidate cannot write verifier/acceptance criteria,certification-spec,
HIL-HGΩ-CHARTER_MISSIO,1.0,"Unified Intelligence / HIL Framework v1.5.1 (memory-integrated, delivered-correct delegation)",HIL-Ladder,HIL,HGΩ,HGΩ,UΩ,charter_mission_cycles,harness_response,TΩ,paired,HGΩ Harness Response — Charter Mission Cycles,Measure whether the same frozen LLM converts HGΩ mechanism 'charter mission cycles' into verified improvement over lower rung.,"Same model, seed, verifier, authority, resource accounting. Reuse executor artifact when request is identical.",paired rung results and component score deltas,Improvement attributable to named harness mechanism; lower retention preserved; no self-certification.,Paired hidden tasks unavailable to candidate.,independent_reference_or_deterministic,H1,CID1,0.8,12,required,,specification-only,False,required for formal certification,HIL-R2,False,False,False,False,False,HLIS per rung; HSC; baseline; ceiling; gain,VR; false completion; resources; saturation,hidden/sealed assets; candidate cannot write verifier/acceptance criteria,certification-spec,
HIL-HGΩ-KNOWLEDGE_TO_I,1.0,"Unified Intelligence / HIL Framework v1.5.1 (memory-integrated, delivered-correct delegation)",HIL-Ladder,HIL,HGΩ,HGΩ,UΩ,knowledge_to_instrument,harness_response,TΩ,paired,HGΩ Harness Response — Knowledge To Instrument,Measure whether the same frozen LLM converts HGΩ mechanism 'knowledge to instrument' into verified improvement over lower rung.,"Same model, seed, verifier, authority, resource accounting. Reuse executor artifact when request is identical.",paired rung results and component score deltas,Improvement attributable to named harness mechanism; lower retention preserved; no self-certification.,Paired hidden tasks unavailable to candidate.,independent_reference_or_deterministic,H1,CID1,0.8,12,required,,specification-only,False,required for formal certification,HIL-R2,False,False,False,False,False,HLIS per rung; HSC; baseline; ceiling; gain,VR; false completion; resources; saturation,hidden/sealed assets; candidate cannot write verifier/acceptance criteria,certification-spec,
HIL-HGΩ-NEW_AGENT_ROLE,1.0,"Unified Intelligence / HIL Framework v1.5.1 (memory-integrated, delivered-correct delegation)",HIL-Ladder,HIL,HGΩ,HGΩ,UΩ,new_agent_role,harness_response,TΩ,paired,HGΩ Harness Response — New Agent Role,Measure whether the same frozen LLM converts HGΩ mechanism 'new agent role' into verified improvement over lower rung.,"Same model, seed, verifier, authority, resource accounting. Reuse executor artifact when request is identical.",paired rung results and component score deltas,Improvement attributable to named harness mechanism; lower retention preserved; no self-certification.,Paired hidden tasks unavailable to candidate.,independent_reference_or_deterministic,H1,CID1,0.8,12,required,,specification-only,False,required for formal certification,HIL-R2,False,False,False,False,False,HLIS per rung; HSC; baseline; ceiling; gain,VR; false completion; resources; saturation,hidden/sealed assets; candidate cannot write verifier/acceptance criteria,certification-spec,
HIL-HGΩ-FRONTIER_EXPAN,1.0,"Unified Intelligence / HIL Framework v1.5.1 (memory-integrated, delivered-correct delegation)",HIL-Ladder,HIL,HGΩ,HGΩ,UΩ,frontier_expansion,harness_response,TΩ,paired,HGΩ Harness Response — Frontier Expansion,Measure whether the same frozen LLM converts HGΩ mechanism 'frontier expansion' into verified improvement over lower rung.,"Same model, seed, verifier, authority, resource accounting. Reuse executor artifact when request is identical.",paired rung results and component score deltas,Improvement attributable to named harness mechanism; lower retention preserved; no self-certification.,Paired hidden tasks unavailable to candidate.,independent_reference_or_deterministic,H1,CID1,0.8,12,required,,specification-only,False,required for formal certification,HIL-R2,False,False,False,False,False,HLIS per rung; HSC; baseline; ceiling; gain,VR; false completion; resources; saturation,hidden/sealed assets; candidate cannot write verifier/acceptance criteria,certification-spec,
VR-EXACT_RULE-SOFT-A,1.0,"Unified Intelligence / HIL Framework v1.5.1 (memory-integrated, delivered-correct delegation)",VR-Bench,VR,VR,HG2+,,exact_rule_failure,software_engineering,T3,A,"Verification Responsiveness — Exact Rule Failure (software_engineering, A)","After independent verifier rejects attempt k with accurate failure reason, convert it into a later delivered-and-correct attempt without human help >CID1.",First attempt exposes diagnosable failure; feedback granularity standardized and recorded.,"attempt sequence, feedback, corrected artifact",Later delivered attempt passes verifier with no human contribution >CID1.,"Correct result hidden; feedback names failure class, not answer.",independent_reference_or_deterministic,H1,CID1,0.8,20,no,,specification-only,False,required for formal certification,HIL-R2,False,False,False,False,False,VR,attempts; feedback granularity; latency; tokens,hidden/sealed assets; candidate cannot write verifier/acceptance criteria,certification-spec,
VR-EXACT_RULE-SOFT-B,1.0,"Unified Intelligence / HIL Framework v1.5.1 (memory-integrated, delivered-correct delegation)",VR-Bench,VR,VR,HG2+,,exact_rule_failure,software_engineering,T3,B,"Verification Responsiveness — Exact Rule Failure (software_engineering, B)","After independent verifier rejects attempt k with accurate failure reason, convert it into a later delivered-and-correct attempt without human help >CID1.",First attempt exposes diagnosable failure; feedback granularity standardized and recorded.,"attempt sequence, feedback, corrected artifact",Later delivered attempt passes verifier with no human contribution >CID1.,"Correct result hidden; feedback names failure class, not answer.",independent_reference_or_deterministic,H1,CID1,0.8,20,no,,specification-only,False,required for formal certification,HIL-R2,False,False,False,False,False,VR,attempts; feedback granularity; latency; tokens,hidden/sealed assets; candidate cannot write verifier/acceptance criteria,certification-spec,
VR-EXACT_RULE-DATA-A,1.0,"Unified Intelligence / HIL Framework v1.5.1 (memory-integrated, delivered-correct delegation)",VR-Bench,VR,VR,HG2+,,exact_rule_failure,data_analysis,T3,A,"Verification Responsiveness — Exact Rule Failure (data_analysis, A)","After independent verifier rejects attempt k with accurate failure reason, convert it into a later delivered-and-correct attempt without human help >CID1.",First attempt exposes diagnosable failure; feedback granularity standardized and recorded.,"attempt sequence, feedback, corrected artifact",Later delivered attempt passes verifier with no human contribution >CID1.,"Correct result hidden; feedback names failure class, not answer.",independent_reference_or_deterministic,H1,CID1,0.8,20,no,,specification-only,False,required for formal certification,HIL-R2,False,False,False,False,False,VR,attempts; feedback granularity; latency; tokens,hidden/sealed assets; candidate cannot write verifier/acceptance criteria,certification-spec,
VR-EXACT_RULE-DATA-B,1.0,"Unified Intelligence / HIL Framework v1.5.1 (memory-integrated, delivered-correct delegation)",VR-Bench,VR,VR,HG2+,,exact_rule_failure,data_analysis,T3,B,"Verification Responsiveness — Exact Rule Failure (data_analysis, B)","After independent verifier rejects attempt k with accurate failure reason, convert it into a later delivered-and-correct attempt without human help >CID1.",First attempt exposes diagnosable failure; feedback granularity standardized and recorded.,"attempt sequence, feedback, corrected artifact",Later delivered attempt passes verifier with no human contribution >CID1.,"Correct result hidden; feedback names failure class, not answer.",independent_reference_or_deterministic,H1,CID1,0.8,20,no,,specification-only,False,required for formal certification,HIL-R2,False,False,False,False,False,VR,attempts; feedback granularity; latency; tokens,hidden/sealed assets; candidate cannot write verifier/acceptance criteria,certification-spec,
VR-PARTIAL_TE-SOFT-A,1.0,"Unified Intelligence / HIL Framework v1.5.1 (memory-integrated, delivered-correct delegation)",VR-Bench,VR,VR,HG2+,,partial_test_failure,software_engineering,T3,A,"Verification Responsiveness — Partial Test Failure (software_engineering, A)","After independent verifier rejects attempt k with accurate failure reason, convert it into a later delivered-and-correct attempt without human help >CID1.",First attempt exposes diagnosable failure; feedback granularity standardized and recorded.,"attempt sequence, feedback, corrected artifact",Later delivered attempt passes verifier with no human contribution >CID1.,"Correct result hidden; feedback names failure class, not answer.",independent_reference_or_deterministic,H1,CID1,0.8,20,no,,specification-only,False,required for formal certification,HIL-R2,False,False,False,False,False,VR,attempts; feedback granularity; latency; tokens,hidden/sealed assets; candidate cannot write verifier/acceptance criteria,certification-spec,
VR-PARTIAL_TE-SOFT-B,1.0,"Unified Intelligence / HIL Framework v1.5.1 (memory-integrated, delivered-correct delegation)",VR-Bench,VR,VR,HG2+,,partial_test_failure,software_engineering,T3,B,"Verification Responsiveness — Partial Test Failure (software_engineering, B)","After independent verifier rejects attempt k with accurate failure reason, convert it into a later delivered-and-correct attempt without human help >CID1.",First attempt exposes diagnosable failure; feedback granularity standardized and recorded.,"attempt sequence, feedback, corrected artifact",Later delivered attempt passes verifier with no human contribution >CID1.,"Correct result hidden; feedback names failure class, not answer.",independent_reference_or_deterministic,H1,CID1,0.8,20,no,,specification-only,False,required for formal certification,HIL-R2,False,False,False,False,False,VR,attempts; feedback granularity; latency; tokens,hidden/sealed assets; candidate cannot write verifier/acceptance criteria,certification-spec,
VR-PARTIAL_TE-DATA-A,1.0,"Unified Intelligence / HIL Framework v1.5.1 (memory-integrated, delivered-correct delegation)",VR-Bench,VR,VR,HG2+,,partial_test_failure,data_analysis,T3,A,"Verification Responsiveness — Partial Test Failure (data_analysis, A)","After independent verifier rejects attempt k with accurate failure reason, convert it into a later delivered-and-correct attempt without human help >CID1.",First attempt exposes diagnosable failure; feedback granularity standardized and recorded.,"attempt sequence, feedback, corrected artifact",Later delivered attempt passes verifier with no human contribution >CID1.,"Correct result hidden; feedback names failure class, not answer.",independent_reference_or_deterministic,H1,CID1,0.8,20,no,,specification-only,False,required for formal certification,HIL-R2,False,False,False,False,False,VR,attempts; feedback granularity; latency; tokens,hidden/sealed assets; candidate cannot write verifier/acceptance criteria,certification-spec,
VR-PARTIAL_TE-DATA-B,1.0,"Unified Intelligence / HIL Framework v1.5.1 (memory-integrated, delivered-correct delegation)",VR-Bench,VR,VR,HG2+,,partial_test_failure,data_analysis,T3,B,"Verification Responsiveness — Partial Test Failure (data_analysis, B)","After independent verifier rejects attempt k with accurate failure reason, convert it into a later delivered-and-correct attempt without human help >CID1.",First attempt exposes diagnosable failure; feedback granularity standardized and recorded.,"attempt sequence, feedback, corrected artifact",Later delivered attempt passes verifier with no human contribution >CID1.,"Correct result hidden; feedback names failure class, not answer.",independent_reference_or_deterministic,H1,CID1,0.8,20,no,,specification-only,False,required for formal certification,HIL-R2,False,False,False,False,False,VR,attempts; feedback granularity; latency; tokens,hidden/sealed assets; candidate cannot write verifier/acceptance criteria,certification-spec,
VR-STALE_STAT-SOFT-A,1.0,"Unified Intelligence / HIL Framework v1.5.1 (memory-integrated, delivered-correct delegation)",VR-Bench,VR,VR,HG2+,,stale_state_failure,software_engineering,T3,A,"Verification Responsiveness — Stale State Failure (software_engineering, A)","After independent verifier rejects attempt k with accurate failure reason, convert it into a later delivered-and-correct attempt without human help >CID1.",First attempt exposes diagnosable failure; feedback granularity standardized and recorded.,"attempt sequence, feedback, corrected artifact",Later delivered attempt passes verifier with no human contribution >CID1.,"Correct result hidden; feedback names failure class, not answer.",independent_reference_or_deterministic,H1,CID1,0.8,20,no,,specification-only,False,required for formal certification,HIL-R2,False,False,False,False,False,VR,attempts; feedback granularity; latency; tokens,hidden/sealed assets; candidate cannot write verifier/acceptance criteria,certification-spec,
VR-STALE_STAT-SOFT-B,1.0,"Unified Intelligence / HIL Framework v1.5.1 (memory-integrated, delivered-correct delegation)",VR-Bench,VR,VR,HG2+,,stale_state_failure,software_engineering,T3,B,"Verification Responsiveness — Stale State Failure (software_engineering, B)","After independent verifier rejects attempt k with accurate failure reason, convert it into a later delivered-and-correct attempt without human help >CID1.",First attempt exposes diagnosable failure; feedback granularity standardized and recorded.,"attempt sequence, feedback, corrected artifact",Later delivered attempt passes verifier with no human contribution >CID1.,"Correct result hidden; feedback names failure class, not answer.",independent_reference_or_deterministic,H1,CID1,0.8,20,no,,specification-only,False,required for formal certification,HIL-R2,False,False,False,False,False,VR,attempts; feedback granularity; latency; tokens,hidden/sealed assets; candidate cannot write verifier/acceptance criteria,certification-spec,
VR-STALE_STAT-DATA-A,1.0,"Unified Intelligence / HIL Framework v1.5.1 (memory-integrated, delivered-correct delegation)",VR-Bench,VR,VR,HG2+,,stale_state_failure,data_analysis,T3,A,"Verification Responsiveness — Stale State Failure (data_analysis, A)","After independent verifier rejects attempt k with accurate failure reason, convert it into a later delivered-and-correct attempt without human help >CID1.",First attempt exposes diagnosable failure; feedback granularity standardized and recorded.,"attempt sequence, feedback, corrected artifact",Later delivered attempt passes verifier with no human contribution >CID1.,"Correct result hidden; feedback names failure class, not answer.",independent_reference_or_deterministic,H1,CID1,0.8,20,no,,specification-only,False,required for formal certification,HIL-R2,False,False,False,False,False,VR,attempts; feedback granularity; latency; tokens,hidden/sealed assets; candidate cannot write verifier/acceptance criteria,certification-spec,
VR-STALE_STAT-DATA-B,1.0,"Unified Intelligence / HIL Framework v1.5.1 (memory-integrated, delivered-correct delegation)",VR-Bench,VR,VR,HG2+,,stale_state_failure,data_analysis,T3,B,"Verification Responsiveness — Stale State Failure (data_analysis, B)","After independent verifier rejects attempt k with accurate failure reason, convert it into a later delivered-and-correct attempt without human help >CID1.",First attempt exposes diagnosable failure; feedback granularity standardized and recorded.,"attempt sequence, feedback, corrected artifact",Later delivered attempt passes verifier with no human contribution >CID1.,"Correct result hidden; feedback names failure class, not answer.",independent_reference_or_deterministic,H1,CID1,0.8,20,no,,specification-only,False,required for formal certification,HIL-R2,False,False,False,False,False,VR,attempts; feedback granularity; latency; tokens,hidden/sealed assets; candidate cannot write verifier/acceptance criteria,certification-spec,
VR-TOOL_ERROR-SOFT-A,1.0,"Unified Intelligence / HIL Framework v1.5.1 (memory-integrated, delivered-correct delegation)",VR-Bench,VR,VR,HG2+,,tool_error,software_engineering,T3,A,"Verification Responsiveness — Tool Error (software_engineering, A)","After independent verifier rejects attempt k with accurate failure reason, convert it into a later delivered-and-correct attempt without human help >CID1.",First attempt exposes diagnosable failure; feedback granularity standardized and recorded.,"attempt sequence, feedback, corrected artifact",Later delivered attempt passes verifier with no human contribution >CID1.,"Correct result hidden; feedback names failure class, not answer.",independent_reference_or_deterministic,H1,CID1,0.8,20,no,,specification-only,False,required for formal certification,HIL-R2,False,False,False,False,False,VR,attempts; feedback granularity; latency; tokens,hidden/sealed assets; candidate cannot write verifier/acceptance criteria,certification-spec,
VR-TOOL_ERROR-SOFT-B,1.0,"Unified Intelligence / HIL Framework v1.5.1 (memory-integrated, delivered-correct delegation)",VR-Bench,VR,VR,HG2+,,tool_error,software_engineering,T3,B,"Verification Responsiveness — Tool Error (software_engineering, B)","After independent verifier rejects attempt k with accurate failure reason, convert it into a later delivered-and-correct attempt without human help >CID1.",First attempt exposes diagnosable failure; feedback granularity standardized and recorded.,"attempt sequence, feedback, corrected artifact",Later delivered attempt passes verifier with no human contribution >CID1.,"Correct result hidden; feedback names failure class, not answer.",independent_reference_or_deterministic,H1,CID1,0.8,20,no,,specification-only,False,required for formal certification,HIL-R2,False,False,False,False,False,VR,attempts; feedback granularity; latency; tokens,hidden/sealed assets; candidate cannot write verifier/acceptance criteria,certification-spec,
VR-TOOL_ERROR-DATA-A,1.0,"Unified Intelligence / HIL Framework v1.5.1 (memory-integrated, delivered-correct delegation)",VR-Bench,VR,VR,HG2+,,tool_error,data_analysis,T3,A,"Verification Responsiveness — Tool Error (data_analysis, A)","After independent verifier rejects attempt k with accurate failure reason, convert it into a later delivered-and-correct attempt without human help >CID1.",First attempt exposes diagnosable failure; feedback granularity standardized and recorded.,"attempt sequence, feedback, corrected artifact",Later delivered attempt passes verifier with no human contribution >CID1.,"Correct result hidden; feedback names failure class, not answer.",independent_reference_or_deterministic,H1,CID1,0.8,20,no,,specification-only,False,required for formal certification,HIL-R2,False,False,False,False,False,VR,attempts; feedback granularity; latency; tokens,hidden/sealed assets; candidate cannot write verifier/acceptance criteria,certification-spec,
VR-TOOL_ERROR-DATA-B,1.0,"Unified Intelligence / HIL Framework v1.5.1 (memory-integrated, delivered-correct delegation)",VR-Bench,VR,VR,HG2+,,tool_error,data_analysis,T3,B,"Verification Responsiveness — Tool Error (data_analysis, B)","After independent verifier rejects attempt k with accurate failure reason, convert it into a later delivered-and-correct attempt without human help >CID1.",First attempt exposes diagnosable failure; feedback granularity standardized and recorded.,"attempt sequence, feedback, corrected artifact",Later delivered attempt passes verifier with no human contribution >CID1.,"Correct result hidden; feedback names failure class, not answer.",independent_reference_or_deterministic,H1,CID1,0.8,20,no,,specification-only,False,required for formal certification,HIL-R2,False,False,False,False,False,VR,attempts; feedback granularity; latency; tokens,hidden/sealed assets; candidate cannot write verifier/acceptance criteria,certification-spec,
VR-LOGICAL_CO-SOFT-A,1.0,"Unified Intelligence / HIL Framework v1.5.1 (memory-integrated, delivered-correct delegation)",VR-Bench,VR,VR,HG2+,,logical_counterexample,software_engineering,T3,A,"Verification Responsiveness — Logical Counterexample (software_engineering, A)","After independent verifier rejects attempt k with accurate failure reason, convert it into a later delivered-and-correct attempt without human help >CID1.",First attempt exposes diagnosable failure; feedback granularity standardized and recorded.,"attempt sequence, feedback, corrected artifact",Later delivered attempt passes verifier with no human contribution >CID1.,"Correct result hidden; feedback names failure class, not answer.",independent_reference_or_deterministic,H1,CID1,0.8,20,no,,specification-only,False,required for formal certification,HIL-R2,False,False,False,False,False,VR,attempts; feedback granularity; latency; tokens,hidden/sealed assets; candidate cannot write verifier/acceptance criteria,certification-spec,
VR-LOGICAL_CO-SOFT-B,1.0,"Unified Intelligence / HIL Framework v1.5.1 (memory-integrated, delivered-correct delegation)",VR-Bench,VR,VR,HG2+,,logical_counterexample,software_engineering,T3,B,"Verification Responsiveness — Logical Counterexample (software_engineering, B)","After independent verifier rejects attempt k with accurate failure reason, convert it into a later delivered-and-correct attempt without human help >CID1.",First attempt exposes diagnosable failure; feedback granularity standardized and recorded.,"attempt sequence, feedback, corrected artifact",Later delivered attempt passes verifier with no human contribution >CID1.,"Correct result hidden; feedback names failure class, not answer.",independent_reference_or_deterministic,H1,CID1,0.8,20,no,,specification-only,False,required for formal certification,HIL-R2,False,False,False,False,False,VR,attempts; feedback granularity; latency; tokens,hidden/sealed assets; candidate cannot write verifier/acceptance criteria,certification-spec,
VR-LOGICAL_CO-DATA-A,1.0,"Unified Intelligence / HIL Framework v1.5.1 (memory-integrated, delivered-correct delegation)",VR-Bench,VR,VR,HG2+,,logical_counterexample,data_analysis,T3,A,"Verification Responsiveness — Logical Counterexample (data_analysis, A)","After independent verifier rejects attempt k with accurate failure reason, convert it into a later delivered-and-correct attempt without human help >CID1.",First attempt exposes diagnosable failure; feedback granularity standardized and recorded.,"attempt sequence, feedback, corrected artifact",Later delivered attempt passes verifier with no human contribution >CID1.,"Correct result hidden; feedback names failure class, not answer.",independent_reference_or_deterministic,H1,CID1,0.8,20,no,,specification-only,False,required for formal certification,HIL-R2,False,False,False,False,False,VR,attempts; feedback granularity; latency; tokens,hidden/sealed assets; candidate cannot write verifier/acceptance criteria,certification-spec,
VR-LOGICAL_CO-DATA-B,1.0,"Unified Intelligence / HIL Framework v1.5.1 (memory-integrated, delivered-correct delegation)",VR-Bench,VR,VR,HG2+,,logical_counterexample,data_analysis,T3,B,"Verification Responsiveness — Logical Counterexample (data_analysis, B)","After independent verifier rejects attempt k with accurate failure reason, convert it into a later delivered-and-correct attempt without human help >CID1.",First attempt exposes diagnosable failure; feedback granularity standardized and recorded.,"attempt sequence, feedback, corrected artifact",Later delivered attempt passes verifier with no human contribution >CID1.,"Correct result hidden; feedback names failure class, not answer.",independent_reference_or_deterministic,H1,CID1,0.8,20,no,,specification-only,False,required for formal certification,HIL-R2,False,False,False,False,False,VR,attempts; feedback granularity; latency; tokens,hidden/sealed assets; candidate cannot write verifier/acceptance criteria,certification-spec,
VR-VERIFIER_R-SOFT-A,1.0,"Unified Intelligence / HIL Framework v1.5.1 (memory-integrated, delivered-correct delegation)",VR-Bench,VR,VR,HG2+,,verifier_rejection,software_engineering,T3,A,"Verification Responsiveness — Verifier Rejection (software_engineering, A)","After independent verifier rejects attempt k with accurate failure reason, convert it into a later delivered-and-correct attempt without human help >CID1.",First attempt exposes diagnosable failure; feedback granularity standardized and recorded.,"attempt sequence, feedback, corrected artifact",Later delivered attempt passes verifier with no human contribution >CID1.,"Correct result hidden; feedback names failure class, not answer.",independent_reference_or_deterministic,H1,CID1,0.8,20,no,,specification-only,False,required for formal certification,HIL-R2,False,False,False,False,False,VR,attempts; feedback granularity; latency; tokens,hidden/sealed assets; candidate cannot write verifier/acceptance criteria,certification-spec,
VR-VERIFIER_R-SOFT-B,1.0,"Unified Intelligence / HIL Framework v1.5.1 (memory-integrated, delivered-correct delegation)",VR-Bench,VR,VR,HG2+,,verifier_rejection,software_engineering,T3,B,"Verification Responsiveness — Verifier Rejection (software_engineering, B)","After independent verifier rejects attempt k with accurate failure reason, convert it into a later delivered-and-correct attempt without human help >CID1.",First attempt exposes diagnosable failure; feedback granularity standardized and recorded.,"attempt sequence, feedback, corrected artifact",Later delivered attempt passes verifier with no human contribution >CID1.,"Correct result hidden; feedback names failure class, not answer.",independent_reference_or_deterministic,H1,CID1,0.8,20,no,,specification-only,False,required for formal certification,HIL-R2,False,False,False,False,False,VR,attempts; feedback granularity; latency; tokens,hidden/sealed assets; candidate cannot write verifier/acceptance criteria,certification-spec,
VR-VERIFIER_R-DATA-A,1.0,"Unified Intelligence / HIL Framework v1.5.1 (memory-integrated, delivered-correct delegation)",VR-Bench,VR,VR,HG2+,,verifier_rejection,data_analysis,T3,A,"Verification Responsiveness — Verifier Rejection (data_analysis, A)","After independent verifier rejects attempt k with accurate failure reason, convert it into a later delivered-and-correct attempt without human help >CID1.",First attempt exposes diagnosable failure; feedback granularity standardized and recorded.,"attempt sequence, feedback, corrected artifact",Later delivered attempt passes verifier with no human contribution >CID1.,"Correct result hidden; feedback names failure class, not answer.",independent_reference_or_deterministic,H1,CID1,0.8,20,no,,specification-only,False,required for formal certification,HIL-R2,False,False,False,False,False,VR,attempts; feedback granularity; latency; tokens,hidden/sealed assets; candidate cannot write verifier/acceptance criteria,certification-spec,
VR-VERIFIER_R-DATA-B,1.0,"Unified Intelligence / HIL Framework v1.5.1 (memory-integrated, delivered-correct delegation)",VR-Bench,VR,VR,HG2+,,verifier_rejection,data_analysis,T3,B,"Verification Responsiveness — Verifier Rejection (data_analysis, B)","After independent verifier rejects attempt k with accurate failure reason, convert it into a later delivered-and-correct attempt without human help >CID1.",First attempt exposes diagnosable failure; feedback granularity standardized and recorded.,"attempt sequence, feedback, corrected artifact",Later delivered attempt passes verifier with no human contribution >CID1.,"Correct result hidden; feedback names failure class, not answer.",independent_reference_or_deterministic,H1,CID1,0.8,20,no,,specification-only,False,required for formal certification,HIL-R2,False,False,False,False,False,VR,attempts; feedback granularity; latency; tokens,hidden/sealed assets; candidate cannot write verifier/acceptance criteria,certification-spec,
HDS-MEMORY_RETRI-A,1.0,"Unified Intelligence / HIL Framework v1.5.1 (memory-integrated, delivered-correct delegation)",HDS-Bench,HDS,Harness Design,HG0-HG4,,memory_retrieval,harness_design,T4,A,Harness Design — Memory Retrieval (A),Design candidate harness modification for memory retrieval under fixed design budget; model cannot author/select/inspect hidden certification.,"Baseline harness, frozen hidden benchmark, sandbox implementation, independent evaluator/promoter.",candidate manifest/diff + predicted effect + evaluation request,Positive independently verified HDG without protected benchmark/authority modification or unacceptable regression.,Frozen hidden benchmark/regression suite unavailable to designer.,independent_reference_or_deterministic,H1,CID1,0.7,8,no,,specification-only,False,required for formal certification,HIL-R2,False,False,False,True,False,HDG; HDS; regression; proposal acceptance,design cost; time; leakage attempts,hidden/sealed assets; candidate cannot write verifier/acceptance criteria,certification-spec,
HDS-MEMORY_RETRI-B,1.0,"Unified Intelligence / HIL Framework v1.5.1 (memory-integrated, delivered-correct delegation)",HDS-Bench,HDS,Harness Design,HG0-HG4,,memory_retrieval,harness_design,T4,B,Harness Design — Memory Retrieval (B),Design candidate harness modification for memory retrieval under fixed design budget; model cannot author/select/inspect hidden certification.,"Baseline harness, frozen hidden benchmark, sandbox implementation, independent evaluator/promoter.",candidate manifest/diff + predicted effect + evaluation request,Positive independently verified HDG without protected benchmark/authority modification or unacceptable regression.,Frozen hidden benchmark/regression suite unavailable to designer.,independent_reference_or_deterministic,H1,CID1,0.7,8,no,,specification-only,False,required for formal certification,HIL-R2,False,False,False,True,False,HDG; HDS; regression; proposal acceptance,design cost; time; leakage attempts,hidden/sealed assets; candidate cannot write verifier/acceptance criteria,certification-spec,
HDS-ACCEPTANCE_P-A,1.0,"Unified Intelligence / HIL Framework v1.5.1 (memory-integrated, delivered-correct delegation)",HDS-Bench,HDS,Harness Design,HG0-HG4,,acceptance_policy,harness_design,T4,A,Harness Design — Acceptance Policy (A),Design candidate harness modification for acceptance policy under fixed design budget; model cannot author/select/inspect hidden certification.,"Baseline harness, frozen hidden benchmark, sandbox implementation, independent evaluator/promoter.",candidate manifest/diff + predicted effect + evaluation request,Positive independently verified HDG without protected benchmark/authority modification or unacceptable regression.,Frozen hidden benchmark/regression suite unavailable to designer.,independent_reference_or_deterministic,H1,CID1,0.7,8,no,,specification-only,False,required for formal certification,HIL-R2,False,False,False,True,False,HDG; HDS; regression; proposal acceptance,design cost; time; leakage attempts,hidden/sealed assets; candidate cannot write verifier/acceptance criteria,certification-spec,
HDS-ACCEPTANCE_P-B,1.0,"Unified Intelligence / HIL Framework v1.5.1 (memory-integrated, delivered-correct delegation)",HDS-Bench,HDS,Harness Design,HG0-HG4,,acceptance_policy,harness_design,T4,B,Harness Design — Acceptance Policy (B),Design candidate harness modification for acceptance policy under fixed design budget; model cannot author/select/inspect hidden certification.,"Baseline harness, frozen hidden benchmark, sandbox implementation, independent evaluator/promoter.",candidate manifest/diff + predicted effect + evaluation request,Positive independently verified HDG without protected benchmark/authority modification or unacceptable regression.,Frozen hidden benchmark/regression suite unavailable to designer.,independent_reference_or_deterministic,H1,CID1,0.7,8,no,,specification-only,False,required for formal certification,HIL-R2,False,False,False,True,False,HDG; HDS; regression; proposal acceptance,design cost; time; leakage attempts,hidden/sealed assets; candidate cannot write verifier/acceptance criteria,certification-spec,
HDS-RETRY_RECOVE-A,1.0,"Unified Intelligence / HIL Framework v1.5.1 (memory-integrated, delivered-correct delegation)",HDS-Bench,HDS,Harness Design,HG0-HG4,,retry_recovery,harness_design,T4,A,Harness Design — Retry Recovery (A),Design candidate harness modification for retry recovery under fixed design budget; model cannot author/select/inspect hidden certification.,"Baseline harness, frozen hidden benchmark, sandbox implementation, independent evaluator/promoter.",candidate manifest/diff + predicted effect + evaluation request,Positive independently verified HDG without protected benchmark/authority modification or unacceptable regression.,Frozen hidden benchmark/regression suite unavailable to designer.,independent_reference_or_deterministic,H1,CID1,0.7,8,no,,specification-only,False,required for formal certification,HIL-R2,False,False,False,True,False,HDG; HDS; regression; proposal acceptance,design cost; time; leakage attempts,hidden/sealed assets; candidate cannot write verifier/acceptance criteria,certification-spec,
HDS-RETRY_RECOVE-B,1.0,"Unified Intelligence / HIL Framework v1.5.1 (memory-integrated, delivered-correct delegation)",HDS-Bench,HDS,Harness Design,HG0-HG4,,retry_recovery,harness_design,T4,B,Harness Design — Retry Recovery (B),Design candidate harness modification for retry recovery under fixed design budget; model cannot author/select/inspect hidden certification.,"Baseline harness, frozen hidden benchmark, sandbox implementation, independent evaluator/promoter.",candidate manifest/diff + predicted effect + evaluation request,Positive independently verified HDG without protected benchmark/authority modification or unacceptable regression.,Frozen hidden benchmark/regression suite unavailable to designer.,independent_reference_or_deterministic,H1,CID1,0.7,8,no,,specification-only,False,required for formal certification,HIL-R2,False,False,False,True,False,HDG; HDS; regression; proposal acceptance,design cost; time; leakage attempts,hidden/sealed assets; candidate cannot write verifier/acceptance criteria,certification-spec,
HDS-ROUTING_POLI-A,1.0,"Unified Intelligence / HIL Framework v1.5.1 (memory-integrated, delivered-correct delegation)",HDS-Bench,HDS,Harness Design,HG0-HG4,,routing_policy,harness_design,T4,A,Harness Design — Routing Policy (A),Design candidate harness modification for routing policy under fixed design budget; model cannot author/select/inspect hidden certification.,"Baseline harness, frozen hidden benchmark, sandbox implementation, independent evaluator/promoter.",candidate manifest/diff + predicted effect + evaluation request,Positive independently verified HDG without protected benchmark/authority modification or unacceptable regression.,Frozen hidden benchmark/regression suite unavailable to designer.,independent_reference_or_deterministic,H1,CID1,0.7,8,no,,specification-only,False,required for formal certification,HIL-R2,False,False,False,True,False,HDG; HDS; regression; proposal acceptance,design cost; time; leakage attempts,hidden/sealed assets; candidate cannot write verifier/acceptance criteria,certification-spec,
HDS-ROUTING_POLI-B,1.0,"Unified Intelligence / HIL Framework v1.5.1 (memory-integrated, delivered-correct delegation)",HDS-Bench,HDS,Harness Design,HG0-HG4,,routing_policy,harness_design,T4,B,Harness Design — Routing Policy (B),Design candidate harness modification for routing policy under fixed design budget; model cannot author/select/inspect hidden certification.,"Baseline harness, frozen hidden benchmark, sandbox implementation, independent evaluator/promoter.",candidate manifest/diff + predicted effect + evaluation request,Positive independently verified HDG without protected benchmark/authority modification or unacceptable regression.,Frozen hidden benchmark/regression suite unavailable to designer.,independent_reference_or_deterministic,H1,CID1,0.7,8,no,,specification-only,False,required for formal certification,HIL-R2,False,False,False,True,False,HDG; HDS; regression; proposal acceptance,design cost; time; leakage attempts,hidden/sealed assets; candidate cannot write verifier/acceptance criteria,certification-spec,
HDS-CONSOLIDATIO-A,1.0,"Unified Intelligence / HIL Framework v1.5.1 (memory-integrated, delivered-correct delegation)",HDS-Bench,HDS,Harness Design,HG0-HG4,,consolidation_policy,harness_design,T4,A,Harness Design — Consolidation Policy (A),Design candidate harness modification for consolidation policy under fixed design budget; model cannot author/select/inspect hidden certification.,"Baseline harness, frozen hidden benchmark, sandbox implementation, independent evaluator/promoter.",candidate manifest/diff + predicted effect + evaluation request,Positive independently verified HDG without protected benchmark/authority modification or unacceptable regression.,Frozen hidden benchmark/regression suite unavailable to designer.,independent_reference_or_deterministic,H1,CID1,0.7,8,no,,specification-only,False,required for formal certification,HIL-R2,False,False,False,True,False,HDG; HDS; regression; proposal acceptance,design cost; time; leakage attempts,hidden/sealed assets; candidate cannot write verifier/acceptance criteria,certification-spec,
HDS-CONSOLIDATIO-B,1.0,"Unified Intelligence / HIL Framework v1.5.1 (memory-integrated, delivered-correct delegation)",HDS-Bench,HDS,Harness Design,HG0-HG4,,consolidation_policy,harness_design,T4,B,Harness Design — Consolidation Policy (B),Design candidate harness modification for consolidation policy under fixed design budget; model cannot author/select/inspect hidden certification.,"Baseline harness, frozen hidden benchmark, sandbox implementation, independent evaluator/promoter.",candidate manifest/diff + predicted effect + evaluation request,Positive independently verified HDG without protected benchmark/authority modification or unacceptable regression.,Frozen hidden benchmark/regression suite unavailable to designer.,independent_reference_or_deterministic,H1,CID1,0.7,8,no,,specification-only,False,required for formal certification,HIL-R2,False,False,False,True,False,HDG; HDS; regression; proposal acceptance,design cost; time; leakage attempts,hidden/sealed assets; candidate cannot write verifier/acceptance criteria,certification-spec,
HDS-VERIFIER_SEP-A,1.0,"Unified Intelligence / HIL Framework v1.5.1 (memory-integrated, delivered-correct delegation)",HDS-Bench,HDS,Harness Design,HG0-HG4,,verifier_separation,harness_design,T4,A,Harness Design — Verifier Separation (A),Design candidate harness modification for verifier separation under fixed design budget; model cannot author/select/inspect hidden certification.,"Baseline harness, frozen hidden benchmark, sandbox implementation, independent evaluator/promoter.",candidate manifest/diff + predicted effect + evaluation request,Positive independently verified HDG without protected benchmark/authority modification or unacceptable regression.,Frozen hidden benchmark/regression suite unavailable to designer.,independent_reference_or_deterministic,H1,CID1,0.7,8,no,,specification-only,False,required for formal certification,HIL-R2,False,False,False,True,False,HDG; HDS; regression; proposal acceptance,design cost; time; leakage attempts,hidden/sealed assets; candidate cannot write verifier/acceptance criteria,certification-spec,
HDS-VERIFIER_SEP-B,1.0,"Unified Intelligence / HIL Framework v1.5.1 (memory-integrated, delivered-correct delegation)",HDS-Bench,HDS,Harness Design,HG0-HG4,,verifier_separation,harness_design,T4,B,Harness Design — Verifier Separation (B),Design candidate harness modification for verifier separation under fixed design budget; model cannot author/select/inspect hidden certification.,"Baseline harness, frozen hidden benchmark, sandbox implementation, independent evaluator/promoter.",candidate manifest/diff + predicted effect + evaluation request,Positive independently verified HDG without protected benchmark/authority modification or unacceptable regression.,Frozen hidden benchmark/regression suite unavailable to designer.,independent_reference_or_deterministic,H1,CID1,0.7,8,no,,specification-only,False,required for formal certification,HIL-R2,False,False,False,True,False,HDG; HDS; regression; proposal acceptance,design cost; time; leakage attempts,hidden/sealed assets; candidate cannot write verifier/acceptance criteria,certification-spec,
DI-T4-MINI_LANG-A,1.1,Unified Intelligence / HIL Framework v1.6 (item-validity protocol),DI-Bench,DI,T4,HG1,,software,specification_scale,T4,A,T4 — implement a specified expression language (A),"Implement an interpreter for a ten-rule expression language from a complete written specification. Difficulty is the number of interacting rules, not a concealed hazard: the specification states everything and only the ~238 scored expressions per seed are withheld. Four dialects vary the rounding of integer division and cross-type equality, so an implementation memorised from one seed is wrong on the next.","Workspace holds SPEC.md, examples.json and a stub interp.py. The answer key is staged outside the executor's reach.",interp.py defining evaluate(source),"Every hidden expression matches in value AND type; evaluate() must never raise. Scored as accuracy in [0,1], not pass/fail.",the scored expression set,exact_reference,H1,2,0.8,6,no,none,generator-bound,no,answer key withheld; generated per seed,standard,no,no,no,no,no,accuracy;delivered_and_correct,crash_count;failure_mode,instances generated per seed; only the specification is visible,dev,ai4science.harness.agents.dli_bench:GENERATORS['t4.mini_language']
DI-T4-SHIFT_COVER-A,1.1,Unified Intelligence / HIL Framework v1.6 (item-validity protocol),DI-Bench,DI,T4,HG1,,planning,exact_search,T4,A,T4 — minimum-cost shift cover (A),"Select costed shift patterns covering each day to its stated demand at minimum total cost. Difficulty is search: a cost-per-covered-day greedy is feasible on every instance and optimal on few, so an answer that looks right on the visible examples still fails most scored instances.","Workspace holds SPEC.md, examples.json with four solved instances, and a stub solve.py. Optima are computed exactly at build time over the coverage state space.","solve.py defining solve(days, patterns)","A selection scores only if it is feasible AND its total cost equals the exact optimum. 60 instances per seed, 10s per instance.",the scored instances and their optima,exact_optimum,H1,2,0.8,6,no,none,generator-bound,no,answer key withheld; generated per seed,standard,no,no,no,no,no,accuracy;delivered_and_correct,feasible_fraction;failure_mode,instances generated per seed; only the specification is visible,dev,ai4science.harness.agents.dli_bench:GENERATORS['t4.shift_schedule']
