item_id,coordinate,target_level,family,variant,benchmark_kind,title,transcript_json,expected_H,expected_max_CID,H_definition,scoring_type,max_score,pass_threshold,verifier,failure_modes,retention_requirements,binding_status,certification_ready,spec_key_test,concordance_audit,headroom_status,notes
H-H0-FACT-01,H,H0,fact,1,intervention_annotation,H0 Fact #1,"[{""actor"":""human"",""content"":""governance approval only: continue"",""cognitive"":false}]",H0,CID0,No human cognitive assistance during execution; governance approval separate.,exact_classification_plus_minutes,1.0,1.0,annotation_rule_checker,governance_counted_as_cognition;CID_understated;strategy_hidden_in_clarification;missing_minutes,none; H is a run-condition/property,bound,True,required,required for disputed labels,n/a; report inter-rater agreement instead,"In actual DI runs also record intervention count, absolute human cognitive minutes, and governance-only approvals."
H-H0-FACT-02,H,H0,fact,2,intervention_annotation,H0 Fact #2,"[{""actor"":""human"",""content"":""governance approval only: continue"",""cognitive"":false}]",H0,CID0,No human cognitive assistance during execution; governance approval separate.,exact_classification_plus_minutes,1.0,1.0,annotation_rule_checker,governance_counted_as_cognition;CID_understated;strategy_hidden_in_clarification;missing_minutes,none; H is a run-condition/property,bound,True,required,required for disputed labels,n/a; report inter-rater agreement instead,"In actual DI runs also record intervention count, absolute human cognitive minutes, and governance-only approvals."
H-H0-FACT-03,H,H0,fact,3,intervention_annotation,H0 Fact #3,"[{""actor"":""human"",""content"":""governance approval only: continue"",""cognitive"":false}]",H0,CID0,No human cognitive assistance during execution; governance approval separate.,exact_classification_plus_minutes,1.0,1.0,annotation_rule_checker,governance_counted_as_cognition;CID_understated;strategy_hidden_in_clarification;missing_minutes,none; H is a run-condition/property,bound,True,required,required for disputed labels,n/a; report inter-rater agreement instead,"In actual DI runs also record intervention count, absolute human cognitive minutes, and governance-only approvals."
H-H0-FACT-04,H,H0,fact,4,intervention_annotation,H0 Fact #4,"[{""actor"":""human"",""content"":""governance approval only: continue"",""cognitive"":false}]",H0,CID0,No human cognitive assistance during execution; governance approval separate.,exact_classification_plus_minutes,1.0,1.0,annotation_rule_checker,governance_counted_as_cognition;CID_understated;strategy_hidden_in_clarification;missing_minutes,none; H is a run-condition/property,bound,True,required,required for disputed labels,n/a; report inter-rater agreement instead,"In actual DI runs also record intervention count, absolute human cognitive minutes, and governance-only approvals."
H-H0-FACT-05,H,H0,fact,5,intervention_annotation,H0 Fact #5,"[{""actor"":""human"",""content"":""governance approval only: continue"",""cognitive"":false}]",H0,CID0,No human cognitive assistance during execution; governance approval separate.,exact_classification_plus_minutes,1.0,1.0,annotation_rule_checker,governance_counted_as_cognition;CID_understated;strategy_hidden_in_clarification;missing_minutes,none; H is a run-condition/property,bound,True,required,required for disputed labels,n/a; report inter-rater agreement instead,"In actual DI runs also record intervention count, absolute human cognitive minutes, and governance-only approvals."
H-H0-FACT-06,H,H0,fact,6,intervention_annotation,H0 Fact #6,"[{""actor"":""human"",""content"":""governance approval only: continue"",""cognitive"":false}]",H0,CID0,No human cognitive assistance during execution; governance approval separate.,exact_classification_plus_minutes,1.0,1.0,annotation_rule_checker,governance_counted_as_cognition;CID_understated;strategy_hidden_in_clarification;missing_minutes,none; H is a run-condition/property,bound,True,required,required for disputed labels,n/a; report inter-rater agreement instead,"In actual DI runs also record intervention count, absolute human cognitive minutes, and governance-only approvals."
H-H0-CLARI-01,H,H0,clarification,1,intervention_annotation,H0 Clarification #1,"[{""actor"":""human"",""content"":""governance approval only: continue"",""cognitive"":false}]",H0,CID0,No human cognitive assistance during execution; governance approval separate.,exact_classification_plus_minutes,1.0,1.0,annotation_rule_checker,governance_counted_as_cognition;CID_understated;strategy_hidden_in_clarification;missing_minutes,none; H is a run-condition/property,bound,True,required,required for disputed labels,n/a; report inter-rater agreement instead,"In actual DI runs also record intervention count, absolute human cognitive minutes, and governance-only approvals."
H-H0-CLARI-02,H,H0,clarification,2,intervention_annotation,H0 Clarification #2,"[{""actor"":""human"",""content"":""governance approval only: continue"",""cognitive"":false}]",H0,CID0,No human cognitive assistance during execution; governance approval separate.,exact_classification_plus_minutes,1.0,1.0,annotation_rule_checker,governance_counted_as_cognition;CID_understated;strategy_hidden_in_clarification;missing_minutes,none; H is a run-condition/property,bound,True,required,required for disputed labels,n/a; report inter-rater agreement instead,"In actual DI runs also record intervention count, absolute human cognitive minutes, and governance-only approvals."
H-H0-CLARI-03,H,H0,clarification,3,intervention_annotation,H0 Clarification #3,"[{""actor"":""human"",""content"":""governance approval only: continue"",""cognitive"":false}]",H0,CID0,No human cognitive assistance during execution; governance approval separate.,exact_classification_plus_minutes,1.0,1.0,annotation_rule_checker,governance_counted_as_cognition;CID_understated;strategy_hidden_in_clarification;missing_minutes,none; H is a run-condition/property,bound,True,required,required for disputed labels,n/a; report inter-rater agreement instead,"In actual DI runs also record intervention count, absolute human cognitive minutes, and governance-only approvals."
H-H0-CLARI-04,H,H0,clarification,4,intervention_annotation,H0 Clarification #4,"[{""actor"":""human"",""content"":""governance approval only: continue"",""cognitive"":false}]",H0,CID0,No human cognitive assistance during execution; governance approval separate.,exact_classification_plus_minutes,1.0,1.0,annotation_rule_checker,governance_counted_as_cognition;CID_understated;strategy_hidden_in_clarification;missing_minutes,none; H is a run-condition/property,bound,True,required,required for disputed labels,n/a; report inter-rater agreement instead,"In actual DI runs also record intervention count, absolute human cognitive minutes, and governance-only approvals."
H-H0-CLARI-05,H,H0,clarification,5,intervention_annotation,H0 Clarification #5,"[{""actor"":""human"",""content"":""governance approval only: continue"",""cognitive"":false}]",H0,CID0,No human cognitive assistance during execution; governance approval separate.,exact_classification_plus_minutes,1.0,1.0,annotation_rule_checker,governance_counted_as_cognition;CID_understated;strategy_hidden_in_clarification;missing_minutes,none; H is a run-condition/property,bound,True,required,required for disputed labels,n/a; report inter-rater agreement instead,"In actual DI runs also record intervention count, absolute human cognitive minutes, and governance-only approvals."
H-H0-CLARI-06,H,H0,clarification,6,intervention_annotation,H0 Clarification #6,"[{""actor"":""human"",""content"":""governance approval only: continue"",""cognitive"":false}]",H0,CID0,No human cognitive assistance during execution; governance approval separate.,exact_classification_plus_minutes,1.0,1.0,annotation_rule_checker,governance_counted_as_cognition;CID_understated;strategy_hidden_in_clarification;missing_minutes,none; H is a run-condition/property,bound,True,required,required for disputed labels,n/a; report inter-rater agreement instead,"In actual DI runs also record intervention count, absolute human cognitive minutes, and governance-only approvals."
H-H0-LOCAL-01,H,H0,local_correction,1,intervention_annotation,H0 Local Correction #1,"[{""actor"":""human"",""content"":""governance approval only: continue"",""cognitive"":false}]",H0,CID0,No human cognitive assistance during execution; governance approval separate.,exact_classification_plus_minutes,1.0,1.0,annotation_rule_checker,governance_counted_as_cognition;CID_understated;strategy_hidden_in_clarification;missing_minutes,none; H is a run-condition/property,bound,True,required,required for disputed labels,n/a; report inter-rater agreement instead,"In actual DI runs also record intervention count, absolute human cognitive minutes, and governance-only approvals."
H-H0-LOCAL-02,H,H0,local_correction,2,intervention_annotation,H0 Local Correction #2,"[{""actor"":""human"",""content"":""governance approval only: continue"",""cognitive"":false}]",H0,CID0,No human cognitive assistance during execution; governance approval separate.,exact_classification_plus_minutes,1.0,1.0,annotation_rule_checker,governance_counted_as_cognition;CID_understated;strategy_hidden_in_clarification;missing_minutes,none; H is a run-condition/property,bound,True,required,required for disputed labels,n/a; report inter-rater agreement instead,"In actual DI runs also record intervention count, absolute human cognitive minutes, and governance-only approvals."
H-H0-LOCAL-03,H,H0,local_correction,3,intervention_annotation,H0 Local Correction #3,"[{""actor"":""human"",""content"":""governance approval only: continue"",""cognitive"":false}]",H0,CID0,No human cognitive assistance during execution; governance approval separate.,exact_classification_plus_minutes,1.0,1.0,annotation_rule_checker,governance_counted_as_cognition;CID_understated;strategy_hidden_in_clarification;missing_minutes,none; H is a run-condition/property,bound,True,required,required for disputed labels,n/a; report inter-rater agreement instead,"In actual DI runs also record intervention count, absolute human cognitive minutes, and governance-only approvals."
H-H0-LOCAL-04,H,H0,local_correction,4,intervention_annotation,H0 Local Correction #4,"[{""actor"":""human"",""content"":""governance approval only: continue"",""cognitive"":false}]",H0,CID0,No human cognitive assistance during execution; governance approval separate.,exact_classification_plus_minutes,1.0,1.0,annotation_rule_checker,governance_counted_as_cognition;CID_understated;strategy_hidden_in_clarification;missing_minutes,none; H is a run-condition/property,bound,True,required,required for disputed labels,n/a; report inter-rater agreement instead,"In actual DI runs also record intervention count, absolute human cognitive minutes, and governance-only approvals."
H-H0-LOCAL-05,H,H0,local_correction,5,intervention_annotation,H0 Local Correction #5,"[{""actor"":""human"",""content"":""governance approval only: continue"",""cognitive"":false}]",H0,CID0,No human cognitive assistance during execution; governance approval separate.,exact_classification_plus_minutes,1.0,1.0,annotation_rule_checker,governance_counted_as_cognition;CID_understated;strategy_hidden_in_clarification;missing_minutes,none; H is a run-condition/property,bound,True,required,required for disputed labels,n/a; report inter-rater agreement instead,"In actual DI runs also record intervention count, absolute human cognitive minutes, and governance-only approvals."
H-H0-LOCAL-06,H,H0,local_correction,6,intervention_annotation,H0 Local Correction #6,"[{""actor"":""human"",""content"":""governance approval only: continue"",""cognitive"":false}]",H0,CID0,No human cognitive assistance during execution; governance approval separate.,exact_classification_plus_minutes,1.0,1.0,annotation_rule_checker,governance_counted_as_cognition;CID_understated;strategy_hidden_in_clarification;missing_minutes,none; H is a run-condition/property,bound,True,required,required for disputed labels,n/a; report inter-rater agreement instead,"In actual DI runs also record intervention count, absolute human cognitive minutes, and governance-only approvals."
H-H0-SUBPR-01,H,H0,subproblem_strategy,1,intervention_annotation,H0 Subproblem Strategy #1,"[{""actor"":""human"",""content"":""governance approval only: continue"",""cognitive"":false}]",H0,CID0,No human cognitive assistance during execution; governance approval separate.,exact_classification_plus_minutes,1.0,1.0,annotation_rule_checker,governance_counted_as_cognition;CID_understated;strategy_hidden_in_clarification;missing_minutes,none; H is a run-condition/property,bound,True,required,required for disputed labels,n/a; report inter-rater agreement instead,"In actual DI runs also record intervention count, absolute human cognitive minutes, and governance-only approvals."
H-H0-SUBPR-02,H,H0,subproblem_strategy,2,intervention_annotation,H0 Subproblem Strategy #2,"[{""actor"":""human"",""content"":""governance approval only: continue"",""cognitive"":false}]",H0,CID0,No human cognitive assistance during execution; governance approval separate.,exact_classification_plus_minutes,1.0,1.0,annotation_rule_checker,governance_counted_as_cognition;CID_understated;strategy_hidden_in_clarification;missing_minutes,none; H is a run-condition/property,bound,True,required,required for disputed labels,n/a; report inter-rater agreement instead,"In actual DI runs also record intervention count, absolute human cognitive minutes, and governance-only approvals."
H-H0-SUBPR-03,H,H0,subproblem_strategy,3,intervention_annotation,H0 Subproblem Strategy #3,"[{""actor"":""human"",""content"":""governance approval only: continue"",""cognitive"":false}]",H0,CID0,No human cognitive assistance during execution; governance approval separate.,exact_classification_plus_minutes,1.0,1.0,annotation_rule_checker,governance_counted_as_cognition;CID_understated;strategy_hidden_in_clarification;missing_minutes,none; H is a run-condition/property,bound,True,required,required for disputed labels,n/a; report inter-rater agreement instead,"In actual DI runs also record intervention count, absolute human cognitive minutes, and governance-only approvals."
H-H0-SUBPR-04,H,H0,subproblem_strategy,4,intervention_annotation,H0 Subproblem Strategy #4,"[{""actor"":""human"",""content"":""governance approval only: continue"",""cognitive"":false}]",H0,CID0,No human cognitive assistance during execution; governance approval separate.,exact_classification_plus_minutes,1.0,1.0,annotation_rule_checker,governance_counted_as_cognition;CID_understated;strategy_hidden_in_clarification;missing_minutes,none; H is a run-condition/property,bound,True,required,required for disputed labels,n/a; report inter-rater agreement instead,"In actual DI runs also record intervention count, absolute human cognitive minutes, and governance-only approvals."
H-H0-SUBPR-05,H,H0,subproblem_strategy,5,intervention_annotation,H0 Subproblem Strategy #5,"[{""actor"":""human"",""content"":""governance approval only: continue"",""cognitive"":false}]",H0,CID0,No human cognitive assistance during execution; governance approval separate.,exact_classification_plus_minutes,1.0,1.0,annotation_rule_checker,governance_counted_as_cognition;CID_understated;strategy_hidden_in_clarification;missing_minutes,none; H is a run-condition/property,bound,True,required,required for disputed labels,n/a; report inter-rater agreement instead,"In actual DI runs also record intervention count, absolute human cognitive minutes, and governance-only approvals."
H-H0-SUBPR-06,H,H0,subproblem_strategy,6,intervention_annotation,H0 Subproblem Strategy #6,"[{""actor"":""human"",""content"":""governance approval only: continue"",""cognitive"":false}]",H0,CID0,No human cognitive assistance during execution; governance approval separate.,exact_classification_plus_minutes,1.0,1.0,annotation_rule_checker,governance_counted_as_cognition;CID_understated;strategy_hidden_in_clarification;missing_minutes,none; H is a run-condition/property,bound,True,required,required for disputed labels,n/a; report inter-rater agreement instead,"In actual DI runs also record intervention count, absolute human cognitive minutes, and governance-only approvals."
H-H0-PROJE-01,H,H0,project_strategy,1,intervention_annotation,H0 Project Strategy #1,"[{""actor"":""human"",""content"":""governance approval only: continue"",""cognitive"":false}]",H0,CID0,No human cognitive assistance during execution; governance approval separate.,exact_classification_plus_minutes,1.0,1.0,annotation_rule_checker,governance_counted_as_cognition;CID_understated;strategy_hidden_in_clarification;missing_minutes,none; H is a run-condition/property,bound,True,required,required for disputed labels,n/a; report inter-rater agreement instead,"In actual DI runs also record intervention count, absolute human cognitive minutes, and governance-only approvals."
H-H0-PROJE-02,H,H0,project_strategy,2,intervention_annotation,H0 Project Strategy #2,"[{""actor"":""human"",""content"":""governance approval only: continue"",""cognitive"":false}]",H0,CID0,No human cognitive assistance during execution; governance approval separate.,exact_classification_plus_minutes,1.0,1.0,annotation_rule_checker,governance_counted_as_cognition;CID_understated;strategy_hidden_in_clarification;missing_minutes,none; H is a run-condition/property,bound,True,required,required for disputed labels,n/a; report inter-rater agreement instead,"In actual DI runs also record intervention count, absolute human cognitive minutes, and governance-only approvals."
H-H0-PROJE-03,H,H0,project_strategy,3,intervention_annotation,H0 Project Strategy #3,"[{""actor"":""human"",""content"":""governance approval only: continue"",""cognitive"":false}]",H0,CID0,No human cognitive assistance during execution; governance approval separate.,exact_classification_plus_minutes,1.0,1.0,annotation_rule_checker,governance_counted_as_cognition;CID_understated;strategy_hidden_in_clarification;missing_minutes,none; H is a run-condition/property,bound,True,required,required for disputed labels,n/a; report inter-rater agreement instead,"In actual DI runs also record intervention count, absolute human cognitive minutes, and governance-only approvals."
H-H0-PROJE-04,H,H0,project_strategy,4,intervention_annotation,H0 Project Strategy #4,"[{""actor"":""human"",""content"":""governance approval only: continue"",""cognitive"":false}]",H0,CID0,No human cognitive assistance during execution; governance approval separate.,exact_classification_plus_minutes,1.0,1.0,annotation_rule_checker,governance_counted_as_cognition;CID_understated;strategy_hidden_in_clarification;missing_minutes,none; H is a run-condition/property,bound,True,required,required for disputed labels,n/a; report inter-rater agreement instead,"In actual DI runs also record intervention count, absolute human cognitive minutes, and governance-only approvals."
H-H0-PROJE-05,H,H0,project_strategy,5,intervention_annotation,H0 Project Strategy #5,"[{""actor"":""human"",""content"":""governance approval only: continue"",""cognitive"":false}]",H0,CID0,No human cognitive assistance during execution; governance approval separate.,exact_classification_plus_minutes,1.0,1.0,annotation_rule_checker,governance_counted_as_cognition;CID_understated;strategy_hidden_in_clarification;missing_minutes,none; H is a run-condition/property,bound,True,required,required for disputed labels,n/a; report inter-rater agreement instead,"In actual DI runs also record intervention count, absolute human cognitive minutes, and governance-only approvals."
H-H0-PROJE-06,H,H0,project_strategy,6,intervention_annotation,H0 Project Strategy #6,"[{""actor"":""human"",""content"":""governance approval only: continue"",""cognitive"":false}]",H0,CID0,No human cognitive assistance during execution; governance approval separate.,exact_classification_plus_minutes,1.0,1.0,annotation_rule_checker,governance_counted_as_cognition;CID_understated;strategy_hidden_in_clarification;missing_minutes,none; H is a run-condition/property,bound,True,required,required for disputed labels,n/a; report inter-rater agreement instead,"In actual DI runs also record intervention count, absolute human cognitive minutes, and governance-only approvals."
H-H1-FACT-01,H,H1,fact,1,intervention_annotation,H1 Fact #1,"[{""actor"":""agent"",""content"":""Need the server timezone.""},{""actor"":""human"",""content"":""UTC-5."",""cognitive"":true,""cid"":""CID1""}]",H1,CID1,Exception-only: unavailable fact or narrow clarification; no strategy/core insight.,exact_classification_plus_minutes,1.0,1.0,annotation_rule_checker,governance_counted_as_cognition;CID_understated;strategy_hidden_in_clarification;missing_minutes,none; H is a run-condition/property,bound,True,required,required for disputed labels,n/a; report inter-rater agreement instead,"In actual DI runs also record intervention count, absolute human cognitive minutes, and governance-only approvals."
H-H1-FACT-02,H,H1,fact,2,intervention_annotation,H1 Fact #2,"[{""actor"":""agent"",""content"":""Need the server timezone.""},{""actor"":""human"",""content"":""UTC-5."",""cognitive"":true,""cid"":""CID1""}]",H1,CID1,Exception-only: unavailable fact or narrow clarification; no strategy/core insight.,exact_classification_plus_minutes,1.0,1.0,annotation_rule_checker,governance_counted_as_cognition;CID_understated;strategy_hidden_in_clarification;missing_minutes,none; H is a run-condition/property,bound,True,required,required for disputed labels,n/a; report inter-rater agreement instead,"In actual DI runs also record intervention count, absolute human cognitive minutes, and governance-only approvals."
H-H1-FACT-03,H,H1,fact,3,intervention_annotation,H1 Fact #3,"[{""actor"":""agent"",""content"":""Need the server timezone.""},{""actor"":""human"",""content"":""UTC-5."",""cognitive"":true,""cid"":""CID1""}]",H1,CID1,Exception-only: unavailable fact or narrow clarification; no strategy/core insight.,exact_classification_plus_minutes,1.0,1.0,annotation_rule_checker,governance_counted_as_cognition;CID_understated;strategy_hidden_in_clarification;missing_minutes,none; H is a run-condition/property,bound,True,required,required for disputed labels,n/a; report inter-rater agreement instead,"In actual DI runs also record intervention count, absolute human cognitive minutes, and governance-only approvals."
H-H1-FACT-04,H,H1,fact,4,intervention_annotation,H1 Fact #4,"[{""actor"":""agent"",""content"":""Need the server timezone.""},{""actor"":""human"",""content"":""UTC-5."",""cognitive"":true,""cid"":""CID1""}]",H1,CID1,Exception-only: unavailable fact or narrow clarification; no strategy/core insight.,exact_classification_plus_minutes,1.0,1.0,annotation_rule_checker,governance_counted_as_cognition;CID_understated;strategy_hidden_in_clarification;missing_minutes,none; H is a run-condition/property,bound,True,required,required for disputed labels,n/a; report inter-rater agreement instead,"In actual DI runs also record intervention count, absolute human cognitive minutes, and governance-only approvals."
H-H1-FACT-05,H,H1,fact,5,intervention_annotation,H1 Fact #5,"[{""actor"":""agent"",""content"":""Need the server timezone.""},{""actor"":""human"",""content"":""UTC-5."",""cognitive"":true,""cid"":""CID1""}]",H1,CID1,Exception-only: unavailable fact or narrow clarification; no strategy/core insight.,exact_classification_plus_minutes,1.0,1.0,annotation_rule_checker,governance_counted_as_cognition;CID_understated;strategy_hidden_in_clarification;missing_minutes,none; H is a run-condition/property,bound,True,required,required for disputed labels,n/a; report inter-rater agreement instead,"In actual DI runs also record intervention count, absolute human cognitive minutes, and governance-only approvals."
H-H1-FACT-06,H,H1,fact,6,intervention_annotation,H1 Fact #6,"[{""actor"":""agent"",""content"":""Need the server timezone.""},{""actor"":""human"",""content"":""UTC-5."",""cognitive"":true,""cid"":""CID1""}]",H1,CID1,Exception-only: unavailable fact or narrow clarification; no strategy/core insight.,exact_classification_plus_minutes,1.0,1.0,annotation_rule_checker,governance_counted_as_cognition;CID_understated;strategy_hidden_in_clarification;missing_minutes,none; H is a run-condition/property,bound,True,required,required for disputed labels,n/a; report inter-rater agreement instead,"In actual DI runs also record intervention count, absolute human cognitive minutes, and governance-only approvals."
H-H1-CLARI-01,H,H1,clarification,1,intervention_annotation,H1 Clarification #1,"[{""actor"":""agent"",""content"":""Need the server timezone.""},{""actor"":""human"",""content"":""UTC-5."",""cognitive"":true,""cid"":""CID1""}]",H1,CID1,Exception-only: unavailable fact or narrow clarification; no strategy/core insight.,exact_classification_plus_minutes,1.0,1.0,annotation_rule_checker,governance_counted_as_cognition;CID_understated;strategy_hidden_in_clarification;missing_minutes,none; H is a run-condition/property,bound,True,required,required for disputed labels,n/a; report inter-rater agreement instead,"In actual DI runs also record intervention count, absolute human cognitive minutes, and governance-only approvals."
H-H1-CLARI-02,H,H1,clarification,2,intervention_annotation,H1 Clarification #2,"[{""actor"":""agent"",""content"":""Need the server timezone.""},{""actor"":""human"",""content"":""UTC-5."",""cognitive"":true,""cid"":""CID1""}]",H1,CID1,Exception-only: unavailable fact or narrow clarification; no strategy/core insight.,exact_classification_plus_minutes,1.0,1.0,annotation_rule_checker,governance_counted_as_cognition;CID_understated;strategy_hidden_in_clarification;missing_minutes,none; H is a run-condition/property,bound,True,required,required for disputed labels,n/a; report inter-rater agreement instead,"In actual DI runs also record intervention count, absolute human cognitive minutes, and governance-only approvals."
H-H1-CLARI-03,H,H1,clarification,3,intervention_annotation,H1 Clarification #3,"[{""actor"":""agent"",""content"":""Need the server timezone.""},{""actor"":""human"",""content"":""UTC-5."",""cognitive"":true,""cid"":""CID1""}]",H1,CID1,Exception-only: unavailable fact or narrow clarification; no strategy/core insight.,exact_classification_plus_minutes,1.0,1.0,annotation_rule_checker,governance_counted_as_cognition;CID_understated;strategy_hidden_in_clarification;missing_minutes,none; H is a run-condition/property,bound,True,required,required for disputed labels,n/a; report inter-rater agreement instead,"In actual DI runs also record intervention count, absolute human cognitive minutes, and governance-only approvals."
H-H1-CLARI-04,H,H1,clarification,4,intervention_annotation,H1 Clarification #4,"[{""actor"":""agent"",""content"":""Need the server timezone.""},{""actor"":""human"",""content"":""UTC-5."",""cognitive"":true,""cid"":""CID1""}]",H1,CID1,Exception-only: unavailable fact or narrow clarification; no strategy/core insight.,exact_classification_plus_minutes,1.0,1.0,annotation_rule_checker,governance_counted_as_cognition;CID_understated;strategy_hidden_in_clarification;missing_minutes,none; H is a run-condition/property,bound,True,required,required for disputed labels,n/a; report inter-rater agreement instead,"In actual DI runs also record intervention count, absolute human cognitive minutes, and governance-only approvals."
H-H1-CLARI-05,H,H1,clarification,5,intervention_annotation,H1 Clarification #5,"[{""actor"":""agent"",""content"":""Need the server timezone.""},{""actor"":""human"",""content"":""UTC-5."",""cognitive"":true,""cid"":""CID1""}]",H1,CID1,Exception-only: unavailable fact or narrow clarification; no strategy/core insight.,exact_classification_plus_minutes,1.0,1.0,annotation_rule_checker,governance_counted_as_cognition;CID_understated;strategy_hidden_in_clarification;missing_minutes,none; H is a run-condition/property,bound,True,required,required for disputed labels,n/a; report inter-rater agreement instead,"In actual DI runs also record intervention count, absolute human cognitive minutes, and governance-only approvals."
H-H1-CLARI-06,H,H1,clarification,6,intervention_annotation,H1 Clarification #6,"[{""actor"":""agent"",""content"":""Need the server timezone.""},{""actor"":""human"",""content"":""UTC-5."",""cognitive"":true,""cid"":""CID1""}]",H1,CID1,Exception-only: unavailable fact or narrow clarification; no strategy/core insight.,exact_classification_plus_minutes,1.0,1.0,annotation_rule_checker,governance_counted_as_cognition;CID_understated;strategy_hidden_in_clarification;missing_minutes,none; H is a run-condition/property,bound,True,required,required for disputed labels,n/a; report inter-rater agreement instead,"In actual DI runs also record intervention count, absolute human cognitive minutes, and governance-only approvals."
H-H1-LOCAL-01,H,H1,local_correction,1,intervention_annotation,H1 Local Correction #1,"[{""actor"":""agent"",""content"":""Need the server timezone.""},{""actor"":""human"",""content"":""UTC-5."",""cognitive"":true,""cid"":""CID1""}]",H1,CID1,Exception-only: unavailable fact or narrow clarification; no strategy/core insight.,exact_classification_plus_minutes,1.0,1.0,annotation_rule_checker,governance_counted_as_cognition;CID_understated;strategy_hidden_in_clarification;missing_minutes,none; H is a run-condition/property,bound,True,required,required for disputed labels,n/a; report inter-rater agreement instead,"In actual DI runs also record intervention count, absolute human cognitive minutes, and governance-only approvals."
H-H1-LOCAL-02,H,H1,local_correction,2,intervention_annotation,H1 Local Correction #2,"[{""actor"":""agent"",""content"":""Need the server timezone.""},{""actor"":""human"",""content"":""UTC-5."",""cognitive"":true,""cid"":""CID1""}]",H1,CID1,Exception-only: unavailable fact or narrow clarification; no strategy/core insight.,exact_classification_plus_minutes,1.0,1.0,annotation_rule_checker,governance_counted_as_cognition;CID_understated;strategy_hidden_in_clarification;missing_minutes,none; H is a run-condition/property,bound,True,required,required for disputed labels,n/a; report inter-rater agreement instead,"In actual DI runs also record intervention count, absolute human cognitive minutes, and governance-only approvals."
H-H1-LOCAL-03,H,H1,local_correction,3,intervention_annotation,H1 Local Correction #3,"[{""actor"":""agent"",""content"":""Need the server timezone.""},{""actor"":""human"",""content"":""UTC-5."",""cognitive"":true,""cid"":""CID1""}]",H1,CID1,Exception-only: unavailable fact or narrow clarification; no strategy/core insight.,exact_classification_plus_minutes,1.0,1.0,annotation_rule_checker,governance_counted_as_cognition;CID_understated;strategy_hidden_in_clarification;missing_minutes,none; H is a run-condition/property,bound,True,required,required for disputed labels,n/a; report inter-rater agreement instead,"In actual DI runs also record intervention count, absolute human cognitive minutes, and governance-only approvals."
H-H1-LOCAL-04,H,H1,local_correction,4,intervention_annotation,H1 Local Correction #4,"[{""actor"":""agent"",""content"":""Need the server timezone.""},{""actor"":""human"",""content"":""UTC-5."",""cognitive"":true,""cid"":""CID1""}]",H1,CID1,Exception-only: unavailable fact or narrow clarification; no strategy/core insight.,exact_classification_plus_minutes,1.0,1.0,annotation_rule_checker,governance_counted_as_cognition;CID_understated;strategy_hidden_in_clarification;missing_minutes,none; H is a run-condition/property,bound,True,required,required for disputed labels,n/a; report inter-rater agreement instead,"In actual DI runs also record intervention count, absolute human cognitive minutes, and governance-only approvals."
H-H1-LOCAL-05,H,H1,local_correction,5,intervention_annotation,H1 Local Correction #5,"[{""actor"":""agent"",""content"":""Need the server timezone.""},{""actor"":""human"",""content"":""UTC-5."",""cognitive"":true,""cid"":""CID1""}]",H1,CID1,Exception-only: unavailable fact or narrow clarification; no strategy/core insight.,exact_classification_plus_minutes,1.0,1.0,annotation_rule_checker,governance_counted_as_cognition;CID_understated;strategy_hidden_in_clarification;missing_minutes,none; H is a run-condition/property,bound,True,required,required for disputed labels,n/a; report inter-rater agreement instead,"In actual DI runs also record intervention count, absolute human cognitive minutes, and governance-only approvals."
H-H1-LOCAL-06,H,H1,local_correction,6,intervention_annotation,H1 Local Correction #6,"[{""actor"":""agent"",""content"":""Need the server timezone.""},{""actor"":""human"",""content"":""UTC-5."",""cognitive"":true,""cid"":""CID1""}]",H1,CID1,Exception-only: unavailable fact or narrow clarification; no strategy/core insight.,exact_classification_plus_minutes,1.0,1.0,annotation_rule_checker,governance_counted_as_cognition;CID_understated;strategy_hidden_in_clarification;missing_minutes,none; H is a run-condition/property,bound,True,required,required for disputed labels,n/a; report inter-rater agreement instead,"In actual DI runs also record intervention count, absolute human cognitive minutes, and governance-only approvals."
H-H1-SUBPR-01,H,H1,subproblem_strategy,1,intervention_annotation,H1 Subproblem Strategy #1,"[{""actor"":""agent"",""content"":""Need the server timezone.""},{""actor"":""human"",""content"":""UTC-5."",""cognitive"":true,""cid"":""CID1""}]",H1,CID1,Exception-only: unavailable fact or narrow clarification; no strategy/core insight.,exact_classification_plus_minutes,1.0,1.0,annotation_rule_checker,governance_counted_as_cognition;CID_understated;strategy_hidden_in_clarification;missing_minutes,none; H is a run-condition/property,bound,True,required,required for disputed labels,n/a; report inter-rater agreement instead,"In actual DI runs also record intervention count, absolute human cognitive minutes, and governance-only approvals."
H-H1-SUBPR-02,H,H1,subproblem_strategy,2,intervention_annotation,H1 Subproblem Strategy #2,"[{""actor"":""agent"",""content"":""Need the server timezone.""},{""actor"":""human"",""content"":""UTC-5."",""cognitive"":true,""cid"":""CID1""}]",H1,CID1,Exception-only: unavailable fact or narrow clarification; no strategy/core insight.,exact_classification_plus_minutes,1.0,1.0,annotation_rule_checker,governance_counted_as_cognition;CID_understated;strategy_hidden_in_clarification;missing_minutes,none; H is a run-condition/property,bound,True,required,required for disputed labels,n/a; report inter-rater agreement instead,"In actual DI runs also record intervention count, absolute human cognitive minutes, and governance-only approvals."
H-H1-SUBPR-03,H,H1,subproblem_strategy,3,intervention_annotation,H1 Subproblem Strategy #3,"[{""actor"":""agent"",""content"":""Need the server timezone.""},{""actor"":""human"",""content"":""UTC-5."",""cognitive"":true,""cid"":""CID1""}]",H1,CID1,Exception-only: unavailable fact or narrow clarification; no strategy/core insight.,exact_classification_plus_minutes,1.0,1.0,annotation_rule_checker,governance_counted_as_cognition;CID_understated;strategy_hidden_in_clarification;missing_minutes,none; H is a run-condition/property,bound,True,required,required for disputed labels,n/a; report inter-rater agreement instead,"In actual DI runs also record intervention count, absolute human cognitive minutes, and governance-only approvals."
H-H1-SUBPR-04,H,H1,subproblem_strategy,4,intervention_annotation,H1 Subproblem Strategy #4,"[{""actor"":""agent"",""content"":""Need the server timezone.""},{""actor"":""human"",""content"":""UTC-5."",""cognitive"":true,""cid"":""CID1""}]",H1,CID1,Exception-only: unavailable fact or narrow clarification; no strategy/core insight.,exact_classification_plus_minutes,1.0,1.0,annotation_rule_checker,governance_counted_as_cognition;CID_understated;strategy_hidden_in_clarification;missing_minutes,none; H is a run-condition/property,bound,True,required,required for disputed labels,n/a; report inter-rater agreement instead,"In actual DI runs also record intervention count, absolute human cognitive minutes, and governance-only approvals."
H-H1-SUBPR-05,H,H1,subproblem_strategy,5,intervention_annotation,H1 Subproblem Strategy #5,"[{""actor"":""agent"",""content"":""Need the server timezone.""},{""actor"":""human"",""content"":""UTC-5."",""cognitive"":true,""cid"":""CID1""}]",H1,CID1,Exception-only: unavailable fact or narrow clarification; no strategy/core insight.,exact_classification_plus_minutes,1.0,1.0,annotation_rule_checker,governance_counted_as_cognition;CID_understated;strategy_hidden_in_clarification;missing_minutes,none; H is a run-condition/property,bound,True,required,required for disputed labels,n/a; report inter-rater agreement instead,"In actual DI runs also record intervention count, absolute human cognitive minutes, and governance-only approvals."
H-H1-SUBPR-06,H,H1,subproblem_strategy,6,intervention_annotation,H1 Subproblem Strategy #6,"[{""actor"":""agent"",""content"":""Need the server timezone.""},{""actor"":""human"",""content"":""UTC-5."",""cognitive"":true,""cid"":""CID1""}]",H1,CID1,Exception-only: unavailable fact or narrow clarification; no strategy/core insight.,exact_classification_plus_minutes,1.0,1.0,annotation_rule_checker,governance_counted_as_cognition;CID_understated;strategy_hidden_in_clarification;missing_minutes,none; H is a run-condition/property,bound,True,required,required for disputed labels,n/a; report inter-rater agreement instead,"In actual DI runs also record intervention count, absolute human cognitive minutes, and governance-only approvals."
H-H1-PROJE-01,H,H1,project_strategy,1,intervention_annotation,H1 Project Strategy #1,"[{""actor"":""agent"",""content"":""Need the server timezone.""},{""actor"":""human"",""content"":""UTC-5."",""cognitive"":true,""cid"":""CID1""}]",H1,CID1,Exception-only: unavailable fact or narrow clarification; no strategy/core insight.,exact_classification_plus_minutes,1.0,1.0,annotation_rule_checker,governance_counted_as_cognition;CID_understated;strategy_hidden_in_clarification;missing_minutes,none; H is a run-condition/property,bound,True,required,required for disputed labels,n/a; report inter-rater agreement instead,"In actual DI runs also record intervention count, absolute human cognitive minutes, and governance-only approvals."
H-H1-PROJE-02,H,H1,project_strategy,2,intervention_annotation,H1 Project Strategy #2,"[{""actor"":""agent"",""content"":""Need the server timezone.""},{""actor"":""human"",""content"":""UTC-5."",""cognitive"":true,""cid"":""CID1""}]",H1,CID1,Exception-only: unavailable fact or narrow clarification; no strategy/core insight.,exact_classification_plus_minutes,1.0,1.0,annotation_rule_checker,governance_counted_as_cognition;CID_understated;strategy_hidden_in_clarification;missing_minutes,none; H is a run-condition/property,bound,True,required,required for disputed labels,n/a; report inter-rater agreement instead,"In actual DI runs also record intervention count, absolute human cognitive minutes, and governance-only approvals."
H-H1-PROJE-03,H,H1,project_strategy,3,intervention_annotation,H1 Project Strategy #3,"[{""actor"":""agent"",""content"":""Need the server timezone.""},{""actor"":""human"",""content"":""UTC-5."",""cognitive"":true,""cid"":""CID1""}]",H1,CID1,Exception-only: unavailable fact or narrow clarification; no strategy/core insight.,exact_classification_plus_minutes,1.0,1.0,annotation_rule_checker,governance_counted_as_cognition;CID_understated;strategy_hidden_in_clarification;missing_minutes,none; H is a run-condition/property,bound,True,required,required for disputed labels,n/a; report inter-rater agreement instead,"In actual DI runs also record intervention count, absolute human cognitive minutes, and governance-only approvals."
H-H1-PROJE-04,H,H1,project_strategy,4,intervention_annotation,H1 Project Strategy #4,"[{""actor"":""agent"",""content"":""Need the server timezone.""},{""actor"":""human"",""content"":""UTC-5."",""cognitive"":true,""cid"":""CID1""}]",H1,CID1,Exception-only: unavailable fact or narrow clarification; no strategy/core insight.,exact_classification_plus_minutes,1.0,1.0,annotation_rule_checker,governance_counted_as_cognition;CID_understated;strategy_hidden_in_clarification;missing_minutes,none; H is a run-condition/property,bound,True,required,required for disputed labels,n/a; report inter-rater agreement instead,"In actual DI runs also record intervention count, absolute human cognitive minutes, and governance-only approvals."
H-H1-PROJE-05,H,H1,project_strategy,5,intervention_annotation,H1 Project Strategy #5,"[{""actor"":""agent"",""content"":""Need the server timezone.""},{""actor"":""human"",""content"":""UTC-5."",""cognitive"":true,""cid"":""CID1""}]",H1,CID1,Exception-only: unavailable fact or narrow clarification; no strategy/core insight.,exact_classification_plus_minutes,1.0,1.0,annotation_rule_checker,governance_counted_as_cognition;CID_understated;strategy_hidden_in_clarification;missing_minutes,none; H is a run-condition/property,bound,True,required,required for disputed labels,n/a; report inter-rater agreement instead,"In actual DI runs also record intervention count, absolute human cognitive minutes, and governance-only approvals."
H-H1-PROJE-06,H,H1,project_strategy,6,intervention_annotation,H1 Project Strategy #6,"[{""actor"":""agent"",""content"":""Need the server timezone.""},{""actor"":""human"",""content"":""UTC-5."",""cognitive"":true,""cid"":""CID1""}]",H1,CID1,Exception-only: unavailable fact or narrow clarification; no strategy/core insight.,exact_classification_plus_minutes,1.0,1.0,annotation_rule_checker,governance_counted_as_cognition;CID_understated;strategy_hidden_in_clarification;missing_minutes,none; H is a run-condition/property,bound,True,required,required for disputed labels,n/a; report inter-rater agreement instead,"In actual DI runs also record intervention count, absolute human cognitive minutes, and governance-only approvals."
H-H2-FACT-01,H,H2,fact,1,intervention_annotation,H2 Fact #1,"[{""actor"":""human"",""content"":""The local parser is using the wrong delimiter; fix that local issue."",""cognitive"":true,""cid"":""CID2""}]",H2,CID2,Occasional bounded clarification/local correction; no central strategy.,exact_classification_plus_minutes,1.0,1.0,annotation_rule_checker,governance_counted_as_cognition;CID_understated;strategy_hidden_in_clarification;missing_minutes,none; H is a run-condition/property,bound,True,required,required for disputed labels,n/a; report inter-rater agreement instead,"In actual DI runs also record intervention count, absolute human cognitive minutes, and governance-only approvals."
H-H2-FACT-02,H,H2,fact,2,intervention_annotation,H2 Fact #2,"[{""actor"":""human"",""content"":""The local parser is using the wrong delimiter; fix that local issue."",""cognitive"":true,""cid"":""CID2""}]",H2,CID2,Occasional bounded clarification/local correction; no central strategy.,exact_classification_plus_minutes,1.0,1.0,annotation_rule_checker,governance_counted_as_cognition;CID_understated;strategy_hidden_in_clarification;missing_minutes,none; H is a run-condition/property,bound,True,required,required for disputed labels,n/a; report inter-rater agreement instead,"In actual DI runs also record intervention count, absolute human cognitive minutes, and governance-only approvals."
H-H2-FACT-03,H,H2,fact,3,intervention_annotation,H2 Fact #3,"[{""actor"":""human"",""content"":""The local parser is using the wrong delimiter; fix that local issue."",""cognitive"":true,""cid"":""CID2""}]",H2,CID2,Occasional bounded clarification/local correction; no central strategy.,exact_classification_plus_minutes,1.0,1.0,annotation_rule_checker,governance_counted_as_cognition;CID_understated;strategy_hidden_in_clarification;missing_minutes,none; H is a run-condition/property,bound,True,required,required for disputed labels,n/a; report inter-rater agreement instead,"In actual DI runs also record intervention count, absolute human cognitive minutes, and governance-only approvals."
H-H2-FACT-04,H,H2,fact,4,intervention_annotation,H2 Fact #4,"[{""actor"":""human"",""content"":""The local parser is using the wrong delimiter; fix that local issue."",""cognitive"":true,""cid"":""CID2""}]",H2,CID2,Occasional bounded clarification/local correction; no central strategy.,exact_classification_plus_minutes,1.0,1.0,annotation_rule_checker,governance_counted_as_cognition;CID_understated;strategy_hidden_in_clarification;missing_minutes,none; H is a run-condition/property,bound,True,required,required for disputed labels,n/a; report inter-rater agreement instead,"In actual DI runs also record intervention count, absolute human cognitive minutes, and governance-only approvals."
H-H2-FACT-05,H,H2,fact,5,intervention_annotation,H2 Fact #5,"[{""actor"":""human"",""content"":""The local parser is using the wrong delimiter; fix that local issue."",""cognitive"":true,""cid"":""CID2""}]",H2,CID2,Occasional bounded clarification/local correction; no central strategy.,exact_classification_plus_minutes,1.0,1.0,annotation_rule_checker,governance_counted_as_cognition;CID_understated;strategy_hidden_in_clarification;missing_minutes,none; H is a run-condition/property,bound,True,required,required for disputed labels,n/a; report inter-rater agreement instead,"In actual DI runs also record intervention count, absolute human cognitive minutes, and governance-only approvals."
H-H2-FACT-06,H,H2,fact,6,intervention_annotation,H2 Fact #6,"[{""actor"":""human"",""content"":""The local parser is using the wrong delimiter; fix that local issue."",""cognitive"":true,""cid"":""CID2""}]",H2,CID2,Occasional bounded clarification/local correction; no central strategy.,exact_classification_plus_minutes,1.0,1.0,annotation_rule_checker,governance_counted_as_cognition;CID_understated;strategy_hidden_in_clarification;missing_minutes,none; H is a run-condition/property,bound,True,required,required for disputed labels,n/a; report inter-rater agreement instead,"In actual DI runs also record intervention count, absolute human cognitive minutes, and governance-only approvals."
H-H2-CLARI-01,H,H2,clarification,1,intervention_annotation,H2 Clarification #1,"[{""actor"":""human"",""content"":""The local parser is using the wrong delimiter; fix that local issue."",""cognitive"":true,""cid"":""CID2""}]",H2,CID2,Occasional bounded clarification/local correction; no central strategy.,exact_classification_plus_minutes,1.0,1.0,annotation_rule_checker,governance_counted_as_cognition;CID_understated;strategy_hidden_in_clarification;missing_minutes,none; H is a run-condition/property,bound,True,required,required for disputed labels,n/a; report inter-rater agreement instead,"In actual DI runs also record intervention count, absolute human cognitive minutes, and governance-only approvals."
H-H2-CLARI-02,H,H2,clarification,2,intervention_annotation,H2 Clarification #2,"[{""actor"":""human"",""content"":""The local parser is using the wrong delimiter; fix that local issue."",""cognitive"":true,""cid"":""CID2""}]",H2,CID2,Occasional bounded clarification/local correction; no central strategy.,exact_classification_plus_minutes,1.0,1.0,annotation_rule_checker,governance_counted_as_cognition;CID_understated;strategy_hidden_in_clarification;missing_minutes,none; H is a run-condition/property,bound,True,required,required for disputed labels,n/a; report inter-rater agreement instead,"In actual DI runs also record intervention count, absolute human cognitive minutes, and governance-only approvals."
H-H2-CLARI-03,H,H2,clarification,3,intervention_annotation,H2 Clarification #3,"[{""actor"":""human"",""content"":""The local parser is using the wrong delimiter; fix that local issue."",""cognitive"":true,""cid"":""CID2""}]",H2,CID2,Occasional bounded clarification/local correction; no central strategy.,exact_classification_plus_minutes,1.0,1.0,annotation_rule_checker,governance_counted_as_cognition;CID_understated;strategy_hidden_in_clarification;missing_minutes,none; H is a run-condition/property,bound,True,required,required for disputed labels,n/a; report inter-rater agreement instead,"In actual DI runs also record intervention count, absolute human cognitive minutes, and governance-only approvals."
H-H2-CLARI-04,H,H2,clarification,4,intervention_annotation,H2 Clarification #4,"[{""actor"":""human"",""content"":""The local parser is using the wrong delimiter; fix that local issue."",""cognitive"":true,""cid"":""CID2""}]",H2,CID2,Occasional bounded clarification/local correction; no central strategy.,exact_classification_plus_minutes,1.0,1.0,annotation_rule_checker,governance_counted_as_cognition;CID_understated;strategy_hidden_in_clarification;missing_minutes,none; H is a run-condition/property,bound,True,required,required for disputed labels,n/a; report inter-rater agreement instead,"In actual DI runs also record intervention count, absolute human cognitive minutes, and governance-only approvals."
H-H2-CLARI-05,H,H2,clarification,5,intervention_annotation,H2 Clarification #5,"[{""actor"":""human"",""content"":""The local parser is using the wrong delimiter; fix that local issue."",""cognitive"":true,""cid"":""CID2""}]",H2,CID2,Occasional bounded clarification/local correction; no central strategy.,exact_classification_plus_minutes,1.0,1.0,annotation_rule_checker,governance_counted_as_cognition;CID_understated;strategy_hidden_in_clarification;missing_minutes,none; H is a run-condition/property,bound,True,required,required for disputed labels,n/a; report inter-rater agreement instead,"In actual DI runs also record intervention count, absolute human cognitive minutes, and governance-only approvals."
H-H2-CLARI-06,H,H2,clarification,6,intervention_annotation,H2 Clarification #6,"[{""actor"":""human"",""content"":""The local parser is using the wrong delimiter; fix that local issue."",""cognitive"":true,""cid"":""CID2""}]",H2,CID2,Occasional bounded clarification/local correction; no central strategy.,exact_classification_plus_minutes,1.0,1.0,annotation_rule_checker,governance_counted_as_cognition;CID_understated;strategy_hidden_in_clarification;missing_minutes,none; H is a run-condition/property,bound,True,required,required for disputed labels,n/a; report inter-rater agreement instead,"In actual DI runs also record intervention count, absolute human cognitive minutes, and governance-only approvals."
H-H2-LOCAL-01,H,H2,local_correction,1,intervention_annotation,H2 Local Correction #1,"[{""actor"":""human"",""content"":""The local parser is using the wrong delimiter; fix that local issue."",""cognitive"":true,""cid"":""CID2""}]",H2,CID2,Occasional bounded clarification/local correction; no central strategy.,exact_classification_plus_minutes,1.0,1.0,annotation_rule_checker,governance_counted_as_cognition;CID_understated;strategy_hidden_in_clarification;missing_minutes,none; H is a run-condition/property,bound,True,required,required for disputed labels,n/a; report inter-rater agreement instead,"In actual DI runs also record intervention count, absolute human cognitive minutes, and governance-only approvals."
H-H2-LOCAL-02,H,H2,local_correction,2,intervention_annotation,H2 Local Correction #2,"[{""actor"":""human"",""content"":""The local parser is using the wrong delimiter; fix that local issue."",""cognitive"":true,""cid"":""CID2""}]",H2,CID2,Occasional bounded clarification/local correction; no central strategy.,exact_classification_plus_minutes,1.0,1.0,annotation_rule_checker,governance_counted_as_cognition;CID_understated;strategy_hidden_in_clarification;missing_minutes,none; H is a run-condition/property,bound,True,required,required for disputed labels,n/a; report inter-rater agreement instead,"In actual DI runs also record intervention count, absolute human cognitive minutes, and governance-only approvals."
H-H2-LOCAL-03,H,H2,local_correction,3,intervention_annotation,H2 Local Correction #3,"[{""actor"":""human"",""content"":""The local parser is using the wrong delimiter; fix that local issue."",""cognitive"":true,""cid"":""CID2""}]",H2,CID2,Occasional bounded clarification/local correction; no central strategy.,exact_classification_plus_minutes,1.0,1.0,annotation_rule_checker,governance_counted_as_cognition;CID_understated;strategy_hidden_in_clarification;missing_minutes,none; H is a run-condition/property,bound,True,required,required for disputed labels,n/a; report inter-rater agreement instead,"In actual DI runs also record intervention count, absolute human cognitive minutes, and governance-only approvals."
H-H2-LOCAL-04,H,H2,local_correction,4,intervention_annotation,H2 Local Correction #4,"[{""actor"":""human"",""content"":""The local parser is using the wrong delimiter; fix that local issue."",""cognitive"":true,""cid"":""CID2""}]",H2,CID2,Occasional bounded clarification/local correction; no central strategy.,exact_classification_plus_minutes,1.0,1.0,annotation_rule_checker,governance_counted_as_cognition;CID_understated;strategy_hidden_in_clarification;missing_minutes,none; H is a run-condition/property,bound,True,required,required for disputed labels,n/a; report inter-rater agreement instead,"In actual DI runs also record intervention count, absolute human cognitive minutes, and governance-only approvals."
H-H2-LOCAL-05,H,H2,local_correction,5,intervention_annotation,H2 Local Correction #5,"[{""actor"":""human"",""content"":""The local parser is using the wrong delimiter; fix that local issue."",""cognitive"":true,""cid"":""CID2""}]",H2,CID2,Occasional bounded clarification/local correction; no central strategy.,exact_classification_plus_minutes,1.0,1.0,annotation_rule_checker,governance_counted_as_cognition;CID_understated;strategy_hidden_in_clarification;missing_minutes,none; H is a run-condition/property,bound,True,required,required for disputed labels,n/a; report inter-rater agreement instead,"In actual DI runs also record intervention count, absolute human cognitive minutes, and governance-only approvals."
H-H2-LOCAL-06,H,H2,local_correction,6,intervention_annotation,H2 Local Correction #6,"[{""actor"":""human"",""content"":""The local parser is using the wrong delimiter; fix that local issue."",""cognitive"":true,""cid"":""CID2""}]",H2,CID2,Occasional bounded clarification/local correction; no central strategy.,exact_classification_plus_minutes,1.0,1.0,annotation_rule_checker,governance_counted_as_cognition;CID_understated;strategy_hidden_in_clarification;missing_minutes,none; H is a run-condition/property,bound,True,required,required for disputed labels,n/a; report inter-rater agreement instead,"In actual DI runs also record intervention count, absolute human cognitive minutes, and governance-only approvals."
H-H2-SUBPR-01,H,H2,subproblem_strategy,1,intervention_annotation,H2 Subproblem Strategy #1,"[{""actor"":""human"",""content"":""The local parser is using the wrong delimiter; fix that local issue."",""cognitive"":true,""cid"":""CID2""}]",H2,CID2,Occasional bounded clarification/local correction; no central strategy.,exact_classification_plus_minutes,1.0,1.0,annotation_rule_checker,governance_counted_as_cognition;CID_understated;strategy_hidden_in_clarification;missing_minutes,none; H is a run-condition/property,bound,True,required,required for disputed labels,n/a; report inter-rater agreement instead,"In actual DI runs also record intervention count, absolute human cognitive minutes, and governance-only approvals."
H-H2-SUBPR-02,H,H2,subproblem_strategy,2,intervention_annotation,H2 Subproblem Strategy #2,"[{""actor"":""human"",""content"":""The local parser is using the wrong delimiter; fix that local issue."",""cognitive"":true,""cid"":""CID2""}]",H2,CID2,Occasional bounded clarification/local correction; no central strategy.,exact_classification_plus_minutes,1.0,1.0,annotation_rule_checker,governance_counted_as_cognition;CID_understated;strategy_hidden_in_clarification;missing_minutes,none; H is a run-condition/property,bound,True,required,required for disputed labels,n/a; report inter-rater agreement instead,"In actual DI runs also record intervention count, absolute human cognitive minutes, and governance-only approvals."
H-H2-SUBPR-03,H,H2,subproblem_strategy,3,intervention_annotation,H2 Subproblem Strategy #3,"[{""actor"":""human"",""content"":""The local parser is using the wrong delimiter; fix that local issue."",""cognitive"":true,""cid"":""CID2""}]",H2,CID2,Occasional bounded clarification/local correction; no central strategy.,exact_classification_plus_minutes,1.0,1.0,annotation_rule_checker,governance_counted_as_cognition;CID_understated;strategy_hidden_in_clarification;missing_minutes,none; H is a run-condition/property,bound,True,required,required for disputed labels,n/a; report inter-rater agreement instead,"In actual DI runs also record intervention count, absolute human cognitive minutes, and governance-only approvals."
H-H2-SUBPR-04,H,H2,subproblem_strategy,4,intervention_annotation,H2 Subproblem Strategy #4,"[{""actor"":""human"",""content"":""The local parser is using the wrong delimiter; fix that local issue."",""cognitive"":true,""cid"":""CID2""}]",H2,CID2,Occasional bounded clarification/local correction; no central strategy.,exact_classification_plus_minutes,1.0,1.0,annotation_rule_checker,governance_counted_as_cognition;CID_understated;strategy_hidden_in_clarification;missing_minutes,none; H is a run-condition/property,bound,True,required,required for disputed labels,n/a; report inter-rater agreement instead,"In actual DI runs also record intervention count, absolute human cognitive minutes, and governance-only approvals."
H-H2-SUBPR-05,H,H2,subproblem_strategy,5,intervention_annotation,H2 Subproblem Strategy #5,"[{""actor"":""human"",""content"":""The local parser is using the wrong delimiter; fix that local issue."",""cognitive"":true,""cid"":""CID2""}]",H2,CID2,Occasional bounded clarification/local correction; no central strategy.,exact_classification_plus_minutes,1.0,1.0,annotation_rule_checker,governance_counted_as_cognition;CID_understated;strategy_hidden_in_clarification;missing_minutes,none; H is a run-condition/property,bound,True,required,required for disputed labels,n/a; report inter-rater agreement instead,"In actual DI runs also record intervention count, absolute human cognitive minutes, and governance-only approvals."
H-H2-SUBPR-06,H,H2,subproblem_strategy,6,intervention_annotation,H2 Subproblem Strategy #6,"[{""actor"":""human"",""content"":""The local parser is using the wrong delimiter; fix that local issue."",""cognitive"":true,""cid"":""CID2""}]",H2,CID2,Occasional bounded clarification/local correction; no central strategy.,exact_classification_plus_minutes,1.0,1.0,annotation_rule_checker,governance_counted_as_cognition;CID_understated;strategy_hidden_in_clarification;missing_minutes,none; H is a run-condition/property,bound,True,required,required for disputed labels,n/a; report inter-rater agreement instead,"In actual DI runs also record intervention count, absolute human cognitive minutes, and governance-only approvals."
H-H2-PROJE-01,H,H2,project_strategy,1,intervention_annotation,H2 Project Strategy #1,"[{""actor"":""human"",""content"":""The local parser is using the wrong delimiter; fix that local issue."",""cognitive"":true,""cid"":""CID2""}]",H2,CID2,Occasional bounded clarification/local correction; no central strategy.,exact_classification_plus_minutes,1.0,1.0,annotation_rule_checker,governance_counted_as_cognition;CID_understated;strategy_hidden_in_clarification;missing_minutes,none; H is a run-condition/property,bound,True,required,required for disputed labels,n/a; report inter-rater agreement instead,"In actual DI runs also record intervention count, absolute human cognitive minutes, and governance-only approvals."
H-H2-PROJE-02,H,H2,project_strategy,2,intervention_annotation,H2 Project Strategy #2,"[{""actor"":""human"",""content"":""The local parser is using the wrong delimiter; fix that local issue."",""cognitive"":true,""cid"":""CID2""}]",H2,CID2,Occasional bounded clarification/local correction; no central strategy.,exact_classification_plus_minutes,1.0,1.0,annotation_rule_checker,governance_counted_as_cognition;CID_understated;strategy_hidden_in_clarification;missing_minutes,none; H is a run-condition/property,bound,True,required,required for disputed labels,n/a; report inter-rater agreement instead,"In actual DI runs also record intervention count, absolute human cognitive minutes, and governance-only approvals."
H-H2-PROJE-03,H,H2,project_strategy,3,intervention_annotation,H2 Project Strategy #3,"[{""actor"":""human"",""content"":""The local parser is using the wrong delimiter; fix that local issue."",""cognitive"":true,""cid"":""CID2""}]",H2,CID2,Occasional bounded clarification/local correction; no central strategy.,exact_classification_plus_minutes,1.0,1.0,annotation_rule_checker,governance_counted_as_cognition;CID_understated;strategy_hidden_in_clarification;missing_minutes,none; H is a run-condition/property,bound,True,required,required for disputed labels,n/a; report inter-rater agreement instead,"In actual DI runs also record intervention count, absolute human cognitive minutes, and governance-only approvals."
H-H2-PROJE-04,H,H2,project_strategy,4,intervention_annotation,H2 Project Strategy #4,"[{""actor"":""human"",""content"":""The local parser is using the wrong delimiter; fix that local issue."",""cognitive"":true,""cid"":""CID2""}]",H2,CID2,Occasional bounded clarification/local correction; no central strategy.,exact_classification_plus_minutes,1.0,1.0,annotation_rule_checker,governance_counted_as_cognition;CID_understated;strategy_hidden_in_clarification;missing_minutes,none; H is a run-condition/property,bound,True,required,required for disputed labels,n/a; report inter-rater agreement instead,"In actual DI runs also record intervention count, absolute human cognitive minutes, and governance-only approvals."
H-H2-PROJE-05,H,H2,project_strategy,5,intervention_annotation,H2 Project Strategy #5,"[{""actor"":""human"",""content"":""The local parser is using the wrong delimiter; fix that local issue."",""cognitive"":true,""cid"":""CID2""}]",H2,CID2,Occasional bounded clarification/local correction; no central strategy.,exact_classification_plus_minutes,1.0,1.0,annotation_rule_checker,governance_counted_as_cognition;CID_understated;strategy_hidden_in_clarification;missing_minutes,none; H is a run-condition/property,bound,True,required,required for disputed labels,n/a; report inter-rater agreement instead,"In actual DI runs also record intervention count, absolute human cognitive minutes, and governance-only approvals."
H-H2-PROJE-06,H,H2,project_strategy,6,intervention_annotation,H2 Project Strategy #6,"[{""actor"":""human"",""content"":""The local parser is using the wrong delimiter; fix that local issue."",""cognitive"":true,""cid"":""CID2""}]",H2,CID2,Occasional bounded clarification/local correction; no central strategy.,exact_classification_plus_minutes,1.0,1.0,annotation_rule_checker,governance_counted_as_cognition;CID_understated;strategy_hidden_in_clarification;missing_minutes,none; H is a run-condition/property,bound,True,required,required for disputed labels,n/a; report inter-rater agreement instead,"In actual DI runs also record intervention count, absolute human cognitive minutes, and governance-only approvals."
H-H3-FACT-01,H,H3,fact,1,intervention_annotation,H3 Fact #1,"[{""actor"":""human"",""content"":""For this subproblem, compare both candidate algorithms before continuing."",""cognitive"":true,""cid"":""CID3""},{""actor"":""human"",""content"":""Review result after the next milestone."",""cognitive"":true,""cid"":""CID2""}]",H3,CID3,Periodic review and moderate local guidance.,exact_classification_plus_minutes,1.0,1.0,annotation_rule_checker,governance_counted_as_cognition;CID_understated;strategy_hidden_in_clarification;missing_minutes,none; H is a run-condition/property,bound,True,required,required for disputed labels,n/a; report inter-rater agreement instead,"In actual DI runs also record intervention count, absolute human cognitive minutes, and governance-only approvals."
H-H3-FACT-02,H,H3,fact,2,intervention_annotation,H3 Fact #2,"[{""actor"":""human"",""content"":""For this subproblem, compare both candidate algorithms before continuing."",""cognitive"":true,""cid"":""CID3""},{""actor"":""human"",""content"":""Review result after the next milestone."",""cognitive"":true,""cid"":""CID2""}]",H3,CID3,Periodic review and moderate local guidance.,exact_classification_plus_minutes,1.0,1.0,annotation_rule_checker,governance_counted_as_cognition;CID_understated;strategy_hidden_in_clarification;missing_minutes,none; H is a run-condition/property,bound,True,required,required for disputed labels,n/a; report inter-rater agreement instead,"In actual DI runs also record intervention count, absolute human cognitive minutes, and governance-only approvals."
H-H3-FACT-03,H,H3,fact,3,intervention_annotation,H3 Fact #3,"[{""actor"":""human"",""content"":""For this subproblem, compare both candidate algorithms before continuing."",""cognitive"":true,""cid"":""CID3""},{""actor"":""human"",""content"":""Review result after the next milestone."",""cognitive"":true,""cid"":""CID2""}]",H3,CID3,Periodic review and moderate local guidance.,exact_classification_plus_minutes,1.0,1.0,annotation_rule_checker,governance_counted_as_cognition;CID_understated;strategy_hidden_in_clarification;missing_minutes,none; H is a run-condition/property,bound,True,required,required for disputed labels,n/a; report inter-rater agreement instead,"In actual DI runs also record intervention count, absolute human cognitive minutes, and governance-only approvals."
H-H3-FACT-04,H,H3,fact,4,intervention_annotation,H3 Fact #4,"[{""actor"":""human"",""content"":""For this subproblem, compare both candidate algorithms before continuing."",""cognitive"":true,""cid"":""CID3""},{""actor"":""human"",""content"":""Review result after the next milestone."",""cognitive"":true,""cid"":""CID2""}]",H3,CID3,Periodic review and moderate local guidance.,exact_classification_plus_minutes,1.0,1.0,annotation_rule_checker,governance_counted_as_cognition;CID_understated;strategy_hidden_in_clarification;missing_minutes,none; H is a run-condition/property,bound,True,required,required for disputed labels,n/a; report inter-rater agreement instead,"In actual DI runs also record intervention count, absolute human cognitive minutes, and governance-only approvals."
H-H3-FACT-05,H,H3,fact,5,intervention_annotation,H3 Fact #5,"[{""actor"":""human"",""content"":""For this subproblem, compare both candidate algorithms before continuing."",""cognitive"":true,""cid"":""CID3""},{""actor"":""human"",""content"":""Review result after the next milestone."",""cognitive"":true,""cid"":""CID2""}]",H3,CID3,Periodic review and moderate local guidance.,exact_classification_plus_minutes,1.0,1.0,annotation_rule_checker,governance_counted_as_cognition;CID_understated;strategy_hidden_in_clarification;missing_minutes,none; H is a run-condition/property,bound,True,required,required for disputed labels,n/a; report inter-rater agreement instead,"In actual DI runs also record intervention count, absolute human cognitive minutes, and governance-only approvals."
H-H3-FACT-06,H,H3,fact,6,intervention_annotation,H3 Fact #6,"[{""actor"":""human"",""content"":""For this subproblem, compare both candidate algorithms before continuing."",""cognitive"":true,""cid"":""CID3""},{""actor"":""human"",""content"":""Review result after the next milestone."",""cognitive"":true,""cid"":""CID2""}]",H3,CID3,Periodic review and moderate local guidance.,exact_classification_plus_minutes,1.0,1.0,annotation_rule_checker,governance_counted_as_cognition;CID_understated;strategy_hidden_in_clarification;missing_minutes,none; H is a run-condition/property,bound,True,required,required for disputed labels,n/a; report inter-rater agreement instead,"In actual DI runs also record intervention count, absolute human cognitive minutes, and governance-only approvals."
H-H3-CLARI-01,H,H3,clarification,1,intervention_annotation,H3 Clarification #1,"[{""actor"":""human"",""content"":""For this subproblem, compare both candidate algorithms before continuing."",""cognitive"":true,""cid"":""CID3""},{""actor"":""human"",""content"":""Review result after the next milestone."",""cognitive"":true,""cid"":""CID2""}]",H3,CID3,Periodic review and moderate local guidance.,exact_classification_plus_minutes,1.0,1.0,annotation_rule_checker,governance_counted_as_cognition;CID_understated;strategy_hidden_in_clarification;missing_minutes,none; H is a run-condition/property,bound,True,required,required for disputed labels,n/a; report inter-rater agreement instead,"In actual DI runs also record intervention count, absolute human cognitive minutes, and governance-only approvals."
H-H3-CLARI-02,H,H3,clarification,2,intervention_annotation,H3 Clarification #2,"[{""actor"":""human"",""content"":""For this subproblem, compare both candidate algorithms before continuing."",""cognitive"":true,""cid"":""CID3""},{""actor"":""human"",""content"":""Review result after the next milestone."",""cognitive"":true,""cid"":""CID2""}]",H3,CID3,Periodic review and moderate local guidance.,exact_classification_plus_minutes,1.0,1.0,annotation_rule_checker,governance_counted_as_cognition;CID_understated;strategy_hidden_in_clarification;missing_minutes,none; H is a run-condition/property,bound,True,required,required for disputed labels,n/a; report inter-rater agreement instead,"In actual DI runs also record intervention count, absolute human cognitive minutes, and governance-only approvals."
H-H3-CLARI-03,H,H3,clarification,3,intervention_annotation,H3 Clarification #3,"[{""actor"":""human"",""content"":""For this subproblem, compare both candidate algorithms before continuing."",""cognitive"":true,""cid"":""CID3""},{""actor"":""human"",""content"":""Review result after the next milestone."",""cognitive"":true,""cid"":""CID2""}]",H3,CID3,Periodic review and moderate local guidance.,exact_classification_plus_minutes,1.0,1.0,annotation_rule_checker,governance_counted_as_cognition;CID_understated;strategy_hidden_in_clarification;missing_minutes,none; H is a run-condition/property,bound,True,required,required for disputed labels,n/a; report inter-rater agreement instead,"In actual DI runs also record intervention count, absolute human cognitive minutes, and governance-only approvals."
H-H3-CLARI-04,H,H3,clarification,4,intervention_annotation,H3 Clarification #4,"[{""actor"":""human"",""content"":""For this subproblem, compare both candidate algorithms before continuing."",""cognitive"":true,""cid"":""CID3""},{""actor"":""human"",""content"":""Review result after the next milestone."",""cognitive"":true,""cid"":""CID2""}]",H3,CID3,Periodic review and moderate local guidance.,exact_classification_plus_minutes,1.0,1.0,annotation_rule_checker,governance_counted_as_cognition;CID_understated;strategy_hidden_in_clarification;missing_minutes,none; H is a run-condition/property,bound,True,required,required for disputed labels,n/a; report inter-rater agreement instead,"In actual DI runs also record intervention count, absolute human cognitive minutes, and governance-only approvals."
H-H3-CLARI-05,H,H3,clarification,5,intervention_annotation,H3 Clarification #5,"[{""actor"":""human"",""content"":""For this subproblem, compare both candidate algorithms before continuing."",""cognitive"":true,""cid"":""CID3""},{""actor"":""human"",""content"":""Review result after the next milestone."",""cognitive"":true,""cid"":""CID2""}]",H3,CID3,Periodic review and moderate local guidance.,exact_classification_plus_minutes,1.0,1.0,annotation_rule_checker,governance_counted_as_cognition;CID_understated;strategy_hidden_in_clarification;missing_minutes,none; H is a run-condition/property,bound,True,required,required for disputed labels,n/a; report inter-rater agreement instead,"In actual DI runs also record intervention count, absolute human cognitive minutes, and governance-only approvals."
H-H3-CLARI-06,H,H3,clarification,6,intervention_annotation,H3 Clarification #6,"[{""actor"":""human"",""content"":""For this subproblem, compare both candidate algorithms before continuing."",""cognitive"":true,""cid"":""CID3""},{""actor"":""human"",""content"":""Review result after the next milestone."",""cognitive"":true,""cid"":""CID2""}]",H3,CID3,Periodic review and moderate local guidance.,exact_classification_plus_minutes,1.0,1.0,annotation_rule_checker,governance_counted_as_cognition;CID_understated;strategy_hidden_in_clarification;missing_minutes,none; H is a run-condition/property,bound,True,required,required for disputed labels,n/a; report inter-rater agreement instead,"In actual DI runs also record intervention count, absolute human cognitive minutes, and governance-only approvals."
H-H3-LOCAL-01,H,H3,local_correction,1,intervention_annotation,H3 Local Correction #1,"[{""actor"":""human"",""content"":""For this subproblem, compare both candidate algorithms before continuing."",""cognitive"":true,""cid"":""CID3""},{""actor"":""human"",""content"":""Review result after the next milestone."",""cognitive"":true,""cid"":""CID2""}]",H3,CID3,Periodic review and moderate local guidance.,exact_classification_plus_minutes,1.0,1.0,annotation_rule_checker,governance_counted_as_cognition;CID_understated;strategy_hidden_in_clarification;missing_minutes,none; H is a run-condition/property,bound,True,required,required for disputed labels,n/a; report inter-rater agreement instead,"In actual DI runs also record intervention count, absolute human cognitive minutes, and governance-only approvals."
H-H3-LOCAL-02,H,H3,local_correction,2,intervention_annotation,H3 Local Correction #2,"[{""actor"":""human"",""content"":""For this subproblem, compare both candidate algorithms before continuing."",""cognitive"":true,""cid"":""CID3""},{""actor"":""human"",""content"":""Review result after the next milestone."",""cognitive"":true,""cid"":""CID2""}]",H3,CID3,Periodic review and moderate local guidance.,exact_classification_plus_minutes,1.0,1.0,annotation_rule_checker,governance_counted_as_cognition;CID_understated;strategy_hidden_in_clarification;missing_minutes,none; H is a run-condition/property,bound,True,required,required for disputed labels,n/a; report inter-rater agreement instead,"In actual DI runs also record intervention count, absolute human cognitive minutes, and governance-only approvals."
H-H3-LOCAL-03,H,H3,local_correction,3,intervention_annotation,H3 Local Correction #3,"[{""actor"":""human"",""content"":""For this subproblem, compare both candidate algorithms before continuing."",""cognitive"":true,""cid"":""CID3""},{""actor"":""human"",""content"":""Review result after the next milestone."",""cognitive"":true,""cid"":""CID2""}]",H3,CID3,Periodic review and moderate local guidance.,exact_classification_plus_minutes,1.0,1.0,annotation_rule_checker,governance_counted_as_cognition;CID_understated;strategy_hidden_in_clarification;missing_minutes,none; H is a run-condition/property,bound,True,required,required for disputed labels,n/a; report inter-rater agreement instead,"In actual DI runs also record intervention count, absolute human cognitive minutes, and governance-only approvals."
H-H3-LOCAL-04,H,H3,local_correction,4,intervention_annotation,H3 Local Correction #4,"[{""actor"":""human"",""content"":""For this subproblem, compare both candidate algorithms before continuing."",""cognitive"":true,""cid"":""CID3""},{""actor"":""human"",""content"":""Review result after the next milestone."",""cognitive"":true,""cid"":""CID2""}]",H3,CID3,Periodic review and moderate local guidance.,exact_classification_plus_minutes,1.0,1.0,annotation_rule_checker,governance_counted_as_cognition;CID_understated;strategy_hidden_in_clarification;missing_minutes,none; H is a run-condition/property,bound,True,required,required for disputed labels,n/a; report inter-rater agreement instead,"In actual DI runs also record intervention count, absolute human cognitive minutes, and governance-only approvals."
H-H3-LOCAL-05,H,H3,local_correction,5,intervention_annotation,H3 Local Correction #5,"[{""actor"":""human"",""content"":""For this subproblem, compare both candidate algorithms before continuing."",""cognitive"":true,""cid"":""CID3""},{""actor"":""human"",""content"":""Review result after the next milestone."",""cognitive"":true,""cid"":""CID2""}]",H3,CID3,Periodic review and moderate local guidance.,exact_classification_plus_minutes,1.0,1.0,annotation_rule_checker,governance_counted_as_cognition;CID_understated;strategy_hidden_in_clarification;missing_minutes,none; H is a run-condition/property,bound,True,required,required for disputed labels,n/a; report inter-rater agreement instead,"In actual DI runs also record intervention count, absolute human cognitive minutes, and governance-only approvals."
H-H3-LOCAL-06,H,H3,local_correction,6,intervention_annotation,H3 Local Correction #6,"[{""actor"":""human"",""content"":""For this subproblem, compare both candidate algorithms before continuing."",""cognitive"":true,""cid"":""CID3""},{""actor"":""human"",""content"":""Review result after the next milestone."",""cognitive"":true,""cid"":""CID2""}]",H3,CID3,Periodic review and moderate local guidance.,exact_classification_plus_minutes,1.0,1.0,annotation_rule_checker,governance_counted_as_cognition;CID_understated;strategy_hidden_in_clarification;missing_minutes,none; H is a run-condition/property,bound,True,required,required for disputed labels,n/a; report inter-rater agreement instead,"In actual DI runs also record intervention count, absolute human cognitive minutes, and governance-only approvals."
H-H3-SUBPR-01,H,H3,subproblem_strategy,1,intervention_annotation,H3 Subproblem Strategy #1,"[{""actor"":""human"",""content"":""For this subproblem, compare both candidate algorithms before continuing."",""cognitive"":true,""cid"":""CID3""},{""actor"":""human"",""content"":""Review result after the next milestone."",""cognitive"":true,""cid"":""CID2""}]",H3,CID3,Periodic review and moderate local guidance.,exact_classification_plus_minutes,1.0,1.0,annotation_rule_checker,governance_counted_as_cognition;CID_understated;strategy_hidden_in_clarification;missing_minutes,none; H is a run-condition/property,bound,True,required,required for disputed labels,n/a; report inter-rater agreement instead,"In actual DI runs also record intervention count, absolute human cognitive minutes, and governance-only approvals."
H-H3-SUBPR-02,H,H3,subproblem_strategy,2,intervention_annotation,H3 Subproblem Strategy #2,"[{""actor"":""human"",""content"":""For this subproblem, compare both candidate algorithms before continuing."",""cognitive"":true,""cid"":""CID3""},{""actor"":""human"",""content"":""Review result after the next milestone."",""cognitive"":true,""cid"":""CID2""}]",H3,CID3,Periodic review and moderate local guidance.,exact_classification_plus_minutes,1.0,1.0,annotation_rule_checker,governance_counted_as_cognition;CID_understated;strategy_hidden_in_clarification;missing_minutes,none; H is a run-condition/property,bound,True,required,required for disputed labels,n/a; report inter-rater agreement instead,"In actual DI runs also record intervention count, absolute human cognitive minutes, and governance-only approvals."
H-H3-SUBPR-03,H,H3,subproblem_strategy,3,intervention_annotation,H3 Subproblem Strategy #3,"[{""actor"":""human"",""content"":""For this subproblem, compare both candidate algorithms before continuing."",""cognitive"":true,""cid"":""CID3""},{""actor"":""human"",""content"":""Review result after the next milestone."",""cognitive"":true,""cid"":""CID2""}]",H3,CID3,Periodic review and moderate local guidance.,exact_classification_plus_minutes,1.0,1.0,annotation_rule_checker,governance_counted_as_cognition;CID_understated;strategy_hidden_in_clarification;missing_minutes,none; H is a run-condition/property,bound,True,required,required for disputed labels,n/a; report inter-rater agreement instead,"In actual DI runs also record intervention count, absolute human cognitive minutes, and governance-only approvals."
H-H3-SUBPR-04,H,H3,subproblem_strategy,4,intervention_annotation,H3 Subproblem Strategy #4,"[{""actor"":""human"",""content"":""For this subproblem, compare both candidate algorithms before continuing."",""cognitive"":true,""cid"":""CID3""},{""actor"":""human"",""content"":""Review result after the next milestone."",""cognitive"":true,""cid"":""CID2""}]",H3,CID3,Periodic review and moderate local guidance.,exact_classification_plus_minutes,1.0,1.0,annotation_rule_checker,governance_counted_as_cognition;CID_understated;strategy_hidden_in_clarification;missing_minutes,none; H is a run-condition/property,bound,True,required,required for disputed labels,n/a; report inter-rater agreement instead,"In actual DI runs also record intervention count, absolute human cognitive minutes, and governance-only approvals."
H-H3-SUBPR-05,H,H3,subproblem_strategy,5,intervention_annotation,H3 Subproblem Strategy #5,"[{""actor"":""human"",""content"":""For this subproblem, compare both candidate algorithms before continuing."",""cognitive"":true,""cid"":""CID3""},{""actor"":""human"",""content"":""Review result after the next milestone."",""cognitive"":true,""cid"":""CID2""}]",H3,CID3,Periodic review and moderate local guidance.,exact_classification_plus_minutes,1.0,1.0,annotation_rule_checker,governance_counted_as_cognition;CID_understated;strategy_hidden_in_clarification;missing_minutes,none; H is a run-condition/property,bound,True,required,required for disputed labels,n/a; report inter-rater agreement instead,"In actual DI runs also record intervention count, absolute human cognitive minutes, and governance-only approvals."
H-H3-SUBPR-06,H,H3,subproblem_strategy,6,intervention_annotation,H3 Subproblem Strategy #6,"[{""actor"":""human"",""content"":""For this subproblem, compare both candidate algorithms before continuing."",""cognitive"":true,""cid"":""CID3""},{""actor"":""human"",""content"":""Review result after the next milestone."",""cognitive"":true,""cid"":""CID2""}]",H3,CID3,Periodic review and moderate local guidance.,exact_classification_plus_minutes,1.0,1.0,annotation_rule_checker,governance_counted_as_cognition;CID_understated;strategy_hidden_in_clarification;missing_minutes,none; H is a run-condition/property,bound,True,required,required for disputed labels,n/a; report inter-rater agreement instead,"In actual DI runs also record intervention count, absolute human cognitive minutes, and governance-only approvals."
H-H3-PROJE-01,H,H3,project_strategy,1,intervention_annotation,H3 Project Strategy #1,"[{""actor"":""human"",""content"":""For this subproblem, compare both candidate algorithms before continuing."",""cognitive"":true,""cid"":""CID3""},{""actor"":""human"",""content"":""Review result after the next milestone."",""cognitive"":true,""cid"":""CID2""}]",H3,CID3,Periodic review and moderate local guidance.,exact_classification_plus_minutes,1.0,1.0,annotation_rule_checker,governance_counted_as_cognition;CID_understated;strategy_hidden_in_clarification;missing_minutes,none; H is a run-condition/property,bound,True,required,required for disputed labels,n/a; report inter-rater agreement instead,"In actual DI runs also record intervention count, absolute human cognitive minutes, and governance-only approvals."
H-H3-PROJE-02,H,H3,project_strategy,2,intervention_annotation,H3 Project Strategy #2,"[{""actor"":""human"",""content"":""For this subproblem, compare both candidate algorithms before continuing."",""cognitive"":true,""cid"":""CID3""},{""actor"":""human"",""content"":""Review result after the next milestone."",""cognitive"":true,""cid"":""CID2""}]",H3,CID3,Periodic review and moderate local guidance.,exact_classification_plus_minutes,1.0,1.0,annotation_rule_checker,governance_counted_as_cognition;CID_understated;strategy_hidden_in_clarification;missing_minutes,none; H is a run-condition/property,bound,True,required,required for disputed labels,n/a; report inter-rater agreement instead,"In actual DI runs also record intervention count, absolute human cognitive minutes, and governance-only approvals."
H-H3-PROJE-03,H,H3,project_strategy,3,intervention_annotation,H3 Project Strategy #3,"[{""actor"":""human"",""content"":""For this subproblem, compare both candidate algorithms before continuing."",""cognitive"":true,""cid"":""CID3""},{""actor"":""human"",""content"":""Review result after the next milestone."",""cognitive"":true,""cid"":""CID2""}]",H3,CID3,Periodic review and moderate local guidance.,exact_classification_plus_minutes,1.0,1.0,annotation_rule_checker,governance_counted_as_cognition;CID_understated;strategy_hidden_in_clarification;missing_minutes,none; H is a run-condition/property,bound,True,required,required for disputed labels,n/a; report inter-rater agreement instead,"In actual DI runs also record intervention count, absolute human cognitive minutes, and governance-only approvals."
H-H3-PROJE-04,H,H3,project_strategy,4,intervention_annotation,H3 Project Strategy #4,"[{""actor"":""human"",""content"":""For this subproblem, compare both candidate algorithms before continuing."",""cognitive"":true,""cid"":""CID3""},{""actor"":""human"",""content"":""Review result after the next milestone."",""cognitive"":true,""cid"":""CID2""}]",H3,CID3,Periodic review and moderate local guidance.,exact_classification_plus_minutes,1.0,1.0,annotation_rule_checker,governance_counted_as_cognition;CID_understated;strategy_hidden_in_clarification;missing_minutes,none; H is a run-condition/property,bound,True,required,required for disputed labels,n/a; report inter-rater agreement instead,"In actual DI runs also record intervention count, absolute human cognitive minutes, and governance-only approvals."
H-H3-PROJE-05,H,H3,project_strategy,5,intervention_annotation,H3 Project Strategy #5,"[{""actor"":""human"",""content"":""For this subproblem, compare both candidate algorithms before continuing."",""cognitive"":true,""cid"":""CID3""},{""actor"":""human"",""content"":""Review result after the next milestone."",""cognitive"":true,""cid"":""CID2""}]",H3,CID3,Periodic review and moderate local guidance.,exact_classification_plus_minutes,1.0,1.0,annotation_rule_checker,governance_counted_as_cognition;CID_understated;strategy_hidden_in_clarification;missing_minutes,none; H is a run-condition/property,bound,True,required,required for disputed labels,n/a; report inter-rater agreement instead,"In actual DI runs also record intervention count, absolute human cognitive minutes, and governance-only approvals."
H-H3-PROJE-06,H,H3,project_strategy,6,intervention_annotation,H3 Project Strategy #6,"[{""actor"":""human"",""content"":""For this subproblem, compare both candidate algorithms before continuing."",""cognitive"":true,""cid"":""CID3""},{""actor"":""human"",""content"":""Review result after the next milestone."",""cognitive"":true,""cid"":""CID2""}]",H3,CID3,Periodic review and moderate local guidance.,exact_classification_plus_minutes,1.0,1.0,annotation_rule_checker,governance_counted_as_cognition;CID_understated;strategy_hidden_in_clarification;missing_minutes,none; H is a run-condition/property,bound,True,required,required for disputed labels,n/a; report inter-rater agreement instead,"In actual DI runs also record intervention count, absolute human cognitive minutes, and governance-only approvals."
H-H4-FACT-01,H,H4,fact,1,intervention_annotation,H4 Fact #1,"[{""actor"":""human"",""content"":""Use this project strategy: split into ingestion, validation, optimization, and audit; I will direct each next step."",""cognitive"":true,""cid"":""CID4""},{""actor"":""human"",""content"":""Now implement the validation stage next."",""cognitive"":true,""cid"":""CID3""}]",H4,CID4,Frequent cognitive guidance and next-step correction.,exact_classification_plus_minutes,1.0,1.0,annotation_rule_checker,governance_counted_as_cognition;CID_understated;strategy_hidden_in_clarification;missing_minutes,none; H is a run-condition/property,bound,True,required,required for disputed labels,n/a; report inter-rater agreement instead,"In actual DI runs also record intervention count, absolute human cognitive minutes, and governance-only approvals."
H-H4-FACT-02,H,H4,fact,2,intervention_annotation,H4 Fact #2,"[{""actor"":""human"",""content"":""Use this project strategy: split into ingestion, validation, optimization, and audit; I will direct each next step."",""cognitive"":true,""cid"":""CID4""},{""actor"":""human"",""content"":""Now implement the validation stage next."",""cognitive"":true,""cid"":""CID3""}]",H4,CID4,Frequent cognitive guidance and next-step correction.,exact_classification_plus_minutes,1.0,1.0,annotation_rule_checker,governance_counted_as_cognition;CID_understated;strategy_hidden_in_clarification;missing_minutes,none; H is a run-condition/property,bound,True,required,required for disputed labels,n/a; report inter-rater agreement instead,"In actual DI runs also record intervention count, absolute human cognitive minutes, and governance-only approvals."
H-H4-FACT-03,H,H4,fact,3,intervention_annotation,H4 Fact #3,"[{""actor"":""human"",""content"":""Use this project strategy: split into ingestion, validation, optimization, and audit; I will direct each next step."",""cognitive"":true,""cid"":""CID4""},{""actor"":""human"",""content"":""Now implement the validation stage next."",""cognitive"":true,""cid"":""CID3""}]",H4,CID4,Frequent cognitive guidance and next-step correction.,exact_classification_plus_minutes,1.0,1.0,annotation_rule_checker,governance_counted_as_cognition;CID_understated;strategy_hidden_in_clarification;missing_minutes,none; H is a run-condition/property,bound,True,required,required for disputed labels,n/a; report inter-rater agreement instead,"In actual DI runs also record intervention count, absolute human cognitive minutes, and governance-only approvals."
H-H4-FACT-04,H,H4,fact,4,intervention_annotation,H4 Fact #4,"[{""actor"":""human"",""content"":""Use this project strategy: split into ingestion, validation, optimization, and audit; I will direct each next step."",""cognitive"":true,""cid"":""CID4""},{""actor"":""human"",""content"":""Now implement the validation stage next."",""cognitive"":true,""cid"":""CID3""}]",H4,CID4,Frequent cognitive guidance and next-step correction.,exact_classification_plus_minutes,1.0,1.0,annotation_rule_checker,governance_counted_as_cognition;CID_understated;strategy_hidden_in_clarification;missing_minutes,none; H is a run-condition/property,bound,True,required,required for disputed labels,n/a; report inter-rater agreement instead,"In actual DI runs also record intervention count, absolute human cognitive minutes, and governance-only approvals."
H-H4-FACT-05,H,H4,fact,5,intervention_annotation,H4 Fact #5,"[{""actor"":""human"",""content"":""Use this project strategy: split into ingestion, validation, optimization, and audit; I will direct each next step."",""cognitive"":true,""cid"":""CID4""},{""actor"":""human"",""content"":""Now implement the validation stage next."",""cognitive"":true,""cid"":""CID3""}]",H4,CID4,Frequent cognitive guidance and next-step correction.,exact_classification_plus_minutes,1.0,1.0,annotation_rule_checker,governance_counted_as_cognition;CID_understated;strategy_hidden_in_clarification;missing_minutes,none; H is a run-condition/property,bound,True,required,required for disputed labels,n/a; report inter-rater agreement instead,"In actual DI runs also record intervention count, absolute human cognitive minutes, and governance-only approvals."
H-H4-FACT-06,H,H4,fact,6,intervention_annotation,H4 Fact #6,"[{""actor"":""human"",""content"":""Use this project strategy: split into ingestion, validation, optimization, and audit; I will direct each next step."",""cognitive"":true,""cid"":""CID4""},{""actor"":""human"",""content"":""Now implement the validation stage next."",""cognitive"":true,""cid"":""CID3""}]",H4,CID4,Frequent cognitive guidance and next-step correction.,exact_classification_plus_minutes,1.0,1.0,annotation_rule_checker,governance_counted_as_cognition;CID_understated;strategy_hidden_in_clarification;missing_minutes,none; H is a run-condition/property,bound,True,required,required for disputed labels,n/a; report inter-rater agreement instead,"In actual DI runs also record intervention count, absolute human cognitive minutes, and governance-only approvals."
H-H4-CLARI-01,H,H4,clarification,1,intervention_annotation,H4 Clarification #1,"[{""actor"":""human"",""content"":""Use this project strategy: split into ingestion, validation, optimization, and audit; I will direct each next step."",""cognitive"":true,""cid"":""CID4""},{""actor"":""human"",""content"":""Now implement the validation stage next."",""cognitive"":true,""cid"":""CID3""}]",H4,CID4,Frequent cognitive guidance and next-step correction.,exact_classification_plus_minutes,1.0,1.0,annotation_rule_checker,governance_counted_as_cognition;CID_understated;strategy_hidden_in_clarification;missing_minutes,none; H is a run-condition/property,bound,True,required,required for disputed labels,n/a; report inter-rater agreement instead,"In actual DI runs also record intervention count, absolute human cognitive minutes, and governance-only approvals."
H-H4-CLARI-02,H,H4,clarification,2,intervention_annotation,H4 Clarification #2,"[{""actor"":""human"",""content"":""Use this project strategy: split into ingestion, validation, optimization, and audit; I will direct each next step."",""cognitive"":true,""cid"":""CID4""},{""actor"":""human"",""content"":""Now implement the validation stage next."",""cognitive"":true,""cid"":""CID3""}]",H4,CID4,Frequent cognitive guidance and next-step correction.,exact_classification_plus_minutes,1.0,1.0,annotation_rule_checker,governance_counted_as_cognition;CID_understated;strategy_hidden_in_clarification;missing_minutes,none; H is a run-condition/property,bound,True,required,required for disputed labels,n/a; report inter-rater agreement instead,"In actual DI runs also record intervention count, absolute human cognitive minutes, and governance-only approvals."
H-H4-CLARI-03,H,H4,clarification,3,intervention_annotation,H4 Clarification #3,"[{""actor"":""human"",""content"":""Use this project strategy: split into ingestion, validation, optimization, and audit; I will direct each next step."",""cognitive"":true,""cid"":""CID4""},{""actor"":""human"",""content"":""Now implement the validation stage next."",""cognitive"":true,""cid"":""CID3""}]",H4,CID4,Frequent cognitive guidance and next-step correction.,exact_classification_plus_minutes,1.0,1.0,annotation_rule_checker,governance_counted_as_cognition;CID_understated;strategy_hidden_in_clarification;missing_minutes,none; H is a run-condition/property,bound,True,required,required for disputed labels,n/a; report inter-rater agreement instead,"In actual DI runs also record intervention count, absolute human cognitive minutes, and governance-only approvals."
H-H4-CLARI-04,H,H4,clarification,4,intervention_annotation,H4 Clarification #4,"[{""actor"":""human"",""content"":""Use this project strategy: split into ingestion, validation, optimization, and audit; I will direct each next step."",""cognitive"":true,""cid"":""CID4""},{""actor"":""human"",""content"":""Now implement the validation stage next."",""cognitive"":true,""cid"":""CID3""}]",H4,CID4,Frequent cognitive guidance and next-step correction.,exact_classification_plus_minutes,1.0,1.0,annotation_rule_checker,governance_counted_as_cognition;CID_understated;strategy_hidden_in_clarification;missing_minutes,none; H is a run-condition/property,bound,True,required,required for disputed labels,n/a; report inter-rater agreement instead,"In actual DI runs also record intervention count, absolute human cognitive minutes, and governance-only approvals."
H-H4-CLARI-05,H,H4,clarification,5,intervention_annotation,H4 Clarification #5,"[{""actor"":""human"",""content"":""Use this project strategy: split into ingestion, validation, optimization, and audit; I will direct each next step."",""cognitive"":true,""cid"":""CID4""},{""actor"":""human"",""content"":""Now implement the validation stage next."",""cognitive"":true,""cid"":""CID3""}]",H4,CID4,Frequent cognitive guidance and next-step correction.,exact_classification_plus_minutes,1.0,1.0,annotation_rule_checker,governance_counted_as_cognition;CID_understated;strategy_hidden_in_clarification;missing_minutes,none; H is a run-condition/property,bound,True,required,required for disputed labels,n/a; report inter-rater agreement instead,"In actual DI runs also record intervention count, absolute human cognitive minutes, and governance-only approvals."
H-H4-CLARI-06,H,H4,clarification,6,intervention_annotation,H4 Clarification #6,"[{""actor"":""human"",""content"":""Use this project strategy: split into ingestion, validation, optimization, and audit; I will direct each next step."",""cognitive"":true,""cid"":""CID4""},{""actor"":""human"",""content"":""Now implement the validation stage next."",""cognitive"":true,""cid"":""CID3""}]",H4,CID4,Frequent cognitive guidance and next-step correction.,exact_classification_plus_minutes,1.0,1.0,annotation_rule_checker,governance_counted_as_cognition;CID_understated;strategy_hidden_in_clarification;missing_minutes,none; H is a run-condition/property,bound,True,required,required for disputed labels,n/a; report inter-rater agreement instead,"In actual DI runs also record intervention count, absolute human cognitive minutes, and governance-only approvals."
H-H4-LOCAL-01,H,H4,local_correction,1,intervention_annotation,H4 Local Correction #1,"[{""actor"":""human"",""content"":""Use this project strategy: split into ingestion, validation, optimization, and audit; I will direct each next step."",""cognitive"":true,""cid"":""CID4""},{""actor"":""human"",""content"":""Now implement the validation stage next."",""cognitive"":true,""cid"":""CID3""}]",H4,CID4,Frequent cognitive guidance and next-step correction.,exact_classification_plus_minutes,1.0,1.0,annotation_rule_checker,governance_counted_as_cognition;CID_understated;strategy_hidden_in_clarification;missing_minutes,none; H is a run-condition/property,bound,True,required,required for disputed labels,n/a; report inter-rater agreement instead,"In actual DI runs also record intervention count, absolute human cognitive minutes, and governance-only approvals."
H-H4-LOCAL-02,H,H4,local_correction,2,intervention_annotation,H4 Local Correction #2,"[{""actor"":""human"",""content"":""Use this project strategy: split into ingestion, validation, optimization, and audit; I will direct each next step."",""cognitive"":true,""cid"":""CID4""},{""actor"":""human"",""content"":""Now implement the validation stage next."",""cognitive"":true,""cid"":""CID3""}]",H4,CID4,Frequent cognitive guidance and next-step correction.,exact_classification_plus_minutes,1.0,1.0,annotation_rule_checker,governance_counted_as_cognition;CID_understated;strategy_hidden_in_clarification;missing_minutes,none; H is a run-condition/property,bound,True,required,required for disputed labels,n/a; report inter-rater agreement instead,"In actual DI runs also record intervention count, absolute human cognitive minutes, and governance-only approvals."
H-H4-LOCAL-03,H,H4,local_correction,3,intervention_annotation,H4 Local Correction #3,"[{""actor"":""human"",""content"":""Use this project strategy: split into ingestion, validation, optimization, and audit; I will direct each next step."",""cognitive"":true,""cid"":""CID4""},{""actor"":""human"",""content"":""Now implement the validation stage next."",""cognitive"":true,""cid"":""CID3""}]",H4,CID4,Frequent cognitive guidance and next-step correction.,exact_classification_plus_minutes,1.0,1.0,annotation_rule_checker,governance_counted_as_cognition;CID_understated;strategy_hidden_in_clarification;missing_minutes,none; H is a run-condition/property,bound,True,required,required for disputed labels,n/a; report inter-rater agreement instead,"In actual DI runs also record intervention count, absolute human cognitive minutes, and governance-only approvals."
H-H4-LOCAL-04,H,H4,local_correction,4,intervention_annotation,H4 Local Correction #4,"[{""actor"":""human"",""content"":""Use this project strategy: split into ingestion, validation, optimization, and audit; I will direct each next step."",""cognitive"":true,""cid"":""CID4""},{""actor"":""human"",""content"":""Now implement the validation stage next."",""cognitive"":true,""cid"":""CID3""}]",H4,CID4,Frequent cognitive guidance and next-step correction.,exact_classification_plus_minutes,1.0,1.0,annotation_rule_checker,governance_counted_as_cognition;CID_understated;strategy_hidden_in_clarification;missing_minutes,none; H is a run-condition/property,bound,True,required,required for disputed labels,n/a; report inter-rater agreement instead,"In actual DI runs also record intervention count, absolute human cognitive minutes, and governance-only approvals."
H-H4-LOCAL-05,H,H4,local_correction,5,intervention_annotation,H4 Local Correction #5,"[{""actor"":""human"",""content"":""Use this project strategy: split into ingestion, validation, optimization, and audit; I will direct each next step."",""cognitive"":true,""cid"":""CID4""},{""actor"":""human"",""content"":""Now implement the validation stage next."",""cognitive"":true,""cid"":""CID3""}]",H4,CID4,Frequent cognitive guidance and next-step correction.,exact_classification_plus_minutes,1.0,1.0,annotation_rule_checker,governance_counted_as_cognition;CID_understated;strategy_hidden_in_clarification;missing_minutes,none; H is a run-condition/property,bound,True,required,required for disputed labels,n/a; report inter-rater agreement instead,"In actual DI runs also record intervention count, absolute human cognitive minutes, and governance-only approvals."
H-H4-LOCAL-06,H,H4,local_correction,6,intervention_annotation,H4 Local Correction #6,"[{""actor"":""human"",""content"":""Use this project strategy: split into ingestion, validation, optimization, and audit; I will direct each next step."",""cognitive"":true,""cid"":""CID4""},{""actor"":""human"",""content"":""Now implement the validation stage next."",""cognitive"":true,""cid"":""CID3""}]",H4,CID4,Frequent cognitive guidance and next-step correction.,exact_classification_plus_minutes,1.0,1.0,annotation_rule_checker,governance_counted_as_cognition;CID_understated;strategy_hidden_in_clarification;missing_minutes,none; H is a run-condition/property,bound,True,required,required for disputed labels,n/a; report inter-rater agreement instead,"In actual DI runs also record intervention count, absolute human cognitive minutes, and governance-only approvals."
H-H4-SUBPR-01,H,H4,subproblem_strategy,1,intervention_annotation,H4 Subproblem Strategy #1,"[{""actor"":""human"",""content"":""Use this project strategy: split into ingestion, validation, optimization, and audit; I will direct each next step."",""cognitive"":true,""cid"":""CID4""},{""actor"":""human"",""content"":""Now implement the validation stage next."",""cognitive"":true,""cid"":""CID3""}]",H4,CID4,Frequent cognitive guidance and next-step correction.,exact_classification_plus_minutes,1.0,1.0,annotation_rule_checker,governance_counted_as_cognition;CID_understated;strategy_hidden_in_clarification;missing_minutes,none; H is a run-condition/property,bound,True,required,required for disputed labels,n/a; report inter-rater agreement instead,"In actual DI runs also record intervention count, absolute human cognitive minutes, and governance-only approvals."
H-H4-SUBPR-02,H,H4,subproblem_strategy,2,intervention_annotation,H4 Subproblem Strategy #2,"[{""actor"":""human"",""content"":""Use this project strategy: split into ingestion, validation, optimization, and audit; I will direct each next step."",""cognitive"":true,""cid"":""CID4""},{""actor"":""human"",""content"":""Now implement the validation stage next."",""cognitive"":true,""cid"":""CID3""}]",H4,CID4,Frequent cognitive guidance and next-step correction.,exact_classification_plus_minutes,1.0,1.0,annotation_rule_checker,governance_counted_as_cognition;CID_understated;strategy_hidden_in_clarification;missing_minutes,none; H is a run-condition/property,bound,True,required,required for disputed labels,n/a; report inter-rater agreement instead,"In actual DI runs also record intervention count, absolute human cognitive minutes, and governance-only approvals."
H-H4-SUBPR-03,H,H4,subproblem_strategy,3,intervention_annotation,H4 Subproblem Strategy #3,"[{""actor"":""human"",""content"":""Use this project strategy: split into ingestion, validation, optimization, and audit; I will direct each next step."",""cognitive"":true,""cid"":""CID4""},{""actor"":""human"",""content"":""Now implement the validation stage next."",""cognitive"":true,""cid"":""CID3""}]",H4,CID4,Frequent cognitive guidance and next-step correction.,exact_classification_plus_minutes,1.0,1.0,annotation_rule_checker,governance_counted_as_cognition;CID_understated;strategy_hidden_in_clarification;missing_minutes,none; H is a run-condition/property,bound,True,required,required for disputed labels,n/a; report inter-rater agreement instead,"In actual DI runs also record intervention count, absolute human cognitive minutes, and governance-only approvals."
H-H4-SUBPR-04,H,H4,subproblem_strategy,4,intervention_annotation,H4 Subproblem Strategy #4,"[{""actor"":""human"",""content"":""Use this project strategy: split into ingestion, validation, optimization, and audit; I will direct each next step."",""cognitive"":true,""cid"":""CID4""},{""actor"":""human"",""content"":""Now implement the validation stage next."",""cognitive"":true,""cid"":""CID3""}]",H4,CID4,Frequent cognitive guidance and next-step correction.,exact_classification_plus_minutes,1.0,1.0,annotation_rule_checker,governance_counted_as_cognition;CID_understated;strategy_hidden_in_clarification;missing_minutes,none; H is a run-condition/property,bound,True,required,required for disputed labels,n/a; report inter-rater agreement instead,"In actual DI runs also record intervention count, absolute human cognitive minutes, and governance-only approvals."
H-H4-SUBPR-05,H,H4,subproblem_strategy,5,intervention_annotation,H4 Subproblem Strategy #5,"[{""actor"":""human"",""content"":""Use this project strategy: split into ingestion, validation, optimization, and audit; I will direct each next step."",""cognitive"":true,""cid"":""CID4""},{""actor"":""human"",""content"":""Now implement the validation stage next."",""cognitive"":true,""cid"":""CID3""}]",H4,CID4,Frequent cognitive guidance and next-step correction.,exact_classification_plus_minutes,1.0,1.0,annotation_rule_checker,governance_counted_as_cognition;CID_understated;strategy_hidden_in_clarification;missing_minutes,none; H is a run-condition/property,bound,True,required,required for disputed labels,n/a; report inter-rater agreement instead,"In actual DI runs also record intervention count, absolute human cognitive minutes, and governance-only approvals."
H-H4-SUBPR-06,H,H4,subproblem_strategy,6,intervention_annotation,H4 Subproblem Strategy #6,"[{""actor"":""human"",""content"":""Use this project strategy: split into ingestion, validation, optimization, and audit; I will direct each next step."",""cognitive"":true,""cid"":""CID4""},{""actor"":""human"",""content"":""Now implement the validation stage next."",""cognitive"":true,""cid"":""CID3""}]",H4,CID4,Frequent cognitive guidance and next-step correction.,exact_classification_plus_minutes,1.0,1.0,annotation_rule_checker,governance_counted_as_cognition;CID_understated;strategy_hidden_in_clarification;missing_minutes,none; H is a run-condition/property,bound,True,required,required for disputed labels,n/a; report inter-rater agreement instead,"In actual DI runs also record intervention count, absolute human cognitive minutes, and governance-only approvals."
H-H4-PROJE-01,H,H4,project_strategy,1,intervention_annotation,H4 Project Strategy #1,"[{""actor"":""human"",""content"":""Use this project strategy: split into ingestion, validation, optimization, and audit; I will direct each next step."",""cognitive"":true,""cid"":""CID4""},{""actor"":""human"",""content"":""Now implement the validation stage next."",""cognitive"":true,""cid"":""CID3""}]",H4,CID4,Frequent cognitive guidance and next-step correction.,exact_classification_plus_minutes,1.0,1.0,annotation_rule_checker,governance_counted_as_cognition;CID_understated;strategy_hidden_in_clarification;missing_minutes,none; H is a run-condition/property,bound,True,required,required for disputed labels,n/a; report inter-rater agreement instead,"In actual DI runs also record intervention count, absolute human cognitive minutes, and governance-only approvals."
H-H4-PROJE-02,H,H4,project_strategy,2,intervention_annotation,H4 Project Strategy #2,"[{""actor"":""human"",""content"":""Use this project strategy: split into ingestion, validation, optimization, and audit; I will direct each next step."",""cognitive"":true,""cid"":""CID4""},{""actor"":""human"",""content"":""Now implement the validation stage next."",""cognitive"":true,""cid"":""CID3""}]",H4,CID4,Frequent cognitive guidance and next-step correction.,exact_classification_plus_minutes,1.0,1.0,annotation_rule_checker,governance_counted_as_cognition;CID_understated;strategy_hidden_in_clarification;missing_minutes,none; H is a run-condition/property,bound,True,required,required for disputed labels,n/a; report inter-rater agreement instead,"In actual DI runs also record intervention count, absolute human cognitive minutes, and governance-only approvals."
H-H4-PROJE-03,H,H4,project_strategy,3,intervention_annotation,H4 Project Strategy #3,"[{""actor"":""human"",""content"":""Use this project strategy: split into ingestion, validation, optimization, and audit; I will direct each next step."",""cognitive"":true,""cid"":""CID4""},{""actor"":""human"",""content"":""Now implement the validation stage next."",""cognitive"":true,""cid"":""CID3""}]",H4,CID4,Frequent cognitive guidance and next-step correction.,exact_classification_plus_minutes,1.0,1.0,annotation_rule_checker,governance_counted_as_cognition;CID_understated;strategy_hidden_in_clarification;missing_minutes,none; H is a run-condition/property,bound,True,required,required for disputed labels,n/a; report inter-rater agreement instead,"In actual DI runs also record intervention count, absolute human cognitive minutes, and governance-only approvals."
H-H4-PROJE-04,H,H4,project_strategy,4,intervention_annotation,H4 Project Strategy #4,"[{""actor"":""human"",""content"":""Use this project strategy: split into ingestion, validation, optimization, and audit; I will direct each next step."",""cognitive"":true,""cid"":""CID4""},{""actor"":""human"",""content"":""Now implement the validation stage next."",""cognitive"":true,""cid"":""CID3""}]",H4,CID4,Frequent cognitive guidance and next-step correction.,exact_classification_plus_minutes,1.0,1.0,annotation_rule_checker,governance_counted_as_cognition;CID_understated;strategy_hidden_in_clarification;missing_minutes,none; H is a run-condition/property,bound,True,required,required for disputed labels,n/a; report inter-rater agreement instead,"In actual DI runs also record intervention count, absolute human cognitive minutes, and governance-only approvals."
H-H4-PROJE-05,H,H4,project_strategy,5,intervention_annotation,H4 Project Strategy #5,"[{""actor"":""human"",""content"":""Use this project strategy: split into ingestion, validation, optimization, and audit; I will direct each next step."",""cognitive"":true,""cid"":""CID4""},{""actor"":""human"",""content"":""Now implement the validation stage next."",""cognitive"":true,""cid"":""CID3""}]",H4,CID4,Frequent cognitive guidance and next-step correction.,exact_classification_plus_minutes,1.0,1.0,annotation_rule_checker,governance_counted_as_cognition;CID_understated;strategy_hidden_in_clarification;missing_minutes,none; H is a run-condition/property,bound,True,required,required for disputed labels,n/a; report inter-rater agreement instead,"In actual DI runs also record intervention count, absolute human cognitive minutes, and governance-only approvals."
H-H4-PROJE-06,H,H4,project_strategy,6,intervention_annotation,H4 Project Strategy #6,"[{""actor"":""human"",""content"":""Use this project strategy: split into ingestion, validation, optimization, and audit; I will direct each next step."",""cognitive"":true,""cid"":""CID4""},{""actor"":""human"",""content"":""Now implement the validation stage next."",""cognitive"":true,""cid"":""CID3""}]",H4,CID4,Frequent cognitive guidance and next-step correction.,exact_classification_plus_minutes,1.0,1.0,annotation_rule_checker,governance_counted_as_cognition;CID_understated;strategy_hidden_in_clarification;missing_minutes,none; H is a run-condition/property,bound,True,required,required for disputed labels,n/a; report inter-rater agreement instead,"In actual DI runs also record intervention count, absolute human cognitive minutes, and governance-only approvals."
H-H5-FACT-01,H,H5,fact,1,intervention_annotation,H5 Fact #1,"[{""actor"":""human"",""content"":""I will provide the core solution and all major steps."",""cognitive"":true,""cid"":""CID5""},{""actor"":""human"",""content"":""Step 1 ... Step 2 ... Step 3 ..."",""cognitive"":true,""cid"":""CID5""}]",H5,CID5,Human supplies most or all major steps.,exact_classification_plus_minutes,1.0,1.0,annotation_rule_checker,governance_counted_as_cognition;CID_understated;strategy_hidden_in_clarification;missing_minutes,none; H is a run-condition/property,bound,True,required,required for disputed labels,n/a; report inter-rater agreement instead,"In actual DI runs also record intervention count, absolute human cognitive minutes, and governance-only approvals."
H-H5-FACT-02,H,H5,fact,2,intervention_annotation,H5 Fact #2,"[{""actor"":""human"",""content"":""I will provide the core solution and all major steps."",""cognitive"":true,""cid"":""CID5""},{""actor"":""human"",""content"":""Step 1 ... Step 2 ... Step 3 ..."",""cognitive"":true,""cid"":""CID5""}]",H5,CID5,Human supplies most or all major steps.,exact_classification_plus_minutes,1.0,1.0,annotation_rule_checker,governance_counted_as_cognition;CID_understated;strategy_hidden_in_clarification;missing_minutes,none; H is a run-condition/property,bound,True,required,required for disputed labels,n/a; report inter-rater agreement instead,"In actual DI runs also record intervention count, absolute human cognitive minutes, and governance-only approvals."
H-H5-FACT-03,H,H5,fact,3,intervention_annotation,H5 Fact #3,"[{""actor"":""human"",""content"":""I will provide the core solution and all major steps."",""cognitive"":true,""cid"":""CID5""},{""actor"":""human"",""content"":""Step 1 ... Step 2 ... Step 3 ..."",""cognitive"":true,""cid"":""CID5""}]",H5,CID5,Human supplies most or all major steps.,exact_classification_plus_minutes,1.0,1.0,annotation_rule_checker,governance_counted_as_cognition;CID_understated;strategy_hidden_in_clarification;missing_minutes,none; H is a run-condition/property,bound,True,required,required for disputed labels,n/a; report inter-rater agreement instead,"In actual DI runs also record intervention count, absolute human cognitive minutes, and governance-only approvals."
H-H5-FACT-04,H,H5,fact,4,intervention_annotation,H5 Fact #4,"[{""actor"":""human"",""content"":""I will provide the core solution and all major steps."",""cognitive"":true,""cid"":""CID5""},{""actor"":""human"",""content"":""Step 1 ... Step 2 ... Step 3 ..."",""cognitive"":true,""cid"":""CID5""}]",H5,CID5,Human supplies most or all major steps.,exact_classification_plus_minutes,1.0,1.0,annotation_rule_checker,governance_counted_as_cognition;CID_understated;strategy_hidden_in_clarification;missing_minutes,none; H is a run-condition/property,bound,True,required,required for disputed labels,n/a; report inter-rater agreement instead,"In actual DI runs also record intervention count, absolute human cognitive minutes, and governance-only approvals."
H-H5-FACT-05,H,H5,fact,5,intervention_annotation,H5 Fact #5,"[{""actor"":""human"",""content"":""I will provide the core solution and all major steps."",""cognitive"":true,""cid"":""CID5""},{""actor"":""human"",""content"":""Step 1 ... Step 2 ... Step 3 ..."",""cognitive"":true,""cid"":""CID5""}]",H5,CID5,Human supplies most or all major steps.,exact_classification_plus_minutes,1.0,1.0,annotation_rule_checker,governance_counted_as_cognition;CID_understated;strategy_hidden_in_clarification;missing_minutes,none; H is a run-condition/property,bound,True,required,required for disputed labels,n/a; report inter-rater agreement instead,"In actual DI runs also record intervention count, absolute human cognitive minutes, and governance-only approvals."
H-H5-FACT-06,H,H5,fact,6,intervention_annotation,H5 Fact #6,"[{""actor"":""human"",""content"":""I will provide the core solution and all major steps."",""cognitive"":true,""cid"":""CID5""},{""actor"":""human"",""content"":""Step 1 ... Step 2 ... Step 3 ..."",""cognitive"":true,""cid"":""CID5""}]",H5,CID5,Human supplies most or all major steps.,exact_classification_plus_minutes,1.0,1.0,annotation_rule_checker,governance_counted_as_cognition;CID_understated;strategy_hidden_in_clarification;missing_minutes,none; H is a run-condition/property,bound,True,required,required for disputed labels,n/a; report inter-rater agreement instead,"In actual DI runs also record intervention count, absolute human cognitive minutes, and governance-only approvals."
H-H5-CLARI-01,H,H5,clarification,1,intervention_annotation,H5 Clarification #1,"[{""actor"":""human"",""content"":""I will provide the core solution and all major steps."",""cognitive"":true,""cid"":""CID5""},{""actor"":""human"",""content"":""Step 1 ... Step 2 ... Step 3 ..."",""cognitive"":true,""cid"":""CID5""}]",H5,CID5,Human supplies most or all major steps.,exact_classification_plus_minutes,1.0,1.0,annotation_rule_checker,governance_counted_as_cognition;CID_understated;strategy_hidden_in_clarification;missing_minutes,none; H is a run-condition/property,bound,True,required,required for disputed labels,n/a; report inter-rater agreement instead,"In actual DI runs also record intervention count, absolute human cognitive minutes, and governance-only approvals."
H-H5-CLARI-02,H,H5,clarification,2,intervention_annotation,H5 Clarification #2,"[{""actor"":""human"",""content"":""I will provide the core solution and all major steps."",""cognitive"":true,""cid"":""CID5""},{""actor"":""human"",""content"":""Step 1 ... Step 2 ... Step 3 ..."",""cognitive"":true,""cid"":""CID5""}]",H5,CID5,Human supplies most or all major steps.,exact_classification_plus_minutes,1.0,1.0,annotation_rule_checker,governance_counted_as_cognition;CID_understated;strategy_hidden_in_clarification;missing_minutes,none; H is a run-condition/property,bound,True,required,required for disputed labels,n/a; report inter-rater agreement instead,"In actual DI runs also record intervention count, absolute human cognitive minutes, and governance-only approvals."
H-H5-CLARI-03,H,H5,clarification,3,intervention_annotation,H5 Clarification #3,"[{""actor"":""human"",""content"":""I will provide the core solution and all major steps."",""cognitive"":true,""cid"":""CID5""},{""actor"":""human"",""content"":""Step 1 ... Step 2 ... Step 3 ..."",""cognitive"":true,""cid"":""CID5""}]",H5,CID5,Human supplies most or all major steps.,exact_classification_plus_minutes,1.0,1.0,annotation_rule_checker,governance_counted_as_cognition;CID_understated;strategy_hidden_in_clarification;missing_minutes,none; H is a run-condition/property,bound,True,required,required for disputed labels,n/a; report inter-rater agreement instead,"In actual DI runs also record intervention count, absolute human cognitive minutes, and governance-only approvals."
H-H5-CLARI-04,H,H5,clarification,4,intervention_annotation,H5 Clarification #4,"[{""actor"":""human"",""content"":""I will provide the core solution and all major steps."",""cognitive"":true,""cid"":""CID5""},{""actor"":""human"",""content"":""Step 1 ... Step 2 ... Step 3 ..."",""cognitive"":true,""cid"":""CID5""}]",H5,CID5,Human supplies most or all major steps.,exact_classification_plus_minutes,1.0,1.0,annotation_rule_checker,governance_counted_as_cognition;CID_understated;strategy_hidden_in_clarification;missing_minutes,none; H is a run-condition/property,bound,True,required,required for disputed labels,n/a; report inter-rater agreement instead,"In actual DI runs also record intervention count, absolute human cognitive minutes, and governance-only approvals."
H-H5-CLARI-05,H,H5,clarification,5,intervention_annotation,H5 Clarification #5,"[{""actor"":""human"",""content"":""I will provide the core solution and all major steps."",""cognitive"":true,""cid"":""CID5""},{""actor"":""human"",""content"":""Step 1 ... Step 2 ... Step 3 ..."",""cognitive"":true,""cid"":""CID5""}]",H5,CID5,Human supplies most or all major steps.,exact_classification_plus_minutes,1.0,1.0,annotation_rule_checker,governance_counted_as_cognition;CID_understated;strategy_hidden_in_clarification;missing_minutes,none; H is a run-condition/property,bound,True,required,required for disputed labels,n/a; report inter-rater agreement instead,"In actual DI runs also record intervention count, absolute human cognitive minutes, and governance-only approvals."
H-H5-CLARI-06,H,H5,clarification,6,intervention_annotation,H5 Clarification #6,"[{""actor"":""human"",""content"":""I will provide the core solution and all major steps."",""cognitive"":true,""cid"":""CID5""},{""actor"":""human"",""content"":""Step 1 ... Step 2 ... Step 3 ..."",""cognitive"":true,""cid"":""CID5""}]",H5,CID5,Human supplies most or all major steps.,exact_classification_plus_minutes,1.0,1.0,annotation_rule_checker,governance_counted_as_cognition;CID_understated;strategy_hidden_in_clarification;missing_minutes,none; H is a run-condition/property,bound,True,required,required for disputed labels,n/a; report inter-rater agreement instead,"In actual DI runs also record intervention count, absolute human cognitive minutes, and governance-only approvals."
H-H5-LOCAL-01,H,H5,local_correction,1,intervention_annotation,H5 Local Correction #1,"[{""actor"":""human"",""content"":""I will provide the core solution and all major steps."",""cognitive"":true,""cid"":""CID5""},{""actor"":""human"",""content"":""Step 1 ... Step 2 ... Step 3 ..."",""cognitive"":true,""cid"":""CID5""}]",H5,CID5,Human supplies most or all major steps.,exact_classification_plus_minutes,1.0,1.0,annotation_rule_checker,governance_counted_as_cognition;CID_understated;strategy_hidden_in_clarification;missing_minutes,none; H is a run-condition/property,bound,True,required,required for disputed labels,n/a; report inter-rater agreement instead,"In actual DI runs also record intervention count, absolute human cognitive minutes, and governance-only approvals."
H-H5-LOCAL-02,H,H5,local_correction,2,intervention_annotation,H5 Local Correction #2,"[{""actor"":""human"",""content"":""I will provide the core solution and all major steps."",""cognitive"":true,""cid"":""CID5""},{""actor"":""human"",""content"":""Step 1 ... Step 2 ... Step 3 ..."",""cognitive"":true,""cid"":""CID5""}]",H5,CID5,Human supplies most or all major steps.,exact_classification_plus_minutes,1.0,1.0,annotation_rule_checker,governance_counted_as_cognition;CID_understated;strategy_hidden_in_clarification;missing_minutes,none; H is a run-condition/property,bound,True,required,required for disputed labels,n/a; report inter-rater agreement instead,"In actual DI runs also record intervention count, absolute human cognitive minutes, and governance-only approvals."
H-H5-LOCAL-03,H,H5,local_correction,3,intervention_annotation,H5 Local Correction #3,"[{""actor"":""human"",""content"":""I will provide the core solution and all major steps."",""cognitive"":true,""cid"":""CID5""},{""actor"":""human"",""content"":""Step 1 ... Step 2 ... Step 3 ..."",""cognitive"":true,""cid"":""CID5""}]",H5,CID5,Human supplies most or all major steps.,exact_classification_plus_minutes,1.0,1.0,annotation_rule_checker,governance_counted_as_cognition;CID_understated;strategy_hidden_in_clarification;missing_minutes,none; H is a run-condition/property,bound,True,required,required for disputed labels,n/a; report inter-rater agreement instead,"In actual DI runs also record intervention count, absolute human cognitive minutes, and governance-only approvals."
H-H5-LOCAL-04,H,H5,local_correction,4,intervention_annotation,H5 Local Correction #4,"[{""actor"":""human"",""content"":""I will provide the core solution and all major steps."",""cognitive"":true,""cid"":""CID5""},{""actor"":""human"",""content"":""Step 1 ... Step 2 ... Step 3 ..."",""cognitive"":true,""cid"":""CID5""}]",H5,CID5,Human supplies most or all major steps.,exact_classification_plus_minutes,1.0,1.0,annotation_rule_checker,governance_counted_as_cognition;CID_understated;strategy_hidden_in_clarification;missing_minutes,none; H is a run-condition/property,bound,True,required,required for disputed labels,n/a; report inter-rater agreement instead,"In actual DI runs also record intervention count, absolute human cognitive minutes, and governance-only approvals."
H-H5-LOCAL-05,H,H5,local_correction,5,intervention_annotation,H5 Local Correction #5,"[{""actor"":""human"",""content"":""I will provide the core solution and all major steps."",""cognitive"":true,""cid"":""CID5""},{""actor"":""human"",""content"":""Step 1 ... Step 2 ... Step 3 ..."",""cognitive"":true,""cid"":""CID5""}]",H5,CID5,Human supplies most or all major steps.,exact_classification_plus_minutes,1.0,1.0,annotation_rule_checker,governance_counted_as_cognition;CID_understated;strategy_hidden_in_clarification;missing_minutes,none; H is a run-condition/property,bound,True,required,required for disputed labels,n/a; report inter-rater agreement instead,"In actual DI runs also record intervention count, absolute human cognitive minutes, and governance-only approvals."
H-H5-LOCAL-06,H,H5,local_correction,6,intervention_annotation,H5 Local Correction #6,"[{""actor"":""human"",""content"":""I will provide the core solution and all major steps."",""cognitive"":true,""cid"":""CID5""},{""actor"":""human"",""content"":""Step 1 ... Step 2 ... Step 3 ..."",""cognitive"":true,""cid"":""CID5""}]",H5,CID5,Human supplies most or all major steps.,exact_classification_plus_minutes,1.0,1.0,annotation_rule_checker,governance_counted_as_cognition;CID_understated;strategy_hidden_in_clarification;missing_minutes,none; H is a run-condition/property,bound,True,required,required for disputed labels,n/a; report inter-rater agreement instead,"In actual DI runs also record intervention count, absolute human cognitive minutes, and governance-only approvals."
H-H5-SUBPR-01,H,H5,subproblem_strategy,1,intervention_annotation,H5 Subproblem Strategy #1,"[{""actor"":""human"",""content"":""I will provide the core solution and all major steps."",""cognitive"":true,""cid"":""CID5""},{""actor"":""human"",""content"":""Step 1 ... Step 2 ... Step 3 ..."",""cognitive"":true,""cid"":""CID5""}]",H5,CID5,Human supplies most or all major steps.,exact_classification_plus_minutes,1.0,1.0,annotation_rule_checker,governance_counted_as_cognition;CID_understated;strategy_hidden_in_clarification;missing_minutes,none; H is a run-condition/property,bound,True,required,required for disputed labels,n/a; report inter-rater agreement instead,"In actual DI runs also record intervention count, absolute human cognitive minutes, and governance-only approvals."
H-H5-SUBPR-02,H,H5,subproblem_strategy,2,intervention_annotation,H5 Subproblem Strategy #2,"[{""actor"":""human"",""content"":""I will provide the core solution and all major steps."",""cognitive"":true,""cid"":""CID5""},{""actor"":""human"",""content"":""Step 1 ... Step 2 ... Step 3 ..."",""cognitive"":true,""cid"":""CID5""}]",H5,CID5,Human supplies most or all major steps.,exact_classification_plus_minutes,1.0,1.0,annotation_rule_checker,governance_counted_as_cognition;CID_understated;strategy_hidden_in_clarification;missing_minutes,none; H is a run-condition/property,bound,True,required,required for disputed labels,n/a; report inter-rater agreement instead,"In actual DI runs also record intervention count, absolute human cognitive minutes, and governance-only approvals."
H-H5-SUBPR-03,H,H5,subproblem_strategy,3,intervention_annotation,H5 Subproblem Strategy #3,"[{""actor"":""human"",""content"":""I will provide the core solution and all major steps."",""cognitive"":true,""cid"":""CID5""},{""actor"":""human"",""content"":""Step 1 ... Step 2 ... Step 3 ..."",""cognitive"":true,""cid"":""CID5""}]",H5,CID5,Human supplies most or all major steps.,exact_classification_plus_minutes,1.0,1.0,annotation_rule_checker,governance_counted_as_cognition;CID_understated;strategy_hidden_in_clarification;missing_minutes,none; H is a run-condition/property,bound,True,required,required for disputed labels,n/a; report inter-rater agreement instead,"In actual DI runs also record intervention count, absolute human cognitive minutes, and governance-only approvals."
H-H5-SUBPR-04,H,H5,subproblem_strategy,4,intervention_annotation,H5 Subproblem Strategy #4,"[{""actor"":""human"",""content"":""I will provide the core solution and all major steps."",""cognitive"":true,""cid"":""CID5""},{""actor"":""human"",""content"":""Step 1 ... Step 2 ... Step 3 ..."",""cognitive"":true,""cid"":""CID5""}]",H5,CID5,Human supplies most or all major steps.,exact_classification_plus_minutes,1.0,1.0,annotation_rule_checker,governance_counted_as_cognition;CID_understated;strategy_hidden_in_clarification;missing_minutes,none; H is a run-condition/property,bound,True,required,required for disputed labels,n/a; report inter-rater agreement instead,"In actual DI runs also record intervention count, absolute human cognitive minutes, and governance-only approvals."
H-H5-SUBPR-05,H,H5,subproblem_strategy,5,intervention_annotation,H5 Subproblem Strategy #5,"[{""actor"":""human"",""content"":""I will provide the core solution and all major steps."",""cognitive"":true,""cid"":""CID5""},{""actor"":""human"",""content"":""Step 1 ... Step 2 ... Step 3 ..."",""cognitive"":true,""cid"":""CID5""}]",H5,CID5,Human supplies most or all major steps.,exact_classification_plus_minutes,1.0,1.0,annotation_rule_checker,governance_counted_as_cognition;CID_understated;strategy_hidden_in_clarification;missing_minutes,none; H is a run-condition/property,bound,True,required,required for disputed labels,n/a; report inter-rater agreement instead,"In actual DI runs also record intervention count, absolute human cognitive minutes, and governance-only approvals."
H-H5-SUBPR-06,H,H5,subproblem_strategy,6,intervention_annotation,H5 Subproblem Strategy #6,"[{""actor"":""human"",""content"":""I will provide the core solution and all major steps."",""cognitive"":true,""cid"":""CID5""},{""actor"":""human"",""content"":""Step 1 ... Step 2 ... Step 3 ..."",""cognitive"":true,""cid"":""CID5""}]",H5,CID5,Human supplies most or all major steps.,exact_classification_plus_minutes,1.0,1.0,annotation_rule_checker,governance_counted_as_cognition;CID_understated;strategy_hidden_in_clarification;missing_minutes,none; H is a run-condition/property,bound,True,required,required for disputed labels,n/a; report inter-rater agreement instead,"In actual DI runs also record intervention count, absolute human cognitive minutes, and governance-only approvals."
H-H5-PROJE-01,H,H5,project_strategy,1,intervention_annotation,H5 Project Strategy #1,"[{""actor"":""human"",""content"":""I will provide the core solution and all major steps."",""cognitive"":true,""cid"":""CID5""},{""actor"":""human"",""content"":""Step 1 ... Step 2 ... Step 3 ..."",""cognitive"":true,""cid"":""CID5""}]",H5,CID5,Human supplies most or all major steps.,exact_classification_plus_minutes,1.0,1.0,annotation_rule_checker,governance_counted_as_cognition;CID_understated;strategy_hidden_in_clarification;missing_minutes,none; H is a run-condition/property,bound,True,required,required for disputed labels,n/a; report inter-rater agreement instead,"In actual DI runs also record intervention count, absolute human cognitive minutes, and governance-only approvals."
H-H5-PROJE-02,H,H5,project_strategy,2,intervention_annotation,H5 Project Strategy #2,"[{""actor"":""human"",""content"":""I will provide the core solution and all major steps."",""cognitive"":true,""cid"":""CID5""},{""actor"":""human"",""content"":""Step 1 ... Step 2 ... Step 3 ..."",""cognitive"":true,""cid"":""CID5""}]",H5,CID5,Human supplies most or all major steps.,exact_classification_plus_minutes,1.0,1.0,annotation_rule_checker,governance_counted_as_cognition;CID_understated;strategy_hidden_in_clarification;missing_minutes,none; H is a run-condition/property,bound,True,required,required for disputed labels,n/a; report inter-rater agreement instead,"In actual DI runs also record intervention count, absolute human cognitive minutes, and governance-only approvals."
H-H5-PROJE-03,H,H5,project_strategy,3,intervention_annotation,H5 Project Strategy #3,"[{""actor"":""human"",""content"":""I will provide the core solution and all major steps."",""cognitive"":true,""cid"":""CID5""},{""actor"":""human"",""content"":""Step 1 ... Step 2 ... Step 3 ..."",""cognitive"":true,""cid"":""CID5""}]",H5,CID5,Human supplies most or all major steps.,exact_classification_plus_minutes,1.0,1.0,annotation_rule_checker,governance_counted_as_cognition;CID_understated;strategy_hidden_in_clarification;missing_minutes,none; H is a run-condition/property,bound,True,required,required for disputed labels,n/a; report inter-rater agreement instead,"In actual DI runs also record intervention count, absolute human cognitive minutes, and governance-only approvals."
H-H5-PROJE-04,H,H5,project_strategy,4,intervention_annotation,H5 Project Strategy #4,"[{""actor"":""human"",""content"":""I will provide the core solution and all major steps."",""cognitive"":true,""cid"":""CID5""},{""actor"":""human"",""content"":""Step 1 ... Step 2 ... Step 3 ..."",""cognitive"":true,""cid"":""CID5""}]",H5,CID5,Human supplies most or all major steps.,exact_classification_plus_minutes,1.0,1.0,annotation_rule_checker,governance_counted_as_cognition;CID_understated;strategy_hidden_in_clarification;missing_minutes,none; H is a run-condition/property,bound,True,required,required for disputed labels,n/a; report inter-rater agreement instead,"In actual DI runs also record intervention count, absolute human cognitive minutes, and governance-only approvals."
H-H5-PROJE-05,H,H5,project_strategy,5,intervention_annotation,H5 Project Strategy #5,"[{""actor"":""human"",""content"":""I will provide the core solution and all major steps."",""cognitive"":true,""cid"":""CID5""},{""actor"":""human"",""content"":""Step 1 ... Step 2 ... Step 3 ..."",""cognitive"":true,""cid"":""CID5""}]",H5,CID5,Human supplies most or all major steps.,exact_classification_plus_minutes,1.0,1.0,annotation_rule_checker,governance_counted_as_cognition;CID_understated;strategy_hidden_in_clarification;missing_minutes,none; H is a run-condition/property,bound,True,required,required for disputed labels,n/a; report inter-rater agreement instead,"In actual DI runs also record intervention count, absolute human cognitive minutes, and governance-only approvals."
H-H5-PROJE-06,H,H5,project_strategy,6,intervention_annotation,H5 Project Strategy #6,"[{""actor"":""human"",""content"":""I will provide the core solution and all major steps."",""cognitive"":true,""cid"":""CID5""},{""actor"":""human"",""content"":""Step 1 ... Step 2 ... Step 3 ..."",""cognitive"":true,""cid"":""CID5""}]",H5,CID5,Human supplies most or all major steps.,exact_classification_plus_minutes,1.0,1.0,annotation_rule_checker,governance_counted_as_cognition;CID_understated;strategy_hidden_in_clarification;missing_minutes,none; H is a run-condition/property,bound,True,required,required for disputed labels,n/a; report inter-rater agreement instead,"In actual DI runs also record intervention count, absolute human cognitive minutes, and governance-only approvals."
