item_id,coordinate,target_level,family,variant,benchmark_kind,title,prompt,scenario_json,expected_json,scoring_type,max_score,pass_threshold,verifier,failure_modes,retention_requirements,binding_status,certification_ready,spec_key_test,concordance_audit,headroom_status,notes
O-O0-ROUTING-01,O,O0,routing,1,multi_agent_protocol,O0 Routing #1,Run with separate real agent/process roles. Prompt role-play in one process does not satisfy O evidence.,"{""roles"":[{""role"":""planner"",""competence"":{""planning"":0.9,""verification"":0.4}},{""role"":""executor"",""competence"":{""execution"":0.9,""verification"":0.5}},{""role"":""verifier"",""competence"":{""execution"":0.3,""verification"":0.95}}],""task"":""org-case-1"",""event"":""none""}","{""real_multi_agent_required"":true,""evidence_bearing_handoff"":true}",protocol_components,1.0,0.85,external_org_trace_and_task_verifier,single_agent_substitution;lost_evidence;bad_routing;role_violation;self_promotion;org_regression,all lower O levels,protocol-bound,False,required,required,must report,O3+ requires evaluator/promoter separation outside the mutable organization.
O-O0-ROUTING-02,O,O0,routing,2,multi_agent_protocol,O0 Routing #2,Run with separate real agent/process roles. Prompt role-play in one process does not satisfy O evidence.,"{""roles"":[{""role"":""planner"",""competence"":{""planning"":0.9,""verification"":0.4}},{""role"":""executor"",""competence"":{""execution"":0.9,""verification"":0.5}},{""role"":""verifier"",""competence"":{""execution"":0.3,""verification"":0.95}}],""task"":""org-case-2"",""event"":""none""}","{""real_multi_agent_required"":true,""evidence_bearing_handoff"":true}",protocol_components,1.0,0.85,external_org_trace_and_task_verifier,single_agent_substitution;lost_evidence;bad_routing;role_violation;self_promotion;org_regression,all lower O levels,protocol-bound,False,required,required,must report,O3+ requires evaluator/promoter separation outside the mutable organization.
O-O0-ROUTING-03,O,O0,routing,3,multi_agent_protocol,O0 Routing #3,Run with separate real agent/process roles. Prompt role-play in one process does not satisfy O evidence.,"{""roles"":[{""role"":""planner"",""competence"":{""planning"":0.9,""verification"":0.4}},{""role"":""executor"",""competence"":{""execution"":0.9,""verification"":0.5}},{""role"":""verifier"",""competence"":{""execution"":0.3,""verification"":0.95}}],""task"":""org-case-3"",""event"":""none""}","{""real_multi_agent_required"":true,""evidence_bearing_handoff"":true}",protocol_components,1.0,0.85,external_org_trace_and_task_verifier,single_agent_substitution;lost_evidence;bad_routing;role_violation;self_promotion;org_regression,all lower O levels,protocol-bound,False,required,required,must report,O3+ requires evaluator/promoter separation outside the mutable organization.
O-O0-EVIDENCE_H-01,O,O0,evidence_handoff,1,multi_agent_protocol,O0 Evidence Handoff #1,Run with separate real agent/process roles. Prompt role-play in one process does not satisfy O evidence.,"{""roles"":[{""role"":""planner"",""competence"":{""planning"":0.9,""verification"":0.4}},{""role"":""executor"",""competence"":{""execution"":0.9,""verification"":0.5}},{""role"":""verifier"",""competence"":{""execution"":0.3,""verification"":0.95}}],""task"":""org-case-1"",""event"":""none""}","{""real_multi_agent_required"":true,""evidence_bearing_handoff"":true}",protocol_components,1.0,0.85,external_org_trace_and_task_verifier,single_agent_substitution;lost_evidence;bad_routing;role_violation;self_promotion;org_regression,all lower O levels,protocol-bound,False,required,required,must report,O3+ requires evaluator/promoter separation outside the mutable organization.
O-O0-EVIDENCE_H-02,O,O0,evidence_handoff,2,multi_agent_protocol,O0 Evidence Handoff #2,Run with separate real agent/process roles. Prompt role-play in one process does not satisfy O evidence.,"{""roles"":[{""role"":""planner"",""competence"":{""planning"":0.9,""verification"":0.4}},{""role"":""executor"",""competence"":{""execution"":0.9,""verification"":0.5}},{""role"":""verifier"",""competence"":{""execution"":0.3,""verification"":0.95}}],""task"":""org-case-2"",""event"":""none""}","{""real_multi_agent_required"":true,""evidence_bearing_handoff"":true}",protocol_components,1.0,0.85,external_org_trace_and_task_verifier,single_agent_substitution;lost_evidence;bad_routing;role_violation;self_promotion;org_regression,all lower O levels,protocol-bound,False,required,required,must report,O3+ requires evaluator/promoter separation outside the mutable organization.
O-O0-EVIDENCE_H-03,O,O0,evidence_handoff,3,multi_agent_protocol,O0 Evidence Handoff #3,Run with separate real agent/process roles. Prompt role-play in one process does not satisfy O evidence.,"{""roles"":[{""role"":""planner"",""competence"":{""planning"":0.9,""verification"":0.4}},{""role"":""executor"",""competence"":{""execution"":0.9,""verification"":0.5}},{""role"":""verifier"",""competence"":{""execution"":0.3,""verification"":0.95}}],""task"":""org-case-3"",""event"":""none""}","{""real_multi_agent_required"":true,""evidence_bearing_handoff"":true}",protocol_components,1.0,0.85,external_org_trace_and_task_verifier,single_agent_substitution;lost_evidence;bad_routing;role_violation;self_promotion;org_regression,all lower O levels,protocol-bound,False,required,required,must report,O3+ requires evaluator/promoter separation outside the mutable organization.
O-O0-ROLE_SEPAR-01,O,O0,role_separation,1,multi_agent_protocol,O0 Role Separation #1,Run with separate real agent/process roles. Prompt role-play in one process does not satisfy O evidence.,"{""roles"":[{""role"":""planner"",""competence"":{""planning"":0.9,""verification"":0.4}},{""role"":""executor"",""competence"":{""execution"":0.9,""verification"":0.5}},{""role"":""verifier"",""competence"":{""execution"":0.3,""verification"":0.95}}],""task"":""org-case-1"",""event"":""none""}","{""real_multi_agent_required"":true,""evidence_bearing_handoff"":true}",protocol_components,1.0,0.85,external_org_trace_and_task_verifier,single_agent_substitution;lost_evidence;bad_routing;role_violation;self_promotion;org_regression,all lower O levels,protocol-bound,False,required,required,must report,O3+ requires evaluator/promoter separation outside the mutable organization.
O-O0-ROLE_SEPAR-02,O,O0,role_separation,2,multi_agent_protocol,O0 Role Separation #2,Run with separate real agent/process roles. Prompt role-play in one process does not satisfy O evidence.,"{""roles"":[{""role"":""planner"",""competence"":{""planning"":0.9,""verification"":0.4}},{""role"":""executor"",""competence"":{""execution"":0.9,""verification"":0.5}},{""role"":""verifier"",""competence"":{""execution"":0.3,""verification"":0.95}}],""task"":""org-case-2"",""event"":""none""}","{""real_multi_agent_required"":true,""evidence_bearing_handoff"":true}",protocol_components,1.0,0.85,external_org_trace_and_task_verifier,single_agent_substitution;lost_evidence;bad_routing;role_violation;self_promotion;org_regression,all lower O levels,protocol-bound,False,required,required,must report,O3+ requires evaluator/promoter separation outside the mutable organization.
O-O0-ROLE_SEPAR-03,O,O0,role_separation,3,multi_agent_protocol,O0 Role Separation #3,Run with separate real agent/process roles. Prompt role-play in one process does not satisfy O evidence.,"{""roles"":[{""role"":""planner"",""competence"":{""planning"":0.9,""verification"":0.4}},{""role"":""executor"",""competence"":{""execution"":0.9,""verification"":0.5}},{""role"":""verifier"",""competence"":{""execution"":0.3,""verification"":0.95}}],""task"":""org-case-3"",""event"":""none""}","{""real_multi_agent_required"":true,""evidence_bearing_handoff"":true}",protocol_components,1.0,0.85,external_org_trace_and_task_verifier,single_agent_substitution;lost_evidence;bad_routing;role_violation;self_promotion;org_regression,all lower O levels,protocol-bound,False,required,required,must report,O3+ requires evaluator/promoter separation outside the mutable organization.
O-O0-PARALLEL_M-01,O,O0,parallel_merge,1,multi_agent_protocol,O0 Parallel Merge #1,Run with separate real agent/process roles. Prompt role-play in one process does not satisfy O evidence.,"{""roles"":[{""role"":""planner"",""competence"":{""planning"":0.9,""verification"":0.4}},{""role"":""executor"",""competence"":{""execution"":0.9,""verification"":0.5}},{""role"":""verifier"",""competence"":{""execution"":0.3,""verification"":0.95}}],""task"":""org-case-1"",""event"":""none""}","{""real_multi_agent_required"":true,""evidence_bearing_handoff"":true}",protocol_components,1.0,0.85,external_org_trace_and_task_verifier,single_agent_substitution;lost_evidence;bad_routing;role_violation;self_promotion;org_regression,all lower O levels,protocol-bound,False,required,required,must report,O3+ requires evaluator/promoter separation outside the mutable organization.
O-O0-PARALLEL_M-02,O,O0,parallel_merge,2,multi_agent_protocol,O0 Parallel Merge #2,Run with separate real agent/process roles. Prompt role-play in one process does not satisfy O evidence.,"{""roles"":[{""role"":""planner"",""competence"":{""planning"":0.9,""verification"":0.4}},{""role"":""executor"",""competence"":{""execution"":0.9,""verification"":0.5}},{""role"":""verifier"",""competence"":{""execution"":0.3,""verification"":0.95}}],""task"":""org-case-2"",""event"":""none""}","{""real_multi_agent_required"":true,""evidence_bearing_handoff"":true}",protocol_components,1.0,0.85,external_org_trace_and_task_verifier,single_agent_substitution;lost_evidence;bad_routing;role_violation;self_promotion;org_regression,all lower O levels,protocol-bound,False,required,required,must report,O3+ requires evaluator/promoter separation outside the mutable organization.
O-O0-PARALLEL_M-03,O,O0,parallel_merge,3,multi_agent_protocol,O0 Parallel Merge #3,Run with separate real agent/process roles. Prompt role-play in one process does not satisfy O evidence.,"{""roles"":[{""role"":""planner"",""competence"":{""planning"":0.9,""verification"":0.4}},{""role"":""executor"",""competence"":{""execution"":0.9,""verification"":0.5}},{""role"":""verifier"",""competence"":{""execution"":0.3,""verification"":0.95}}],""task"":""org-case-3"",""event"":""none""}","{""real_multi_agent_required"":true,""evidence_bearing_handoff"":true}",protocol_components,1.0,0.85,external_org_trace_and_task_verifier,single_agent_substitution;lost_evidence;bad_routing;role_violation;self_promotion;org_regression,all lower O levels,protocol-bound,False,required,required,must report,O3+ requires evaluator/promoter separation outside the mutable organization.
O-O0-CONFLICT_R-01,O,O0,conflict_resolution,1,multi_agent_protocol,O0 Conflict Resolution #1,Run with separate real agent/process roles. Prompt role-play in one process does not satisfy O evidence.,"{""roles"":[{""role"":""planner"",""competence"":{""planning"":0.9,""verification"":0.4}},{""role"":""executor"",""competence"":{""execution"":0.9,""verification"":0.5}},{""role"":""verifier"",""competence"":{""execution"":0.3,""verification"":0.95}}],""task"":""org-case-1"",""event"":""none""}","{""real_multi_agent_required"":true,""evidence_bearing_handoff"":true}",protocol_components,1.0,0.85,external_org_trace_and_task_verifier,single_agent_substitution;lost_evidence;bad_routing;role_violation;self_promotion;org_regression,all lower O levels,protocol-bound,False,required,required,must report,O3+ requires evaluator/promoter separation outside the mutable organization.
O-O0-CONFLICT_R-02,O,O0,conflict_resolution,2,multi_agent_protocol,O0 Conflict Resolution #2,Run with separate real agent/process roles. Prompt role-play in one process does not satisfy O evidence.,"{""roles"":[{""role"":""planner"",""competence"":{""planning"":0.9,""verification"":0.4}},{""role"":""executor"",""competence"":{""execution"":0.9,""verification"":0.5}},{""role"":""verifier"",""competence"":{""execution"":0.3,""verification"":0.95}}],""task"":""org-case-2"",""event"":""none""}","{""real_multi_agent_required"":true,""evidence_bearing_handoff"":true}",protocol_components,1.0,0.85,external_org_trace_and_task_verifier,single_agent_substitution;lost_evidence;bad_routing;role_violation;self_promotion;org_regression,all lower O levels,protocol-bound,False,required,required,must report,O3+ requires evaluator/promoter separation outside the mutable organization.
O-O0-CONFLICT_R-03,O,O0,conflict_resolution,3,multi_agent_protocol,O0 Conflict Resolution #3,Run with separate real agent/process roles. Prompt role-play in one process does not satisfy O evidence.,"{""roles"":[{""role"":""planner"",""competence"":{""planning"":0.9,""verification"":0.4}},{""role"":""executor"",""competence"":{""execution"":0.9,""verification"":0.5}},{""role"":""verifier"",""competence"":{""execution"":0.3,""verification"":0.95}}],""task"":""org-case-3"",""event"":""none""}","{""real_multi_agent_required"":true,""evidence_bearing_handoff"":true}",protocol_components,1.0,0.85,external_org_trace_and_task_verifier,single_agent_substitution;lost_evidence;bad_routing;role_violation;self_promotion;org_regression,all lower O levels,protocol-bound,False,required,required,must report,O3+ requires evaluator/promoter separation outside the mutable organization.
O-O0-SHARED_ART-01,O,O0,shared_artifact,1,multi_agent_protocol,O0 Shared Artifact #1,Run with separate real agent/process roles. Prompt role-play in one process does not satisfy O evidence.,"{""roles"":[{""role"":""planner"",""competence"":{""planning"":0.9,""verification"":0.4}},{""role"":""executor"",""competence"":{""execution"":0.9,""verification"":0.5}},{""role"":""verifier"",""competence"":{""execution"":0.3,""verification"":0.95}}],""task"":""org-case-1"",""event"":""none""}","{""real_multi_agent_required"":true,""evidence_bearing_handoff"":true}",protocol_components,1.0,0.85,external_org_trace_and_task_verifier,single_agent_substitution;lost_evidence;bad_routing;role_violation;self_promotion;org_regression,all lower O levels,protocol-bound,False,required,required,must report,O3+ requires evaluator/promoter separation outside the mutable organization.
O-O0-SHARED_ART-02,O,O0,shared_artifact,2,multi_agent_protocol,O0 Shared Artifact #2,Run with separate real agent/process roles. Prompt role-play in one process does not satisfy O evidence.,"{""roles"":[{""role"":""planner"",""competence"":{""planning"":0.9,""verification"":0.4}},{""role"":""executor"",""competence"":{""execution"":0.9,""verification"":0.5}},{""role"":""verifier"",""competence"":{""execution"":0.3,""verification"":0.95}}],""task"":""org-case-2"",""event"":""none""}","{""real_multi_agent_required"":true,""evidence_bearing_handoff"":true}",protocol_components,1.0,0.85,external_org_trace_and_task_verifier,single_agent_substitution;lost_evidence;bad_routing;role_violation;self_promotion;org_regression,all lower O levels,protocol-bound,False,required,required,must report,O3+ requires evaluator/promoter separation outside the mutable organization.
O-O0-SHARED_ART-03,O,O0,shared_artifact,3,multi_agent_protocol,O0 Shared Artifact #3,Run with separate real agent/process roles. Prompt role-play in one process does not satisfy O evidence.,"{""roles"":[{""role"":""planner"",""competence"":{""planning"":0.9,""verification"":0.4}},{""role"":""executor"",""competence"":{""execution"":0.9,""verification"":0.5}},{""role"":""verifier"",""competence"":{""execution"":0.3,""verification"":0.95}}],""task"":""org-case-3"",""event"":""none""}","{""real_multi_agent_required"":true,""evidence_bearing_handoff"":true}",protocol_components,1.0,0.85,external_org_trace_and_task_verifier,single_agent_substitution;lost_evidence;bad_routing;role_violation;self_promotion;org_regression,all lower O levels,protocol-bound,False,required,required,must report,O3+ requires evaluator/promoter separation outside the mutable organization.
O-O1-ORG_RESTAR-01,O,O1,org_restart,1,multi_agent_protocol,O1 Org Restart #1,Run with separate real agent/process roles. Prompt role-play in one process does not satisfy O evidence.,"{""roles"":[{""role"":""planner"",""competence"":{""planning"":0.9,""verification"":0.4}},{""role"":""executor"",""competence"":{""execution"":0.9,""verification"":0.5}},{""role"":""verifier"",""competence"":{""execution"":0.3,""verification"":0.95}}],""task"":""org-case-1"",""event"":""organization restart; executor replaced by new process""}","{""real_multi_agent_required"":true,""evidence_bearing_handoff"":true,""recover_role_registry_and_history"":true}",protocol_components,1.0,0.85,external_org_trace_and_task_verifier,single_agent_substitution;lost_evidence;bad_routing;role_violation;self_promotion;org_regression,all lower O levels,protocol-bound,False,required,required,must report,O3+ requires evaluator/promoter separation outside the mutable organization.
O-O1-ORG_RESTAR-02,O,O1,org_restart,2,multi_agent_protocol,O1 Org Restart #2,Run with separate real agent/process roles. Prompt role-play in one process does not satisfy O evidence.,"{""roles"":[{""role"":""planner"",""competence"":{""planning"":0.9,""verification"":0.4}},{""role"":""executor"",""competence"":{""execution"":0.9,""verification"":0.5}},{""role"":""verifier"",""competence"":{""execution"":0.3,""verification"":0.95}}],""task"":""org-case-2"",""event"":""organization restart; executor replaced by new process""}","{""real_multi_agent_required"":true,""evidence_bearing_handoff"":true,""recover_role_registry_and_history"":true}",protocol_components,1.0,0.85,external_org_trace_and_task_verifier,single_agent_substitution;lost_evidence;bad_routing;role_violation;self_promotion;org_regression,all lower O levels,protocol-bound,False,required,required,must report,O3+ requires evaluator/promoter separation outside the mutable organization.
O-O1-ORG_RESTAR-03,O,O1,org_restart,3,multi_agent_protocol,O1 Org Restart #3,Run with separate real agent/process roles. Prompt role-play in one process does not satisfy O evidence.,"{""roles"":[{""role"":""planner"",""competence"":{""planning"":0.9,""verification"":0.4}},{""role"":""executor"",""competence"":{""execution"":0.9,""verification"":0.5}},{""role"":""verifier"",""competence"":{""execution"":0.3,""verification"":0.95}}],""task"":""org-case-3"",""event"":""organization restart; executor replaced by new process""}","{""real_multi_agent_required"":true,""evidence_bearing_handoff"":true,""recover_role_registry_and_history"":true}",protocol_components,1.0,0.85,external_org_trace_and_task_verifier,single_agent_substitution;lost_evidence;bad_routing;role_violation;self_promotion;org_regression,all lower O levels,protocol-bound,False,required,required,must report,O3+ requires evaluator/promoter separation outside the mutable organization.
O-O1-ROLE_REGIS-01,O,O1,role_registry,1,multi_agent_protocol,O1 Role Registry #1,Run with separate real agent/process roles. Prompt role-play in one process does not satisfy O evidence.,"{""roles"":[{""role"":""planner"",""competence"":{""planning"":0.9,""verification"":0.4}},{""role"":""executor"",""competence"":{""execution"":0.9,""verification"":0.5}},{""role"":""verifier"",""competence"":{""execution"":0.3,""verification"":0.95}}],""task"":""org-case-1"",""event"":""organization restart; executor replaced by new process""}","{""real_multi_agent_required"":true,""evidence_bearing_handoff"":true,""recover_role_registry_and_history"":true}",protocol_components,1.0,0.85,external_org_trace_and_task_verifier,single_agent_substitution;lost_evidence;bad_routing;role_violation;self_promotion;org_regression,all lower O levels,protocol-bound,False,required,required,must report,O3+ requires evaluator/promoter separation outside the mutable organization.
O-O1-ROLE_REGIS-02,O,O1,role_registry,2,multi_agent_protocol,O1 Role Registry #2,Run with separate real agent/process roles. Prompt role-play in one process does not satisfy O evidence.,"{""roles"":[{""role"":""planner"",""competence"":{""planning"":0.9,""verification"":0.4}},{""role"":""executor"",""competence"":{""execution"":0.9,""verification"":0.5}},{""role"":""verifier"",""competence"":{""execution"":0.3,""verification"":0.95}}],""task"":""org-case-2"",""event"":""organization restart; executor replaced by new process""}","{""real_multi_agent_required"":true,""evidence_bearing_handoff"":true,""recover_role_registry_and_history"":true}",protocol_components,1.0,0.85,external_org_trace_and_task_verifier,single_agent_substitution;lost_evidence;bad_routing;role_violation;self_promotion;org_regression,all lower O levels,protocol-bound,False,required,required,must report,O3+ requires evaluator/promoter separation outside the mutable organization.
O-O1-ROLE_REGIS-03,O,O1,role_registry,3,multi_agent_protocol,O1 Role Registry #3,Run with separate real agent/process roles. Prompt role-play in one process does not satisfy O evidence.,"{""roles"":[{""role"":""planner"",""competence"":{""planning"":0.9,""verification"":0.4}},{""role"":""executor"",""competence"":{""execution"":0.9,""verification"":0.5}},{""role"":""verifier"",""competence"":{""execution"":0.3,""verification"":0.95}}],""task"":""org-case-3"",""event"":""organization restart; executor replaced by new process""}","{""real_multi_agent_required"":true,""evidence_bearing_handoff"":true,""recover_role_registry_and_history"":true}",protocol_components,1.0,0.85,external_org_trace_and_task_verifier,single_agent_substitution;lost_evidence;bad_routing;role_violation;self_promotion;org_regression,all lower O levels,protocol-bound,False,required,required,must report,O3+ requires evaluator/promoter separation outside the mutable organization.
O-O1-SHARED_MEM-01,O,O1,shared_memory,1,multi_agent_protocol,O1 Shared Memory #1,Run with separate real agent/process roles. Prompt role-play in one process does not satisfy O evidence.,"{""roles"":[{""role"":""planner"",""competence"":{""planning"":0.9,""verification"":0.4}},{""role"":""executor"",""competence"":{""execution"":0.9,""verification"":0.5}},{""role"":""verifier"",""competence"":{""execution"":0.3,""verification"":0.95}}],""task"":""org-case-1"",""event"":""organization restart; executor replaced by new process""}","{""real_multi_agent_required"":true,""evidence_bearing_handoff"":true,""recover_role_registry_and_history"":true}",protocol_components,1.0,0.85,external_org_trace_and_task_verifier,single_agent_substitution;lost_evidence;bad_routing;role_violation;self_promotion;org_regression,all lower O levels,protocol-bound,False,required,required,must report,O3+ requires evaluator/promoter separation outside the mutable organization.
O-O1-SHARED_MEM-02,O,O1,shared_memory,2,multi_agent_protocol,O1 Shared Memory #2,Run with separate real agent/process roles. Prompt role-play in one process does not satisfy O evidence.,"{""roles"":[{""role"":""planner"",""competence"":{""planning"":0.9,""verification"":0.4}},{""role"":""executor"",""competence"":{""execution"":0.9,""verification"":0.5}},{""role"":""verifier"",""competence"":{""execution"":0.3,""verification"":0.95}}],""task"":""org-case-2"",""event"":""organization restart; executor replaced by new process""}","{""real_multi_agent_required"":true,""evidence_bearing_handoff"":true,""recover_role_registry_and_history"":true}",protocol_components,1.0,0.85,external_org_trace_and_task_verifier,single_agent_substitution;lost_evidence;bad_routing;role_violation;self_promotion;org_regression,all lower O levels,protocol-bound,False,required,required,must report,O3+ requires evaluator/promoter separation outside the mutable organization.
O-O1-SHARED_MEM-03,O,O1,shared_memory,3,multi_agent_protocol,O1 Shared Memory #3,Run with separate real agent/process roles. Prompt role-play in one process does not satisfy O evidence.,"{""roles"":[{""role"":""planner"",""competence"":{""planning"":0.9,""verification"":0.4}},{""role"":""executor"",""competence"":{""execution"":0.9,""verification"":0.5}},{""role"":""verifier"",""competence"":{""execution"":0.3,""verification"":0.95}}],""task"":""org-case-3"",""event"":""organization restart; executor replaced by new process""}","{""real_multi_agent_required"":true,""evidence_bearing_handoff"":true,""recover_role_registry_and_history"":true}",protocol_components,1.0,0.85,external_org_trace_and_task_verifier,single_agent_substitution;lost_evidence;bad_routing;role_violation;self_promotion;org_regression,all lower O levels,protocol-bound,False,required,required,must report,O3+ requires evaluator/promoter separation outside the mutable organization.
O-O1-TASK_HISTO-01,O,O1,task_history,1,multi_agent_protocol,O1 Task History #1,Run with separate real agent/process roles. Prompt role-play in one process does not satisfy O evidence.,"{""roles"":[{""role"":""planner"",""competence"":{""planning"":0.9,""verification"":0.4}},{""role"":""executor"",""competence"":{""execution"":0.9,""verification"":0.5}},{""role"":""verifier"",""competence"":{""execution"":0.3,""verification"":0.95}}],""task"":""org-case-1"",""event"":""organization restart; executor replaced by new process""}","{""real_multi_agent_required"":true,""evidence_bearing_handoff"":true,""recover_role_registry_and_history"":true}",protocol_components,1.0,0.85,external_org_trace_and_task_verifier,single_agent_substitution;lost_evidence;bad_routing;role_violation;self_promotion;org_regression,all lower O levels,protocol-bound,False,required,required,must report,O3+ requires evaluator/promoter separation outside the mutable organization.
O-O1-TASK_HISTO-02,O,O1,task_history,2,multi_agent_protocol,O1 Task History #2,Run with separate real agent/process roles. Prompt role-play in one process does not satisfy O evidence.,"{""roles"":[{""role"":""planner"",""competence"":{""planning"":0.9,""verification"":0.4}},{""role"":""executor"",""competence"":{""execution"":0.9,""verification"":0.5}},{""role"":""verifier"",""competence"":{""execution"":0.3,""verification"":0.95}}],""task"":""org-case-2"",""event"":""organization restart; executor replaced by new process""}","{""real_multi_agent_required"":true,""evidence_bearing_handoff"":true,""recover_role_registry_and_history"":true}",protocol_components,1.0,0.85,external_org_trace_and_task_verifier,single_agent_substitution;lost_evidence;bad_routing;role_violation;self_promotion;org_regression,all lower O levels,protocol-bound,False,required,required,must report,O3+ requires evaluator/promoter separation outside the mutable organization.
O-O1-TASK_HISTO-03,O,O1,task_history,3,multi_agent_protocol,O1 Task History #3,Run with separate real agent/process roles. Prompt role-play in one process does not satisfy O evidence.,"{""roles"":[{""role"":""planner"",""competence"":{""planning"":0.9,""verification"":0.4}},{""role"":""executor"",""competence"":{""execution"":0.9,""verification"":0.5}},{""role"":""verifier"",""competence"":{""execution"":0.3,""verification"":0.95}}],""task"":""org-case-3"",""event"":""organization restart; executor replaced by new process""}","{""real_multi_agent_required"":true,""evidence_bearing_handoff"":true,""recover_role_registry_and_history"":true}",protocol_components,1.0,0.85,external_org_trace_and_task_verifier,single_agent_substitution;lost_evidence;bad_routing;role_violation;self_promotion;org_regression,all lower O levels,protocol-bound,False,required,required,must report,O3+ requires evaluator/promoter separation outside the mutable organization.
O-O1-EVIDENCE_L-01,O,O1,evidence_lineage,1,multi_agent_protocol,O1 Evidence Lineage #1,Run with separate real agent/process roles. Prompt role-play in one process does not satisfy O evidence.,"{""roles"":[{""role"":""planner"",""competence"":{""planning"":0.9,""verification"":0.4}},{""role"":""executor"",""competence"":{""execution"":0.9,""verification"":0.5}},{""role"":""verifier"",""competence"":{""execution"":0.3,""verification"":0.95}}],""task"":""org-case-1"",""event"":""organization restart; executor replaced by new process""}","{""real_multi_agent_required"":true,""evidence_bearing_handoff"":true,""recover_role_registry_and_history"":true}",protocol_components,1.0,0.85,external_org_trace_and_task_verifier,single_agent_substitution;lost_evidence;bad_routing;role_violation;self_promotion;org_regression,all lower O levels,protocol-bound,False,required,required,must report,O3+ requires evaluator/promoter separation outside the mutable organization.
O-O1-EVIDENCE_L-02,O,O1,evidence_lineage,2,multi_agent_protocol,O1 Evidence Lineage #2,Run with separate real agent/process roles. Prompt role-play in one process does not satisfy O evidence.,"{""roles"":[{""role"":""planner"",""competence"":{""planning"":0.9,""verification"":0.4}},{""role"":""executor"",""competence"":{""execution"":0.9,""verification"":0.5}},{""role"":""verifier"",""competence"":{""execution"":0.3,""verification"":0.95}}],""task"":""org-case-2"",""event"":""organization restart; executor replaced by new process""}","{""real_multi_agent_required"":true,""evidence_bearing_handoff"":true,""recover_role_registry_and_history"":true}",protocol_components,1.0,0.85,external_org_trace_and_task_verifier,single_agent_substitution;lost_evidence;bad_routing;role_violation;self_promotion;org_regression,all lower O levels,protocol-bound,False,required,required,must report,O3+ requires evaluator/promoter separation outside the mutable organization.
O-O1-EVIDENCE_L-03,O,O1,evidence_lineage,3,multi_agent_protocol,O1 Evidence Lineage #3,Run with separate real agent/process roles. Prompt role-play in one process does not satisfy O evidence.,"{""roles"":[{""role"":""planner"",""competence"":{""planning"":0.9,""verification"":0.4}},{""role"":""executor"",""competence"":{""execution"":0.9,""verification"":0.5}},{""role"":""verifier"",""competence"":{""execution"":0.3,""verification"":0.95}}],""task"":""org-case-3"",""event"":""organization restart; executor replaced by new process""}","{""real_multi_agent_required"":true,""evidence_bearing_handoff"":true,""recover_role_registry_and_history"":true}",protocol_components,1.0,0.85,external_org_trace_and_task_verifier,single_agent_substitution;lost_evidence;bad_routing;role_violation;self_promotion;org_regression,all lower O levels,protocol-bound,False,required,required,must report,O3+ requires evaluator/promoter separation outside the mutable organization.
O-O1-MEMBER_TUR-01,O,O1,member_turnover,1,multi_agent_protocol,O1 Member Turnover #1,Run with separate real agent/process roles. Prompt role-play in one process does not satisfy O evidence.,"{""roles"":[{""role"":""planner"",""competence"":{""planning"":0.9,""verification"":0.4}},{""role"":""executor"",""competence"":{""execution"":0.9,""verification"":0.5}},{""role"":""verifier"",""competence"":{""execution"":0.3,""verification"":0.95}}],""task"":""org-case-1"",""event"":""organization restart; executor replaced by new process""}","{""real_multi_agent_required"":true,""evidence_bearing_handoff"":true,""recover_role_registry_and_history"":true}",protocol_components,1.0,0.85,external_org_trace_and_task_verifier,single_agent_substitution;lost_evidence;bad_routing;role_violation;self_promotion;org_regression,all lower O levels,protocol-bound,False,required,required,must report,O3+ requires evaluator/promoter separation outside the mutable organization.
O-O1-MEMBER_TUR-02,O,O1,member_turnover,2,multi_agent_protocol,O1 Member Turnover #2,Run with separate real agent/process roles. Prompt role-play in one process does not satisfy O evidence.,"{""roles"":[{""role"":""planner"",""competence"":{""planning"":0.9,""verification"":0.4}},{""role"":""executor"",""competence"":{""execution"":0.9,""verification"":0.5}},{""role"":""verifier"",""competence"":{""execution"":0.3,""verification"":0.95}}],""task"":""org-case-2"",""event"":""organization restart; executor replaced by new process""}","{""real_multi_agent_required"":true,""evidence_bearing_handoff"":true,""recover_role_registry_and_history"":true}",protocol_components,1.0,0.85,external_org_trace_and_task_verifier,single_agent_substitution;lost_evidence;bad_routing;role_violation;self_promotion;org_regression,all lower O levels,protocol-bound,False,required,required,must report,O3+ requires evaluator/promoter separation outside the mutable organization.
O-O1-MEMBER_TUR-03,O,O1,member_turnover,3,multi_agent_protocol,O1 Member Turnover #3,Run with separate real agent/process roles. Prompt role-play in one process does not satisfy O evidence.,"{""roles"":[{""role"":""planner"",""competence"":{""planning"":0.9,""verification"":0.4}},{""role"":""executor"",""competence"":{""execution"":0.9,""verification"":0.5}},{""role"":""verifier"",""competence"":{""execution"":0.3,""verification"":0.95}}],""task"":""org-case-3"",""event"":""organization restart; executor replaced by new process""}","{""real_multi_agent_required"":true,""evidence_bearing_handoff"":true,""recover_role_registry_and_history"":true}",protocol_components,1.0,0.85,external_org_trace_and_task_verifier,single_agent_substitution;lost_evidence;bad_routing;role_violation;self_promotion;org_regression,all lower O levels,protocol-bound,False,required,required,must report,O3+ requires evaluator/promoter separation outside the mutable organization.
O-O2-ADAPTIVE_R-01,O,O2,adaptive_routing,1,multi_agent_protocol,O2 Adaptive Routing #1,Run with separate real agent/process roles. Prompt role-play in one process does not satisfy O evidence.,"{""roles"":[{""role"":""planner"",""competence"":{""planning"":0.9,""verification"":0.4}},{""role"":""executor"",""competence"":{""execution"":0.9,""verification"":0.5}},{""role"":""verifier"",""competence"":{""execution"":0.3,""verification"":0.95}}],""task"":""org-case-1"",""event"":""executor failure rate rises; alternate executor becomes available""}","{""real_multi_agent_required"":true,""evidence_bearing_handoff"":true,""adapt_routing_from_evidence"":true}",protocol_components,1.0,0.85,external_org_trace_and_task_verifier,single_agent_substitution;lost_evidence;bad_routing;role_violation;self_promotion;org_regression,all lower O levels,protocol-bound,False,required,required,must report,O3+ requires evaluator/promoter separation outside the mutable organization.
O-O2-ADAPTIVE_R-02,O,O2,adaptive_routing,2,multi_agent_protocol,O2 Adaptive Routing #2,Run with separate real agent/process roles. Prompt role-play in one process does not satisfy O evidence.,"{""roles"":[{""role"":""planner"",""competence"":{""planning"":0.9,""verification"":0.4}},{""role"":""executor"",""competence"":{""execution"":0.9,""verification"":0.5}},{""role"":""verifier"",""competence"":{""execution"":0.3,""verification"":0.95}}],""task"":""org-case-2"",""event"":""executor failure rate rises; alternate executor becomes available""}","{""real_multi_agent_required"":true,""evidence_bearing_handoff"":true,""adapt_routing_from_evidence"":true}",protocol_components,1.0,0.85,external_org_trace_and_task_verifier,single_agent_substitution;lost_evidence;bad_routing;role_violation;self_promotion;org_regression,all lower O levels,protocol-bound,False,required,required,must report,O3+ requires evaluator/promoter separation outside the mutable organization.
O-O2-ADAPTIVE_R-03,O,O2,adaptive_routing,3,multi_agent_protocol,O2 Adaptive Routing #3,Run with separate real agent/process roles. Prompt role-play in one process does not satisfy O evidence.,"{""roles"":[{""role"":""planner"",""competence"":{""planning"":0.9,""verification"":0.4}},{""role"":""executor"",""competence"":{""execution"":0.9,""verification"":0.5}},{""role"":""verifier"",""competence"":{""execution"":0.3,""verification"":0.95}}],""task"":""org-case-3"",""event"":""executor failure rate rises; alternate executor becomes available""}","{""real_multi_agent_required"":true,""evidence_bearing_handoff"":true,""adapt_routing_from_evidence"":true}",protocol_components,1.0,0.85,external_org_trace_and_task_verifier,single_agent_substitution;lost_evidence;bad_routing;role_violation;self_promotion;org_regression,all lower O levels,protocol-bound,False,required,required,must report,O3+ requires evaluator/promoter separation outside the mutable organization.
O-O2-COMPETENCE-01,O,O2,competence_learning,1,multi_agent_protocol,O2 Competence Learning #1,Run with separate real agent/process roles. Prompt role-play in one process does not satisfy O evidence.,"{""roles"":[{""role"":""planner"",""competence"":{""planning"":0.9,""verification"":0.4}},{""role"":""executor"",""competence"":{""execution"":0.9,""verification"":0.5}},{""role"":""verifier"",""competence"":{""execution"":0.3,""verification"":0.95}}],""task"":""org-case-1"",""event"":""executor failure rate rises; alternate executor becomes available""}","{""real_multi_agent_required"":true,""evidence_bearing_handoff"":true,""adapt_routing_from_evidence"":true}",protocol_components,1.0,0.85,external_org_trace_and_task_verifier,single_agent_substitution;lost_evidence;bad_routing;role_violation;self_promotion;org_regression,all lower O levels,protocol-bound,False,required,required,must report,O3+ requires evaluator/promoter separation outside the mutable organization.
O-O2-COMPETENCE-02,O,O2,competence_learning,2,multi_agent_protocol,O2 Competence Learning #2,Run with separate real agent/process roles. Prompt role-play in one process does not satisfy O evidence.,"{""roles"":[{""role"":""planner"",""competence"":{""planning"":0.9,""verification"":0.4}},{""role"":""executor"",""competence"":{""execution"":0.9,""verification"":0.5}},{""role"":""verifier"",""competence"":{""execution"":0.3,""verification"":0.95}}],""task"":""org-case-2"",""event"":""executor failure rate rises; alternate executor becomes available""}","{""real_multi_agent_required"":true,""evidence_bearing_handoff"":true,""adapt_routing_from_evidence"":true}",protocol_components,1.0,0.85,external_org_trace_and_task_verifier,single_agent_substitution;lost_evidence;bad_routing;role_violation;self_promotion;org_regression,all lower O levels,protocol-bound,False,required,required,must report,O3+ requires evaluator/promoter separation outside the mutable organization.
O-O2-COMPETENCE-03,O,O2,competence_learning,3,multi_agent_protocol,O2 Competence Learning #3,Run with separate real agent/process roles. Prompt role-play in one process does not satisfy O evidence.,"{""roles"":[{""role"":""planner"",""competence"":{""planning"":0.9,""verification"":0.4}},{""role"":""executor"",""competence"":{""execution"":0.9,""verification"":0.5}},{""role"":""verifier"",""competence"":{""execution"":0.3,""verification"":0.95}}],""task"":""org-case-3"",""event"":""executor failure rate rises; alternate executor becomes available""}","{""real_multi_agent_required"":true,""evidence_bearing_handoff"":true,""adapt_routing_from_evidence"":true}",protocol_components,1.0,0.85,external_org_trace_and_task_verifier,single_agent_substitution;lost_evidence;bad_routing;role_violation;self_promotion;org_regression,all lower O levels,protocol-bound,False,required,required,must report,O3+ requires evaluator/promoter separation outside the mutable organization.
O-O2-RESOURCE_A-01,O,O2,resource_allocation,1,multi_agent_protocol,O2 Resource Allocation #1,Run with separate real agent/process roles. Prompt role-play in one process does not satisfy O evidence.,"{""roles"":[{""role"":""planner"",""competence"":{""planning"":0.9,""verification"":0.4}},{""role"":""executor"",""competence"":{""execution"":0.9,""verification"":0.5}},{""role"":""verifier"",""competence"":{""execution"":0.3,""verification"":0.95}}],""task"":""org-case-1"",""event"":""executor failure rate rises; alternate executor becomes available""}","{""real_multi_agent_required"":true,""evidence_bearing_handoff"":true,""adapt_routing_from_evidence"":true}",protocol_components,1.0,0.85,external_org_trace_and_task_verifier,single_agent_substitution;lost_evidence;bad_routing;role_violation;self_promotion;org_regression,all lower O levels,protocol-bound,False,required,required,must report,O3+ requires evaluator/promoter separation outside the mutable organization.
O-O2-RESOURCE_A-02,O,O2,resource_allocation,2,multi_agent_protocol,O2 Resource Allocation #2,Run with separate real agent/process roles. Prompt role-play in one process does not satisfy O evidence.,"{""roles"":[{""role"":""planner"",""competence"":{""planning"":0.9,""verification"":0.4}},{""role"":""executor"",""competence"":{""execution"":0.9,""verification"":0.5}},{""role"":""verifier"",""competence"":{""execution"":0.3,""verification"":0.95}}],""task"":""org-case-2"",""event"":""executor failure rate rises; alternate executor becomes available""}","{""real_multi_agent_required"":true,""evidence_bearing_handoff"":true,""adapt_routing_from_evidence"":true}",protocol_components,1.0,0.85,external_org_trace_and_task_verifier,single_agent_substitution;lost_evidence;bad_routing;role_violation;self_promotion;org_regression,all lower O levels,protocol-bound,False,required,required,must report,O3+ requires evaluator/promoter separation outside the mutable organization.
O-O2-RESOURCE_A-03,O,O2,resource_allocation,3,multi_agent_protocol,O2 Resource Allocation #3,Run with separate real agent/process roles. Prompt role-play in one process does not satisfy O evidence.,"{""roles"":[{""role"":""planner"",""competence"":{""planning"":0.9,""verification"":0.4}},{""role"":""executor"",""competence"":{""execution"":0.9,""verification"":0.5}},{""role"":""verifier"",""competence"":{""execution"":0.3,""verification"":0.95}}],""task"":""org-case-3"",""event"":""executor failure rate rises; alternate executor becomes available""}","{""real_multi_agent_required"":true,""evidence_bearing_handoff"":true,""adapt_routing_from_evidence"":true}",protocol_components,1.0,0.85,external_org_trace_and_task_verifier,single_agent_substitution;lost_evidence;bad_routing;role_violation;self_promotion;org_regression,all lower O levels,protocol-bound,False,required,required,must report,O3+ requires evaluator/promoter separation outside the mutable organization.
O-O2-LOAD_BALAN-01,O,O2,load_balance,1,multi_agent_protocol,O2 Load Balance #1,Run with separate real agent/process roles. Prompt role-play in one process does not satisfy O evidence.,"{""roles"":[{""role"":""planner"",""competence"":{""planning"":0.9,""verification"":0.4}},{""role"":""executor"",""competence"":{""execution"":0.9,""verification"":0.5}},{""role"":""verifier"",""competence"":{""execution"":0.3,""verification"":0.95}}],""task"":""org-case-1"",""event"":""executor failure rate rises; alternate executor becomes available""}","{""real_multi_agent_required"":true,""evidence_bearing_handoff"":true,""adapt_routing_from_evidence"":true}",protocol_components,1.0,0.85,external_org_trace_and_task_verifier,single_agent_substitution;lost_evidence;bad_routing;role_violation;self_promotion;org_regression,all lower O levels,protocol-bound,False,required,required,must report,O3+ requires evaluator/promoter separation outside the mutable organization.
O-O2-LOAD_BALAN-02,O,O2,load_balance,2,multi_agent_protocol,O2 Load Balance #2,Run with separate real agent/process roles. Prompt role-play in one process does not satisfy O evidence.,"{""roles"":[{""role"":""planner"",""competence"":{""planning"":0.9,""verification"":0.4}},{""role"":""executor"",""competence"":{""execution"":0.9,""verification"":0.5}},{""role"":""verifier"",""competence"":{""execution"":0.3,""verification"":0.95}}],""task"":""org-case-2"",""event"":""executor failure rate rises; alternate executor becomes available""}","{""real_multi_agent_required"":true,""evidence_bearing_handoff"":true,""adapt_routing_from_evidence"":true}",protocol_components,1.0,0.85,external_org_trace_and_task_verifier,single_agent_substitution;lost_evidence;bad_routing;role_violation;self_promotion;org_regression,all lower O levels,protocol-bound,False,required,required,must report,O3+ requires evaluator/promoter separation outside the mutable organization.
O-O2-LOAD_BALAN-03,O,O2,load_balance,3,multi_agent_protocol,O2 Load Balance #3,Run with separate real agent/process roles. Prompt role-play in one process does not satisfy O evidence.,"{""roles"":[{""role"":""planner"",""competence"":{""planning"":0.9,""verification"":0.4}},{""role"":""executor"",""competence"":{""execution"":0.9,""verification"":0.5}},{""role"":""verifier"",""competence"":{""execution"":0.3,""verification"":0.95}}],""task"":""org-case-3"",""event"":""executor failure rate rises; alternate executor becomes available""}","{""real_multi_agent_required"":true,""evidence_bearing_handoff"":true,""adapt_routing_from_evidence"":true}",protocol_components,1.0,0.85,external_org_trace_and_task_verifier,single_agent_substitution;lost_evidence;bad_routing;role_violation;self_promotion;org_regression,all lower O levels,protocol-bound,False,required,required,must report,O3+ requires evaluator/promoter separation outside the mutable organization.
O-O2-ROLE_ASSIG-01,O,O2,role_assignment,1,multi_agent_protocol,O2 Role Assignment #1,Run with separate real agent/process roles. Prompt role-play in one process does not satisfy O evidence.,"{""roles"":[{""role"":""planner"",""competence"":{""planning"":0.9,""verification"":0.4}},{""role"":""executor"",""competence"":{""execution"":0.9,""verification"":0.5}},{""role"":""verifier"",""competence"":{""execution"":0.3,""verification"":0.95}}],""task"":""org-case-1"",""event"":""executor failure rate rises; alternate executor becomes available""}","{""real_multi_agent_required"":true,""evidence_bearing_handoff"":true,""adapt_routing_from_evidence"":true}",protocol_components,1.0,0.85,external_org_trace_and_task_verifier,single_agent_substitution;lost_evidence;bad_routing;role_violation;self_promotion;org_regression,all lower O levels,protocol-bound,False,required,required,must report,O3+ requires evaluator/promoter separation outside the mutable organization.
O-O2-ROLE_ASSIG-02,O,O2,role_assignment,2,multi_agent_protocol,O2 Role Assignment #2,Run with separate real agent/process roles. Prompt role-play in one process does not satisfy O evidence.,"{""roles"":[{""role"":""planner"",""competence"":{""planning"":0.9,""verification"":0.4}},{""role"":""executor"",""competence"":{""execution"":0.9,""verification"":0.5}},{""role"":""verifier"",""competence"":{""execution"":0.3,""verification"":0.95}}],""task"":""org-case-2"",""event"":""executor failure rate rises; alternate executor becomes available""}","{""real_multi_agent_required"":true,""evidence_bearing_handoff"":true,""adapt_routing_from_evidence"":true}",protocol_components,1.0,0.85,external_org_trace_and_task_verifier,single_agent_substitution;lost_evidence;bad_routing;role_violation;self_promotion;org_regression,all lower O levels,protocol-bound,False,required,required,must report,O3+ requires evaluator/promoter separation outside the mutable organization.
O-O2-ROLE_ASSIG-03,O,O2,role_assignment,3,multi_agent_protocol,O2 Role Assignment #3,Run with separate real agent/process roles. Prompt role-play in one process does not satisfy O evidence.,"{""roles"":[{""role"":""planner"",""competence"":{""planning"":0.9,""verification"":0.4}},{""role"":""executor"",""competence"":{""execution"":0.9,""verification"":0.5}},{""role"":""verifier"",""competence"":{""execution"":0.3,""verification"":0.95}}],""task"":""org-case-3"",""event"":""executor failure rate rises; alternate executor becomes available""}","{""real_multi_agent_required"":true,""evidence_bearing_handoff"":true,""adapt_routing_from_evidence"":true}",protocol_components,1.0,0.85,external_org_trace_and_task_verifier,single_agent_substitution;lost_evidence;bad_routing;role_violation;self_promotion;org_regression,all lower O levels,protocol-bound,False,required,required,must report,O3+ requires evaluator/promoter separation outside the mutable organization.
O-O2-COMMUNICAT-01,O,O2,communication_policy,1,multi_agent_protocol,O2 Communication Policy #1,Run with separate real agent/process roles. Prompt role-play in one process does not satisfy O evidence.,"{""roles"":[{""role"":""planner"",""competence"":{""planning"":0.9,""verification"":0.4}},{""role"":""executor"",""competence"":{""execution"":0.9,""verification"":0.5}},{""role"":""verifier"",""competence"":{""execution"":0.3,""verification"":0.95}}],""task"":""org-case-1"",""event"":""executor failure rate rises; alternate executor becomes available""}","{""real_multi_agent_required"":true,""evidence_bearing_handoff"":true,""adapt_routing_from_evidence"":true}",protocol_components,1.0,0.85,external_org_trace_and_task_verifier,single_agent_substitution;lost_evidence;bad_routing;role_violation;self_promotion;org_regression,all lower O levels,protocol-bound,False,required,required,must report,O3+ requires evaluator/promoter separation outside the mutable organization.
O-O2-COMMUNICAT-02,O,O2,communication_policy,2,multi_agent_protocol,O2 Communication Policy #2,Run with separate real agent/process roles. Prompt role-play in one process does not satisfy O evidence.,"{""roles"":[{""role"":""planner"",""competence"":{""planning"":0.9,""verification"":0.4}},{""role"":""executor"",""competence"":{""execution"":0.9,""verification"":0.5}},{""role"":""verifier"",""competence"":{""execution"":0.3,""verification"":0.95}}],""task"":""org-case-2"",""event"":""executor failure rate rises; alternate executor becomes available""}","{""real_multi_agent_required"":true,""evidence_bearing_handoff"":true,""adapt_routing_from_evidence"":true}",protocol_components,1.0,0.85,external_org_trace_and_task_verifier,single_agent_substitution;lost_evidence;bad_routing;role_violation;self_promotion;org_regression,all lower O levels,protocol-bound,False,required,required,must report,O3+ requires evaluator/promoter separation outside the mutable organization.
O-O2-COMMUNICAT-03,O,O2,communication_policy,3,multi_agent_protocol,O2 Communication Policy #3,Run with separate real agent/process roles. Prompt role-play in one process does not satisfy O evidence.,"{""roles"":[{""role"":""planner"",""competence"":{""planning"":0.9,""verification"":0.4}},{""role"":""executor"",""competence"":{""execution"":0.9,""verification"":0.5}},{""role"":""verifier"",""competence"":{""execution"":0.3,""verification"":0.95}}],""task"":""org-case-3"",""event"":""executor failure rate rises; alternate executor becomes available""}","{""real_multi_agent_required"":true,""evidence_bearing_handoff"":true,""adapt_routing_from_evidence"":true}",protocol_components,1.0,0.85,external_org_trace_and_task_verifier,single_agent_substitution;lost_evidence;bad_routing;role_violation;self_promotion;org_regression,all lower O levels,protocol-bound,False,required,required,must report,O3+ requires evaluator/promoter separation outside the mutable organization.
O-O3-WORKFLOW_R-01,O,O3,workflow_redesign,1,multi_agent_protocol,O3 Workflow Redesign #1,Run with separate real agent/process roles. Prompt role-play in one process does not satisfy O evidence.,"{""roles"":[{""role"":""planner"",""competence"":{""planning"":0.9,""verification"":0.4}},{""role"":""executor"",""competence"":{""execution"":0.9,""verification"":0.5}},{""role"":""verifier"",""competence"":{""execution"":0.3,""verification"":0.95}}],""task"":""org-case-1"",""event"":""recurrent handoff failures implicate workflow topology""}","{""real_multi_agent_required"":true,""evidence_bearing_handoff"":true,""propose_and_externally_validate_reorganization"":true}",protocol_components,1.0,0.75,external_org_trace_and_task_verifier,single_agent_substitution;lost_evidence;bad_routing;role_violation;self_promotion;org_regression,all lower O levels,protocol-bound,False,required,required,must report,O3+ requires evaluator/promoter separation outside the mutable organization.
O-O3-WORKFLOW_R-02,O,O3,workflow_redesign,2,multi_agent_protocol,O3 Workflow Redesign #2,Run with separate real agent/process roles. Prompt role-play in one process does not satisfy O evidence.,"{""roles"":[{""role"":""planner"",""competence"":{""planning"":0.9,""verification"":0.4}},{""role"":""executor"",""competence"":{""execution"":0.9,""verification"":0.5}},{""role"":""verifier"",""competence"":{""execution"":0.3,""verification"":0.95}}],""task"":""org-case-2"",""event"":""recurrent handoff failures implicate workflow topology""}","{""real_multi_agent_required"":true,""evidence_bearing_handoff"":true,""propose_and_externally_validate_reorganization"":true}",protocol_components,1.0,0.75,external_org_trace_and_task_verifier,single_agent_substitution;lost_evidence;bad_routing;role_violation;self_promotion;org_regression,all lower O levels,protocol-bound,False,required,required,must report,O3+ requires evaluator/promoter separation outside the mutable organization.
O-O3-WORKFLOW_R-03,O,O3,workflow_redesign,3,multi_agent_protocol,O3 Workflow Redesign #3,Run with separate real agent/process roles. Prompt role-play in one process does not satisfy O evidence.,"{""roles"":[{""role"":""planner"",""competence"":{""planning"":0.9,""verification"":0.4}},{""role"":""executor"",""competence"":{""execution"":0.9,""verification"":0.5}},{""role"":""verifier"",""competence"":{""execution"":0.3,""verification"":0.95}}],""task"":""org-case-3"",""event"":""recurrent handoff failures implicate workflow topology""}","{""real_multi_agent_required"":true,""evidence_bearing_handoff"":true,""propose_and_externally_validate_reorganization"":true}",protocol_components,1.0,0.75,external_org_trace_and_task_verifier,single_agent_substitution;lost_evidence;bad_routing;role_violation;self_promotion;org_regression,all lower O levels,protocol-bound,False,required,required,must report,O3+ requires evaluator/promoter separation outside the mutable organization.
O-O3-TOPOLOGY_C-01,O,O3,topology_change,1,multi_agent_protocol,O3 Topology Change #1,Run with separate real agent/process roles. Prompt role-play in one process does not satisfy O evidence.,"{""roles"":[{""role"":""planner"",""competence"":{""planning"":0.9,""verification"":0.4}},{""role"":""executor"",""competence"":{""execution"":0.9,""verification"":0.5}},{""role"":""verifier"",""competence"":{""execution"":0.3,""verification"":0.95}}],""task"":""org-case-1"",""event"":""recurrent handoff failures implicate workflow topology""}","{""real_multi_agent_required"":true,""evidence_bearing_handoff"":true,""propose_and_externally_validate_reorganization"":true}",protocol_components,1.0,0.75,external_org_trace_and_task_verifier,single_agent_substitution;lost_evidence;bad_routing;role_violation;self_promotion;org_regression,all lower O levels,protocol-bound,False,required,required,must report,O3+ requires evaluator/promoter separation outside the mutable organization.
O-O3-TOPOLOGY_C-02,O,O3,topology_change,2,multi_agent_protocol,O3 Topology Change #2,Run with separate real agent/process roles. Prompt role-play in one process does not satisfy O evidence.,"{""roles"":[{""role"":""planner"",""competence"":{""planning"":0.9,""verification"":0.4}},{""role"":""executor"",""competence"":{""execution"":0.9,""verification"":0.5}},{""role"":""verifier"",""competence"":{""execution"":0.3,""verification"":0.95}}],""task"":""org-case-2"",""event"":""recurrent handoff failures implicate workflow topology""}","{""real_multi_agent_required"":true,""evidence_bearing_handoff"":true,""propose_and_externally_validate_reorganization"":true}",protocol_components,1.0,0.75,external_org_trace_and_task_verifier,single_agent_substitution;lost_evidence;bad_routing;role_violation;self_promotion;org_regression,all lower O levels,protocol-bound,False,required,required,must report,O3+ requires evaluator/promoter separation outside the mutable organization.
O-O3-TOPOLOGY_C-03,O,O3,topology_change,3,multi_agent_protocol,O3 Topology Change #3,Run with separate real agent/process roles. Prompt role-play in one process does not satisfy O evidence.,"{""roles"":[{""role"":""planner"",""competence"":{""planning"":0.9,""verification"":0.4}},{""role"":""executor"",""competence"":{""execution"":0.9,""verification"":0.5}},{""role"":""verifier"",""competence"":{""execution"":0.3,""verification"":0.95}}],""task"":""org-case-3"",""event"":""recurrent handoff failures implicate workflow topology""}","{""real_multi_agent_required"":true,""evidence_bearing_handoff"":true,""propose_and_externally_validate_reorganization"":true}",protocol_components,1.0,0.75,external_org_trace_and_task_verifier,single_agent_substitution;lost_evidence;bad_routing;role_violation;self_promotion;org_regression,all lower O levels,protocol-bound,False,required,required,must report,O3+ requires evaluator/promoter separation outside the mutable organization.
O-O3-NEW_ROLE-01,O,O3,new_role,1,multi_agent_protocol,O3 New Role #1,Run with separate real agent/process roles. Prompt role-play in one process does not satisfy O evidence.,"{""roles"":[{""role"":""planner"",""competence"":{""planning"":0.9,""verification"":0.4}},{""role"":""executor"",""competence"":{""execution"":0.9,""verification"":0.5}},{""role"":""verifier"",""competence"":{""execution"":0.3,""verification"":0.95}}],""task"":""org-case-1"",""event"":""recurrent handoff failures implicate workflow topology""}","{""real_multi_agent_required"":true,""evidence_bearing_handoff"":true,""propose_and_externally_validate_reorganization"":true}",protocol_components,1.0,0.75,external_org_trace_and_task_verifier,single_agent_substitution;lost_evidence;bad_routing;role_violation;self_promotion;org_regression,all lower O levels,protocol-bound,False,required,required,must report,O3+ requires evaluator/promoter separation outside the mutable organization.
O-O3-NEW_ROLE-02,O,O3,new_role,2,multi_agent_protocol,O3 New Role #2,Run with separate real agent/process roles. Prompt role-play in one process does not satisfy O evidence.,"{""roles"":[{""role"":""planner"",""competence"":{""planning"":0.9,""verification"":0.4}},{""role"":""executor"",""competence"":{""execution"":0.9,""verification"":0.5}},{""role"":""verifier"",""competence"":{""execution"":0.3,""verification"":0.95}}],""task"":""org-case-2"",""event"":""recurrent handoff failures implicate workflow topology""}","{""real_multi_agent_required"":true,""evidence_bearing_handoff"":true,""propose_and_externally_validate_reorganization"":true}",protocol_components,1.0,0.75,external_org_trace_and_task_verifier,single_agent_substitution;lost_evidence;bad_routing;role_violation;self_promotion;org_regression,all lower O levels,protocol-bound,False,required,required,must report,O3+ requires evaluator/promoter separation outside the mutable organization.
O-O3-NEW_ROLE-03,O,O3,new_role,3,multi_agent_protocol,O3 New Role #3,Run with separate real agent/process roles. Prompt role-play in one process does not satisfy O evidence.,"{""roles"":[{""role"":""planner"",""competence"":{""planning"":0.9,""verification"":0.4}},{""role"":""executor"",""competence"":{""execution"":0.9,""verification"":0.5}},{""role"":""verifier"",""competence"":{""execution"":0.3,""verification"":0.95}}],""task"":""org-case-3"",""event"":""recurrent handoff failures implicate workflow topology""}","{""real_multi_agent_required"":true,""evidence_bearing_handoff"":true,""propose_and_externally_validate_reorganization"":true}",protocol_components,1.0,0.75,external_org_trace_and_task_verifier,single_agent_substitution;lost_evidence;bad_routing;role_violation;self_promotion;org_regression,all lower O levels,protocol-bound,False,required,required,must report,O3+ requires evaluator/promoter separation outside the mutable organization.
O-O3-VERIFIER_R-01,O,O3,verifier_restructure,1,multi_agent_protocol,O3 Verifier Restructure #1,Run with separate real agent/process roles. Prompt role-play in one process does not satisfy O evidence.,"{""roles"":[{""role"":""planner"",""competence"":{""planning"":0.9,""verification"":0.4}},{""role"":""executor"",""competence"":{""execution"":0.9,""verification"":0.5}},{""role"":""verifier"",""competence"":{""execution"":0.3,""verification"":0.95}}],""task"":""org-case-1"",""event"":""recurrent handoff failures implicate workflow topology""}","{""real_multi_agent_required"":true,""evidence_bearing_handoff"":true,""propose_and_externally_validate_reorganization"":true}",protocol_components,1.0,0.75,external_org_trace_and_task_verifier,single_agent_substitution;lost_evidence;bad_routing;role_violation;self_promotion;org_regression,all lower O levels,protocol-bound,False,required,required,must report,O3+ requires evaluator/promoter separation outside the mutable organization.
O-O3-VERIFIER_R-02,O,O3,verifier_restructure,2,multi_agent_protocol,O3 Verifier Restructure #2,Run with separate real agent/process roles. Prompt role-play in one process does not satisfy O evidence.,"{""roles"":[{""role"":""planner"",""competence"":{""planning"":0.9,""verification"":0.4}},{""role"":""executor"",""competence"":{""execution"":0.9,""verification"":0.5}},{""role"":""verifier"",""competence"":{""execution"":0.3,""verification"":0.95}}],""task"":""org-case-2"",""event"":""recurrent handoff failures implicate workflow topology""}","{""real_multi_agent_required"":true,""evidence_bearing_handoff"":true,""propose_and_externally_validate_reorganization"":true}",protocol_components,1.0,0.75,external_org_trace_and_task_verifier,single_agent_substitution;lost_evidence;bad_routing;role_violation;self_promotion;org_regression,all lower O levels,protocol-bound,False,required,required,must report,O3+ requires evaluator/promoter separation outside the mutable organization.
O-O3-VERIFIER_R-03,O,O3,verifier_restructure,3,multi_agent_protocol,O3 Verifier Restructure #3,Run with separate real agent/process roles. Prompt role-play in one process does not satisfy O evidence.,"{""roles"":[{""role"":""planner"",""competence"":{""planning"":0.9,""verification"":0.4}},{""role"":""executor"",""competence"":{""execution"":0.9,""verification"":0.5}},{""role"":""verifier"",""competence"":{""execution"":0.3,""verification"":0.95}}],""task"":""org-case-3"",""event"":""recurrent handoff failures implicate workflow topology""}","{""real_multi_agent_required"":true,""evidence_bearing_handoff"":true,""propose_and_externally_validate_reorganization"":true}",protocol_components,1.0,0.75,external_org_trace_and_task_verifier,single_agent_substitution;lost_evidence;bad_routing;role_violation;self_promotion;org_regression,all lower O levels,protocol-bound,False,required,required,must report,O3+ requires evaluator/promoter separation outside the mutable organization.
O-O3-FAILURE_DR-01,O,O3,failure_driven_reorg,1,multi_agent_protocol,O3 Failure Driven Reorg #1,Run with separate real agent/process roles. Prompt role-play in one process does not satisfy O evidence.,"{""roles"":[{""role"":""planner"",""competence"":{""planning"":0.9,""verification"":0.4}},{""role"":""executor"",""competence"":{""execution"":0.9,""verification"":0.5}},{""role"":""verifier"",""competence"":{""execution"":0.3,""verification"":0.95}}],""task"":""org-case-1"",""event"":""recurrent handoff failures implicate workflow topology""}","{""real_multi_agent_required"":true,""evidence_bearing_handoff"":true,""propose_and_externally_validate_reorganization"":true}",protocol_components,1.0,0.75,external_org_trace_and_task_verifier,single_agent_substitution;lost_evidence;bad_routing;role_violation;self_promotion;org_regression,all lower O levels,protocol-bound,False,required,required,must report,O3+ requires evaluator/promoter separation outside the mutable organization.
O-O3-FAILURE_DR-02,O,O3,failure_driven_reorg,2,multi_agent_protocol,O3 Failure Driven Reorg #2,Run with separate real agent/process roles. Prompt role-play in one process does not satisfy O evidence.,"{""roles"":[{""role"":""planner"",""competence"":{""planning"":0.9,""verification"":0.4}},{""role"":""executor"",""competence"":{""execution"":0.9,""verification"":0.5}},{""role"":""verifier"",""competence"":{""execution"":0.3,""verification"":0.95}}],""task"":""org-case-2"",""event"":""recurrent handoff failures implicate workflow topology""}","{""real_multi_agent_required"":true,""evidence_bearing_handoff"":true,""propose_and_externally_validate_reorganization"":true}",protocol_components,1.0,0.75,external_org_trace_and_task_verifier,single_agent_substitution;lost_evidence;bad_routing;role_violation;self_promotion;org_regression,all lower O levels,protocol-bound,False,required,required,must report,O3+ requires evaluator/promoter separation outside the mutable organization.
O-O3-FAILURE_DR-03,O,O3,failure_driven_reorg,3,multi_agent_protocol,O3 Failure Driven Reorg #3,Run with separate real agent/process roles. Prompt role-play in one process does not satisfy O evidence.,"{""roles"":[{""role"":""planner"",""competence"":{""planning"":0.9,""verification"":0.4}},{""role"":""executor"",""competence"":{""execution"":0.9,""verification"":0.5}},{""role"":""verifier"",""competence"":{""execution"":0.3,""verification"":0.95}}],""task"":""org-case-3"",""event"":""recurrent handoff failures implicate workflow topology""}","{""real_multi_agent_required"":true,""evidence_bearing_handoff"":true,""propose_and_externally_validate_reorganization"":true}",protocol_components,1.0,0.75,external_org_trace_and_task_verifier,single_agent_substitution;lost_evidence;bad_routing;role_violation;self_promotion;org_regression,all lower O levels,protocol-bound,False,required,required,must report,O3+ requires evaluator/promoter separation outside the mutable organization.
O-O3-PROMOTION_-01,O,O3,promotion_governance,1,multi_agent_protocol,O3 Promotion Governance #1,Run with separate real agent/process roles. Prompt role-play in one process does not satisfy O evidence.,"{""roles"":[{""role"":""planner"",""competence"":{""planning"":0.9,""verification"":0.4}},{""role"":""executor"",""competence"":{""execution"":0.9,""verification"":0.5}},{""role"":""verifier"",""competence"":{""execution"":0.3,""verification"":0.95}}],""task"":""org-case-1"",""event"":""recurrent handoff failures implicate workflow topology""}","{""real_multi_agent_required"":true,""evidence_bearing_handoff"":true,""propose_and_externally_validate_reorganization"":true}",protocol_components,1.0,0.75,external_org_trace_and_task_verifier,single_agent_substitution;lost_evidence;bad_routing;role_violation;self_promotion;org_regression,all lower O levels,protocol-bound,False,required,required,must report,O3+ requires evaluator/promoter separation outside the mutable organization.
O-O3-PROMOTION_-02,O,O3,promotion_governance,2,multi_agent_protocol,O3 Promotion Governance #2,Run with separate real agent/process roles. Prompt role-play in one process does not satisfy O evidence.,"{""roles"":[{""role"":""planner"",""competence"":{""planning"":0.9,""verification"":0.4}},{""role"":""executor"",""competence"":{""execution"":0.9,""verification"":0.5}},{""role"":""verifier"",""competence"":{""execution"":0.3,""verification"":0.95}}],""task"":""org-case-2"",""event"":""recurrent handoff failures implicate workflow topology""}","{""real_multi_agent_required"":true,""evidence_bearing_handoff"":true,""propose_and_externally_validate_reorganization"":true}",protocol_components,1.0,0.75,external_org_trace_and_task_verifier,single_agent_substitution;lost_evidence;bad_routing;role_violation;self_promotion;org_regression,all lower O levels,protocol-bound,False,required,required,must report,O3+ requires evaluator/promoter separation outside the mutable organization.
O-O3-PROMOTION_-03,O,O3,promotion_governance,3,multi_agent_protocol,O3 Promotion Governance #3,Run with separate real agent/process roles. Prompt role-play in one process does not satisfy O evidence.,"{""roles"":[{""role"":""planner"",""competence"":{""planning"":0.9,""verification"":0.4}},{""role"":""executor"",""competence"":{""execution"":0.9,""verification"":0.5}},{""role"":""verifier"",""competence"":{""execution"":0.3,""verification"":0.95}}],""task"":""org-case-3"",""event"":""recurrent handoff failures implicate workflow topology""}","{""real_multi_agent_required"":true,""evidence_bearing_handoff"":true,""propose_and_externally_validate_reorganization"":true}",protocol_components,1.0,0.75,external_org_trace_and_task_verifier,single_agent_substitution;lost_evidence;bad_routing;role_violation;self_promotion;org_regression,all lower O levels,protocol-bound,False,required,required,must report,O3+ requires evaluator/promoter separation outside the mutable organization.
O-O4-META_REORG-01,O,O4,meta_reorganization,1,multi_agent_protocol,O4 Meta Reorganization #1,Run with separate real agent/process roles. Prompt role-play in one process does not satisfy O evidence.,"{""roles"":[{""role"":""planner"",""competence"":{""planning"":0.9,""verification"":0.4}},{""role"":""executor"",""competence"":{""execution"":0.9,""verification"":0.5}},{""role"":""verifier"",""competence"":{""execution"":0.3,""verification"":0.95}}],""task"":""org-case-1"",""event"":""three reorganization rounds with different proposal search policies""}","{""real_multi_agent_required"":true,""evidence_bearing_handoff"":true,""improve_reorganization_process"":true}",protocol_components,1.0,0.75,external_org_trace_and_task_verifier,single_agent_substitution;lost_evidence;bad_routing;role_violation;self_promotion;org_regression,all lower O levels,protocol-bound,False,required,required,must report,O3+ requires evaluator/promoter separation outside the mutable organization.
O-O4-META_REORG-02,O,O4,meta_reorganization,2,multi_agent_protocol,O4 Meta Reorganization #2,Run with separate real agent/process roles. Prompt role-play in one process does not satisfy O evidence.,"{""roles"":[{""role"":""planner"",""competence"":{""planning"":0.9,""verification"":0.4}},{""role"":""executor"",""competence"":{""execution"":0.9,""verification"":0.5}},{""role"":""verifier"",""competence"":{""execution"":0.3,""verification"":0.95}}],""task"":""org-case-2"",""event"":""three reorganization rounds with different proposal search policies""}","{""real_multi_agent_required"":true,""evidence_bearing_handoff"":true,""improve_reorganization_process"":true}",protocol_components,1.0,0.75,external_org_trace_and_task_verifier,single_agent_substitution;lost_evidence;bad_routing;role_violation;self_promotion;org_regression,all lower O levels,protocol-bound,False,required,required,must report,O3+ requires evaluator/promoter separation outside the mutable organization.
O-O4-META_REORG-03,O,O4,meta_reorganization,3,multi_agent_protocol,O4 Meta Reorganization #3,Run with separate real agent/process roles. Prompt role-play in one process does not satisfy O evidence.,"{""roles"":[{""role"":""planner"",""competence"":{""planning"":0.9,""verification"":0.4}},{""role"":""executor"",""competence"":{""execution"":0.9,""verification"":0.5}},{""role"":""verifier"",""competence"":{""execution"":0.3,""verification"":0.95}}],""task"":""org-case-3"",""event"":""three reorganization rounds with different proposal search policies""}","{""real_multi_agent_required"":true,""evidence_bearing_handoff"":true,""improve_reorganization_process"":true}",protocol_components,1.0,0.75,external_org_trace_and_task_verifier,single_agent_substitution;lost_evidence;bad_routing;role_violation;self_promotion;org_regression,all lower O levels,protocol-bound,False,required,required,must report,O3+ requires evaluator/promoter separation outside the mutable organization.
O-O4-SEARCH_POL-01,O,O4,search_policy_improve,1,multi_agent_protocol,O4 Search Policy Improve #1,Run with separate real agent/process roles. Prompt role-play in one process does not satisfy O evidence.,"{""roles"":[{""role"":""planner"",""competence"":{""planning"":0.9,""verification"":0.4}},{""role"":""executor"",""competence"":{""execution"":0.9,""verification"":0.5}},{""role"":""verifier"",""competence"":{""execution"":0.3,""verification"":0.95}}],""task"":""org-case-1"",""event"":""three reorganization rounds with different proposal search policies""}","{""real_multi_agent_required"":true,""evidence_bearing_handoff"":true,""improve_reorganization_process"":true}",protocol_components,1.0,0.75,external_org_trace_and_task_verifier,single_agent_substitution;lost_evidence;bad_routing;role_violation;self_promotion;org_regression,all lower O levels,protocol-bound,False,required,required,must report,O3+ requires evaluator/promoter separation outside the mutable organization.
O-O4-SEARCH_POL-02,O,O4,search_policy_improve,2,multi_agent_protocol,O4 Search Policy Improve #2,Run with separate real agent/process roles. Prompt role-play in one process does not satisfy O evidence.,"{""roles"":[{""role"":""planner"",""competence"":{""planning"":0.9,""verification"":0.4}},{""role"":""executor"",""competence"":{""execution"":0.9,""verification"":0.5}},{""role"":""verifier"",""competence"":{""execution"":0.3,""verification"":0.95}}],""task"":""org-case-2"",""event"":""three reorganization rounds with different proposal search policies""}","{""real_multi_agent_required"":true,""evidence_bearing_handoff"":true,""improve_reorganization_process"":true}",protocol_components,1.0,0.75,external_org_trace_and_task_verifier,single_agent_substitution;lost_evidence;bad_routing;role_violation;self_promotion;org_regression,all lower O levels,protocol-bound,False,required,required,must report,O3+ requires evaluator/promoter separation outside the mutable organization.
O-O4-SEARCH_POL-03,O,O4,search_policy_improve,3,multi_agent_protocol,O4 Search Policy Improve #3,Run with separate real agent/process roles. Prompt role-play in one process does not satisfy O evidence.,"{""roles"":[{""role"":""planner"",""competence"":{""planning"":0.9,""verification"":0.4}},{""role"":""executor"",""competence"":{""execution"":0.9,""verification"":0.5}},{""role"":""verifier"",""competence"":{""execution"":0.3,""verification"":0.95}}],""task"":""org-case-3"",""event"":""three reorganization rounds with different proposal search policies""}","{""real_multi_agent_required"":true,""evidence_bearing_handoff"":true,""improve_reorganization_process"":true}",protocol_components,1.0,0.75,external_org_trace_and_task_verifier,single_agent_substitution;lost_evidence;bad_routing;role_violation;self_promotion;org_regression,all lower O levels,protocol-bound,False,required,required,must report,O3+ requires evaluator/promoter separation outside the mutable organization.
O-O4-ORG_EVAL_I-01,O,O4,org_eval_improve,1,multi_agent_protocol,O4 Org Eval Improve #1,Run with separate real agent/process roles. Prompt role-play in one process does not satisfy O evidence.,"{""roles"":[{""role"":""planner"",""competence"":{""planning"":0.9,""verification"":0.4}},{""role"":""executor"",""competence"":{""execution"":0.9,""verification"":0.5}},{""role"":""verifier"",""competence"":{""execution"":0.3,""verification"":0.95}}],""task"":""org-case-1"",""event"":""three reorganization rounds with different proposal search policies""}","{""real_multi_agent_required"":true,""evidence_bearing_handoff"":true,""improve_reorganization_process"":true}",protocol_components,1.0,0.75,external_org_trace_and_task_verifier,single_agent_substitution;lost_evidence;bad_routing;role_violation;self_promotion;org_regression,all lower O levels,protocol-bound,False,required,required,must report,O3+ requires evaluator/promoter separation outside the mutable organization.
O-O4-ORG_EVAL_I-02,O,O4,org_eval_improve,2,multi_agent_protocol,O4 Org Eval Improve #2,Run with separate real agent/process roles. Prompt role-play in one process does not satisfy O evidence.,"{""roles"":[{""role"":""planner"",""competence"":{""planning"":0.9,""verification"":0.4}},{""role"":""executor"",""competence"":{""execution"":0.9,""verification"":0.5}},{""role"":""verifier"",""competence"":{""execution"":0.3,""verification"":0.95}}],""task"":""org-case-2"",""event"":""three reorganization rounds with different proposal search policies""}","{""real_multi_agent_required"":true,""evidence_bearing_handoff"":true,""improve_reorganization_process"":true}",protocol_components,1.0,0.75,external_org_trace_and_task_verifier,single_agent_substitution;lost_evidence;bad_routing;role_violation;self_promotion;org_regression,all lower O levels,protocol-bound,False,required,required,must report,O3+ requires evaluator/promoter separation outside the mutable organization.
O-O4-ORG_EVAL_I-03,O,O4,org_eval_improve,3,multi_agent_protocol,O4 Org Eval Improve #3,Run with separate real agent/process roles. Prompt role-play in one process does not satisfy O evidence.,"{""roles"":[{""role"":""planner"",""competence"":{""planning"":0.9,""verification"":0.4}},{""role"":""executor"",""competence"":{""execution"":0.9,""verification"":0.5}},{""role"":""verifier"",""competence"":{""execution"":0.3,""verification"":0.95}}],""task"":""org-case-3"",""event"":""three reorganization rounds with different proposal search policies""}","{""real_multi_agent_required"":true,""evidence_bearing_handoff"":true,""improve_reorganization_process"":true}",protocol_components,1.0,0.75,external_org_trace_and_task_verifier,single_agent_substitution;lost_evidence;bad_routing;role_violation;self_promotion;org_regression,all lower O levels,protocol-bound,False,required,required,must report,O3+ requires evaluator/promoter separation outside the mutable organization.
O-O4-META_RESOU-01,O,O4,meta_resource,1,multi_agent_protocol,O4 Meta Resource #1,Run with separate real agent/process roles. Prompt role-play in one process does not satisfy O evidence.,"{""roles"":[{""role"":""planner"",""competence"":{""planning"":0.9,""verification"":0.4}},{""role"":""executor"",""competence"":{""execution"":0.9,""verification"":0.5}},{""role"":""verifier"",""competence"":{""execution"":0.3,""verification"":0.95}}],""task"":""org-case-1"",""event"":""three reorganization rounds with different proposal search policies""}","{""real_multi_agent_required"":true,""evidence_bearing_handoff"":true,""improve_reorganization_process"":true}",protocol_components,1.0,0.75,external_org_trace_and_task_verifier,single_agent_substitution;lost_evidence;bad_routing;role_violation;self_promotion;org_regression,all lower O levels,protocol-bound,False,required,required,must report,O3+ requires evaluator/promoter separation outside the mutable organization.
O-O4-META_RESOU-02,O,O4,meta_resource,2,multi_agent_protocol,O4 Meta Resource #2,Run with separate real agent/process roles. Prompt role-play in one process does not satisfy O evidence.,"{""roles"":[{""role"":""planner"",""competence"":{""planning"":0.9,""verification"":0.4}},{""role"":""executor"",""competence"":{""execution"":0.9,""verification"":0.5}},{""role"":""verifier"",""competence"":{""execution"":0.3,""verification"":0.95}}],""task"":""org-case-2"",""event"":""three reorganization rounds with different proposal search policies""}","{""real_multi_agent_required"":true,""evidence_bearing_handoff"":true,""improve_reorganization_process"":true}",protocol_components,1.0,0.75,external_org_trace_and_task_verifier,single_agent_substitution;lost_evidence;bad_routing;role_violation;self_promotion;org_regression,all lower O levels,protocol-bound,False,required,required,must report,O3+ requires evaluator/promoter separation outside the mutable organization.
O-O4-META_RESOU-03,O,O4,meta_resource,3,multi_agent_protocol,O4 Meta Resource #3,Run with separate real agent/process roles. Prompt role-play in one process does not satisfy O evidence.,"{""roles"":[{""role"":""planner"",""competence"":{""planning"":0.9,""verification"":0.4}},{""role"":""executor"",""competence"":{""execution"":0.9,""verification"":0.5}},{""role"":""verifier"",""competence"":{""execution"":0.3,""verification"":0.95}}],""task"":""org-case-3"",""event"":""three reorganization rounds with different proposal search policies""}","{""real_multi_agent_required"":true,""evidence_bearing_handoff"":true,""improve_reorganization_process"":true}",protocol_components,1.0,0.75,external_org_trace_and_task_verifier,single_agent_substitution;lost_evidence;bad_routing;role_violation;self_promotion;org_regression,all lower O levels,protocol-bound,False,required,required,must report,O3+ requires evaluator/promoter separation outside the mutable organization.
O-O4-DRIFT_CONT-01,O,O4,drift_control,1,multi_agent_protocol,O4 Drift Control #1,Run with separate real agent/process roles. Prompt role-play in one process does not satisfy O evidence.,"{""roles"":[{""role"":""planner"",""competence"":{""planning"":0.9,""verification"":0.4}},{""role"":""executor"",""competence"":{""execution"":0.9,""verification"":0.5}},{""role"":""verifier"",""competence"":{""execution"":0.3,""verification"":0.95}}],""task"":""org-case-1"",""event"":""three reorganization rounds with different proposal search policies""}","{""real_multi_agent_required"":true,""evidence_bearing_handoff"":true,""improve_reorganization_process"":true}",protocol_components,1.0,0.75,external_org_trace_and_task_verifier,single_agent_substitution;lost_evidence;bad_routing;role_violation;self_promotion;org_regression,all lower O levels,protocol-bound,False,required,required,must report,O3+ requires evaluator/promoter separation outside the mutable organization.
O-O4-DRIFT_CONT-02,O,O4,drift_control,2,multi_agent_protocol,O4 Drift Control #2,Run with separate real agent/process roles. Prompt role-play in one process does not satisfy O evidence.,"{""roles"":[{""role"":""planner"",""competence"":{""planning"":0.9,""verification"":0.4}},{""role"":""executor"",""competence"":{""execution"":0.9,""verification"":0.5}},{""role"":""verifier"",""competence"":{""execution"":0.3,""verification"":0.95}}],""task"":""org-case-2"",""event"":""three reorganization rounds with different proposal search policies""}","{""real_multi_agent_required"":true,""evidence_bearing_handoff"":true,""improve_reorganization_process"":true}",protocol_components,1.0,0.75,external_org_trace_and_task_verifier,single_agent_substitution;lost_evidence;bad_routing;role_violation;self_promotion;org_regression,all lower O levels,protocol-bound,False,required,required,must report,O3+ requires evaluator/promoter separation outside the mutable organization.
O-O4-DRIFT_CONT-03,O,O4,drift_control,3,multi_agent_protocol,O4 Drift Control #3,Run with separate real agent/process roles. Prompt role-play in one process does not satisfy O evidence.,"{""roles"":[{""role"":""planner"",""competence"":{""planning"":0.9,""verification"":0.4}},{""role"":""executor"",""competence"":{""execution"":0.9,""verification"":0.5}},{""role"":""verifier"",""competence"":{""execution"":0.3,""verification"":0.95}}],""task"":""org-case-3"",""event"":""three reorganization rounds with different proposal search policies""}","{""real_multi_agent_required"":true,""evidence_bearing_handoff"":true,""improve_reorganization_process"":true}",protocol_components,1.0,0.75,external_org_trace_and_task_verifier,single_agent_substitution;lost_evidence;bad_routing;role_violation;self_promotion;org_regression,all lower O levels,protocol-bound,False,required,required,must report,O3+ requires evaluator/promoter separation outside the mutable organization.
O-O4-META_LINEA-01,O,O4,meta_lineage,1,multi_agent_protocol,O4 Meta Lineage #1,Run with separate real agent/process roles. Prompt role-play in one process does not satisfy O evidence.,"{""roles"":[{""role"":""planner"",""competence"":{""planning"":0.9,""verification"":0.4}},{""role"":""executor"",""competence"":{""execution"":0.9,""verification"":0.5}},{""role"":""verifier"",""competence"":{""execution"":0.3,""verification"":0.95}}],""task"":""org-case-1"",""event"":""three reorganization rounds with different proposal search policies""}","{""real_multi_agent_required"":true,""evidence_bearing_handoff"":true,""improve_reorganization_process"":true}",protocol_components,1.0,0.75,external_org_trace_and_task_verifier,single_agent_substitution;lost_evidence;bad_routing;role_violation;self_promotion;org_regression,all lower O levels,protocol-bound,False,required,required,must report,O3+ requires evaluator/promoter separation outside the mutable organization.
O-O4-META_LINEA-02,O,O4,meta_lineage,2,multi_agent_protocol,O4 Meta Lineage #2,Run with separate real agent/process roles. Prompt role-play in one process does not satisfy O evidence.,"{""roles"":[{""role"":""planner"",""competence"":{""planning"":0.9,""verification"":0.4}},{""role"":""executor"",""competence"":{""execution"":0.9,""verification"":0.5}},{""role"":""verifier"",""competence"":{""execution"":0.3,""verification"":0.95}}],""task"":""org-case-2"",""event"":""three reorganization rounds with different proposal search policies""}","{""real_multi_agent_required"":true,""evidence_bearing_handoff"":true,""improve_reorganization_process"":true}",protocol_components,1.0,0.75,external_org_trace_and_task_verifier,single_agent_substitution;lost_evidence;bad_routing;role_violation;self_promotion;org_regression,all lower O levels,protocol-bound,False,required,required,must report,O3+ requires evaluator/promoter separation outside the mutable organization.
O-O4-META_LINEA-03,O,O4,meta_lineage,3,multi_agent_protocol,O4 Meta Lineage #3,Run with separate real agent/process roles. Prompt role-play in one process does not satisfy O evidence.,"{""roles"":[{""role"":""planner"",""competence"":{""planning"":0.9,""verification"":0.4}},{""role"":""executor"",""competence"":{""execution"":0.9,""verification"":0.5}},{""role"":""verifier"",""competence"":{""execution"":0.3,""verification"":0.95}}],""task"":""org-case-3"",""event"":""three reorganization rounds with different proposal search policies""}","{""real_multi_agent_required"":true,""evidence_bearing_handoff"":true,""improve_reorganization_process"":true}",protocol_components,1.0,0.75,external_org_trace_and_task_verifier,single_agent_substitution;lost_evidence;bad_routing;role_violation;self_promotion;org_regression,all lower O levels,protocol-bound,False,required,required,must report,O3+ requires evaluator/promoter separation outside the mutable organization.
O-O5-COLLECTIVE-01,O,O5,collective_hypothesis,1,multi_agent_protocol,O5 Collective Hypothesis #1,Run with separate real agent/process roles. Prompt role-play in one process does not satisfy O evidence.,"{""roles"":[{""role"":""planner"",""competence"":{""planning"":0.9,""verification"":0.4}},{""role"":""executor"",""competence"":{""execution"":0.9,""verification"":0.5}},{""role"":""verifier"",""competence"":{""execution"":0.3,""verification"":0.95}}],""task"":""org-case-1"",""event"":""hidden mechanism requires complementary experiments by different roles""}","{""real_multi_agent_required"":true,""evidence_bearing_handoff"":true,""collective_discovery_not_parallel_individual_only"":true}",protocol_components,1.0,0.65,external_org_trace_and_task_verifier,single_agent_substitution;lost_evidence;bad_routing;role_violation;self_promotion;org_regression,all lower O levels,protocol-bound,False,required,required,must report,O3+ requires evaluator/promoter separation outside the mutable organization.
O-O5-COLLECTIVE-02,O,O5,collective_hypothesis,2,multi_agent_protocol,O5 Collective Hypothesis #2,Run with separate real agent/process roles. Prompt role-play in one process does not satisfy O evidence.,"{""roles"":[{""role"":""planner"",""competence"":{""planning"":0.9,""verification"":0.4}},{""role"":""executor"",""competence"":{""execution"":0.9,""verification"":0.5}},{""role"":""verifier"",""competence"":{""execution"":0.3,""verification"":0.95}}],""task"":""org-case-2"",""event"":""hidden mechanism requires complementary experiments by different roles""}","{""real_multi_agent_required"":true,""evidence_bearing_handoff"":true,""collective_discovery_not_parallel_individual_only"":true}",protocol_components,1.0,0.65,external_org_trace_and_task_verifier,single_agent_substitution;lost_evidence;bad_routing;role_violation;self_promotion;org_regression,all lower O levels,protocol-bound,False,required,required,must report,O3+ requires evaluator/promoter separation outside the mutable organization.
O-O5-COLLECTIVE-03,O,O5,collective_hypothesis,3,multi_agent_protocol,O5 Collective Hypothesis #3,Run with separate real agent/process roles. Prompt role-play in one process does not satisfy O evidence.,"{""roles"":[{""role"":""planner"",""competence"":{""planning"":0.9,""verification"":0.4}},{""role"":""executor"",""competence"":{""execution"":0.9,""verification"":0.5}},{""role"":""verifier"",""competence"":{""execution"":0.3,""verification"":0.95}}],""task"":""org-case-3"",""event"":""hidden mechanism requires complementary experiments by different roles""}","{""real_multi_agent_required"":true,""evidence_bearing_handoff"":true,""collective_discovery_not_parallel_individual_only"":true}",protocol_components,1.0,0.65,external_org_trace_and_task_verifier,single_agent_substitution;lost_evidence;bad_routing;role_violation;self_promotion;org_regression,all lower O levels,protocol-bound,False,required,required,must report,O3+ requires evaluator/promoter separation outside the mutable organization.
O-O5-DISTRIBUTE-01,O,O5,distributed_experiment,1,multi_agent_protocol,O5 Distributed Experiment #1,Run with separate real agent/process roles. Prompt role-play in one process does not satisfy O evidence.,"{""roles"":[{""role"":""planner"",""competence"":{""planning"":0.9,""verification"":0.4}},{""role"":""executor"",""competence"":{""execution"":0.9,""verification"":0.5}},{""role"":""verifier"",""competence"":{""execution"":0.3,""verification"":0.95}}],""task"":""org-case-1"",""event"":""hidden mechanism requires complementary experiments by different roles""}","{""real_multi_agent_required"":true,""evidence_bearing_handoff"":true,""collective_discovery_not_parallel_individual_only"":true}",protocol_components,1.0,0.65,external_org_trace_and_task_verifier,single_agent_substitution;lost_evidence;bad_routing;role_violation;self_promotion;org_regression,all lower O levels,protocol-bound,False,required,required,must report,O3+ requires evaluator/promoter separation outside the mutable organization.
O-O5-DISTRIBUTE-02,O,O5,distributed_experiment,2,multi_agent_protocol,O5 Distributed Experiment #2,Run with separate real agent/process roles. Prompt role-play in one process does not satisfy O evidence.,"{""roles"":[{""role"":""planner"",""competence"":{""planning"":0.9,""verification"":0.4}},{""role"":""executor"",""competence"":{""execution"":0.9,""verification"":0.5}},{""role"":""verifier"",""competence"":{""execution"":0.3,""verification"":0.95}}],""task"":""org-case-2"",""event"":""hidden mechanism requires complementary experiments by different roles""}","{""real_multi_agent_required"":true,""evidence_bearing_handoff"":true,""collective_discovery_not_parallel_individual_only"":true}",protocol_components,1.0,0.65,external_org_trace_and_task_verifier,single_agent_substitution;lost_evidence;bad_routing;role_violation;self_promotion;org_regression,all lower O levels,protocol-bound,False,required,required,must report,O3+ requires evaluator/promoter separation outside the mutable organization.
O-O5-DISTRIBUTE-03,O,O5,distributed_experiment,3,multi_agent_protocol,O5 Distributed Experiment #3,Run with separate real agent/process roles. Prompt role-play in one process does not satisfy O evidence.,"{""roles"":[{""role"":""planner"",""competence"":{""planning"":0.9,""verification"":0.4}},{""role"":""executor"",""competence"":{""execution"":0.9,""verification"":0.5}},{""role"":""verifier"",""competence"":{""execution"":0.3,""verification"":0.95}}],""task"":""org-case-3"",""event"":""hidden mechanism requires complementary experiments by different roles""}","{""real_multi_agent_required"":true,""evidence_bearing_handoff"":true,""collective_discovery_not_parallel_individual_only"":true}",protocol_components,1.0,0.65,external_org_trace_and_task_verifier,single_agent_substitution;lost_evidence;bad_routing;role_violation;self_promotion;org_regression,all lower O levels,protocol-bound,False,required,required,must report,O3+ requires evaluator/promoter separation outside the mutable organization.
O-O5-EVIDENCE_S-01,O,O5,evidence_synthesis,1,multi_agent_protocol,O5 Evidence Synthesis #1,Run with separate real agent/process roles. Prompt role-play in one process does not satisfy O evidence.,"{""roles"":[{""role"":""planner"",""competence"":{""planning"":0.9,""verification"":0.4}},{""role"":""executor"",""competence"":{""execution"":0.9,""verification"":0.5}},{""role"":""verifier"",""competence"":{""execution"":0.3,""verification"":0.95}}],""task"":""org-case-1"",""event"":""hidden mechanism requires complementary experiments by different roles""}","{""real_multi_agent_required"":true,""evidence_bearing_handoff"":true,""collective_discovery_not_parallel_individual_only"":true}",protocol_components,1.0,0.65,external_org_trace_and_task_verifier,single_agent_substitution;lost_evidence;bad_routing;role_violation;self_promotion;org_regression,all lower O levels,protocol-bound,False,required,required,must report,O3+ requires evaluator/promoter separation outside the mutable organization.
O-O5-EVIDENCE_S-02,O,O5,evidence_synthesis,2,multi_agent_protocol,O5 Evidence Synthesis #2,Run with separate real agent/process roles. Prompt role-play in one process does not satisfy O evidence.,"{""roles"":[{""role"":""planner"",""competence"":{""planning"":0.9,""verification"":0.4}},{""role"":""executor"",""competence"":{""execution"":0.9,""verification"":0.5}},{""role"":""verifier"",""competence"":{""execution"":0.3,""verification"":0.95}}],""task"":""org-case-2"",""event"":""hidden mechanism requires complementary experiments by different roles""}","{""real_multi_agent_required"":true,""evidence_bearing_handoff"":true,""collective_discovery_not_parallel_individual_only"":true}",protocol_components,1.0,0.65,external_org_trace_and_task_verifier,single_agent_substitution;lost_evidence;bad_routing;role_violation;self_promotion;org_regression,all lower O levels,protocol-bound,False,required,required,must report,O3+ requires evaluator/promoter separation outside the mutable organization.
O-O5-EVIDENCE_S-03,O,O5,evidence_synthesis,3,multi_agent_protocol,O5 Evidence Synthesis #3,Run with separate real agent/process roles. Prompt role-play in one process does not satisfy O evidence.,"{""roles"":[{""role"":""planner"",""competence"":{""planning"":0.9,""verification"":0.4}},{""role"":""executor"",""competence"":{""execution"":0.9,""verification"":0.5}},{""role"":""verifier"",""competence"":{""execution"":0.3,""verification"":0.95}}],""task"":""org-case-3"",""event"":""hidden mechanism requires complementary experiments by different roles""}","{""real_multi_agent_required"":true,""evidence_bearing_handoff"":true,""collective_discovery_not_parallel_individual_only"":true}",protocol_components,1.0,0.65,external_org_trace_and_task_verifier,single_agent_substitution;lost_evidence;bad_routing;role_violation;self_promotion;org_regression,all lower O levels,protocol-bound,False,required,required,must report,O3+ requires evaluator/promoter separation outside the mutable organization.
O-O5-CROSS_ROLE-01,O,O5,cross_role_discovery,1,multi_agent_protocol,O5 Cross Role Discovery #1,Run with separate real agent/process roles. Prompt role-play in one process does not satisfy O evidence.,"{""roles"":[{""role"":""planner"",""competence"":{""planning"":0.9,""verification"":0.4}},{""role"":""executor"",""competence"":{""execution"":0.9,""verification"":0.5}},{""role"":""verifier"",""competence"":{""execution"":0.3,""verification"":0.95}}],""task"":""org-case-1"",""event"":""hidden mechanism requires complementary experiments by different roles""}","{""real_multi_agent_required"":true,""evidence_bearing_handoff"":true,""collective_discovery_not_parallel_individual_only"":true}",protocol_components,1.0,0.65,external_org_trace_and_task_verifier,single_agent_substitution;lost_evidence;bad_routing;role_violation;self_promotion;org_regression,all lower O levels,protocol-bound,False,required,required,must report,O3+ requires evaluator/promoter separation outside the mutable organization.
O-O5-CROSS_ROLE-02,O,O5,cross_role_discovery,2,multi_agent_protocol,O5 Cross Role Discovery #2,Run with separate real agent/process roles. Prompt role-play in one process does not satisfy O evidence.,"{""roles"":[{""role"":""planner"",""competence"":{""planning"":0.9,""verification"":0.4}},{""role"":""executor"",""competence"":{""execution"":0.9,""verification"":0.5}},{""role"":""verifier"",""competence"":{""execution"":0.3,""verification"":0.95}}],""task"":""org-case-2"",""event"":""hidden mechanism requires complementary experiments by different roles""}","{""real_multi_agent_required"":true,""evidence_bearing_handoff"":true,""collective_discovery_not_parallel_individual_only"":true}",protocol_components,1.0,0.65,external_org_trace_and_task_verifier,single_agent_substitution;lost_evidence;bad_routing;role_violation;self_promotion;org_regression,all lower O levels,protocol-bound,False,required,required,must report,O3+ requires evaluator/promoter separation outside the mutable organization.
O-O5-CROSS_ROLE-03,O,O5,cross_role_discovery,3,multi_agent_protocol,O5 Cross Role Discovery #3,Run with separate real agent/process roles. Prompt role-play in one process does not satisfy O evidence.,"{""roles"":[{""role"":""planner"",""competence"":{""planning"":0.9,""verification"":0.4}},{""role"":""executor"",""competence"":{""execution"":0.9,""verification"":0.5}},{""role"":""verifier"",""competence"":{""execution"":0.3,""verification"":0.95}}],""task"":""org-case-3"",""event"":""hidden mechanism requires complementary experiments by different roles""}","{""real_multi_agent_required"":true,""evidence_bearing_handoff"":true,""collective_discovery_not_parallel_individual_only"":true}",protocol_components,1.0,0.65,external_org_trace_and_task_verifier,single_agent_substitution;lost_evidence;bad_routing;role_violation;self_promotion;org_regression,all lower O levels,protocol-bound,False,required,required,must report,O3+ requires evaluator/promoter separation outside the mutable organization.
O-O5-VALIDATION-01,O,O5,validation,1,multi_agent_protocol,O5 Validation #1,Run with separate real agent/process roles. Prompt role-play in one process does not satisfy O evidence.,"{""roles"":[{""role"":""planner"",""competence"":{""planning"":0.9,""verification"":0.4}},{""role"":""executor"",""competence"":{""execution"":0.9,""verification"":0.5}},{""role"":""verifier"",""competence"":{""execution"":0.3,""verification"":0.95}}],""task"":""org-case-1"",""event"":""hidden mechanism requires complementary experiments by different roles""}","{""real_multi_agent_required"":true,""evidence_bearing_handoff"":true,""collective_discovery_not_parallel_individual_only"":true}",protocol_components,1.0,0.65,external_org_trace_and_task_verifier,single_agent_substitution;lost_evidence;bad_routing;role_violation;self_promotion;org_regression,all lower O levels,protocol-bound,False,required,required,must report,O3+ requires evaluator/promoter separation outside the mutable organization.
O-O5-VALIDATION-02,O,O5,validation,2,multi_agent_protocol,O5 Validation #2,Run with separate real agent/process roles. Prompt role-play in one process does not satisfy O evidence.,"{""roles"":[{""role"":""planner"",""competence"":{""planning"":0.9,""verification"":0.4}},{""role"":""executor"",""competence"":{""execution"":0.9,""verification"":0.5}},{""role"":""verifier"",""competence"":{""execution"":0.3,""verification"":0.95}}],""task"":""org-case-2"",""event"":""hidden mechanism requires complementary experiments by different roles""}","{""real_multi_agent_required"":true,""evidence_bearing_handoff"":true,""collective_discovery_not_parallel_individual_only"":true}",protocol_components,1.0,0.65,external_org_trace_and_task_verifier,single_agent_substitution;lost_evidence;bad_routing;role_violation;self_promotion;org_regression,all lower O levels,protocol-bound,False,required,required,must report,O3+ requires evaluator/promoter separation outside the mutable organization.
O-O5-VALIDATION-03,O,O5,validation,3,multi_agent_protocol,O5 Validation #3,Run with separate real agent/process roles. Prompt role-play in one process does not satisfy O evidence.,"{""roles"":[{""role"":""planner"",""competence"":{""planning"":0.9,""verification"":0.4}},{""role"":""executor"",""competence"":{""execution"":0.9,""verification"":0.5}},{""role"":""verifier"",""competence"":{""execution"":0.3,""verification"":0.95}}],""task"":""org-case-3"",""event"":""hidden mechanism requires complementary experiments by different roles""}","{""real_multi_agent_required"":true,""evidence_bearing_handoff"":true,""collective_discovery_not_parallel_individual_only"":true}",protocol_components,1.0,0.65,external_org_trace_and_task_verifier,single_agent_substitution;lost_evidence;bad_routing;role_violation;self_promotion;org_regression,all lower O levels,protocol-bound,False,required,required,must report,O3+ requires evaluator/promoter separation outside the mutable organization.
O-O5-ORG_NOVELT-01,O,O5,org_novelty,1,multi_agent_protocol,O5 Org Novelty #1,Run with separate real agent/process roles. Prompt role-play in one process does not satisfy O evidence.,"{""roles"":[{""role"":""planner"",""competence"":{""planning"":0.9,""verification"":0.4}},{""role"":""executor"",""competence"":{""execution"":0.9,""verification"":0.5}},{""role"":""verifier"",""competence"":{""execution"":0.3,""verification"":0.95}}],""task"":""org-case-1"",""event"":""hidden mechanism requires complementary experiments by different roles""}","{""real_multi_agent_required"":true,""evidence_bearing_handoff"":true,""collective_discovery_not_parallel_individual_only"":true}",protocol_components,1.0,0.65,external_org_trace_and_task_verifier,single_agent_substitution;lost_evidence;bad_routing;role_violation;self_promotion;org_regression,all lower O levels,protocol-bound,False,required,required,must report,O3+ requires evaluator/promoter separation outside the mutable organization.
O-O5-ORG_NOVELT-02,O,O5,org_novelty,2,multi_agent_protocol,O5 Org Novelty #2,Run with separate real agent/process roles. Prompt role-play in one process does not satisfy O evidence.,"{""roles"":[{""role"":""planner"",""competence"":{""planning"":0.9,""verification"":0.4}},{""role"":""executor"",""competence"":{""execution"":0.9,""verification"":0.5}},{""role"":""verifier"",""competence"":{""execution"":0.3,""verification"":0.95}}],""task"":""org-case-2"",""event"":""hidden mechanism requires complementary experiments by different roles""}","{""real_multi_agent_required"":true,""evidence_bearing_handoff"":true,""collective_discovery_not_parallel_individual_only"":true}",protocol_components,1.0,0.65,external_org_trace_and_task_verifier,single_agent_substitution;lost_evidence;bad_routing;role_violation;self_promotion;org_regression,all lower O levels,protocol-bound,False,required,required,must report,O3+ requires evaluator/promoter separation outside the mutable organization.
O-O5-ORG_NOVELT-03,O,O5,org_novelty,3,multi_agent_protocol,O5 Org Novelty #3,Run with separate real agent/process roles. Prompt role-play in one process does not satisfy O evidence.,"{""roles"":[{""role"":""planner"",""competence"":{""planning"":0.9,""verification"":0.4}},{""role"":""executor"",""competence"":{""execution"":0.9,""verification"":0.5}},{""role"":""verifier"",""competence"":{""execution"":0.3,""verification"":0.95}}],""task"":""org-case-3"",""event"":""hidden mechanism requires complementary experiments by different roles""}","{""real_multi_agent_required"":true,""evidence_bearing_handoff"":true,""collective_discovery_not_parallel_individual_only"":true}",protocol_components,1.0,0.65,external_org_trace_and_task_verifier,single_agent_substitution;lost_evidence;bad_routing;role_violation;self_promotion;org_regression,all lower O levels,protocol-bound,False,required,required,must report,O3+ requires evaluator/promoter separation outside the mutable organization.
O-OΩ-NEW_AGENT_-01,O,OΩ,new_agent_type,1,multi_agent_protocol,OΩ New Agent Type #1,Run with separate real agent/process roles. Prompt role-play in one process does not satisfy O evidence.,"{""roles"":[{""role"":""planner"",""competence"":{""planning"":0.9,""verification"":0.4}},{""role"":""executor"",""competence"":{""execution"":0.9,""verification"":0.5}},{""role"":""verifier"",""competence"":{""execution"":0.3,""verification"":0.95}}],""task"":""org-case-1"",""event"":""bounded charter permits creation of new roles/tools after validated discovery""}","{""real_multi_agent_required"":true,""evidence_bearing_handoff"":true,""frontier_expanding_org_instrument"":true}",protocol_components,1.0,0.65,external_org_trace_and_task_verifier,single_agent_substitution;lost_evidence;bad_routing;role_violation;self_promotion;org_regression,all lower O levels,protocol-bound,False,required,required,must report,O3+ requires evaluator/promoter separation outside the mutable organization.
O-OΩ-NEW_AGENT_-02,O,OΩ,new_agent_type,2,multi_agent_protocol,OΩ New Agent Type #2,Run with separate real agent/process roles. Prompt role-play in one process does not satisfy O evidence.,"{""roles"":[{""role"":""planner"",""competence"":{""planning"":0.9,""verification"":0.4}},{""role"":""executor"",""competence"":{""execution"":0.9,""verification"":0.5}},{""role"":""verifier"",""competence"":{""execution"":0.3,""verification"":0.95}}],""task"":""org-case-2"",""event"":""bounded charter permits creation of new roles/tools after validated discovery""}","{""real_multi_agent_required"":true,""evidence_bearing_handoff"":true,""frontier_expanding_org_instrument"":true}",protocol_components,1.0,0.65,external_org_trace_and_task_verifier,single_agent_substitution;lost_evidence;bad_routing;role_violation;self_promotion;org_regression,all lower O levels,protocol-bound,False,required,required,must report,O3+ requires evaluator/promoter separation outside the mutable organization.
O-OΩ-NEW_AGENT_-03,O,OΩ,new_agent_type,3,multi_agent_protocol,OΩ New Agent Type #3,Run with separate real agent/process roles. Prompt role-play in one process does not satisfy O evidence.,"{""roles"":[{""role"":""planner"",""competence"":{""planning"":0.9,""verification"":0.4}},{""role"":""executor"",""competence"":{""execution"":0.9,""verification"":0.5}},{""role"":""verifier"",""competence"":{""execution"":0.3,""verification"":0.95}}],""task"":""org-case-3"",""event"":""bounded charter permits creation of new roles/tools after validated discovery""}","{""real_multi_agent_required"":true,""evidence_bearing_handoff"":true,""frontier_expanding_org_instrument"":true}",protocol_components,1.0,0.65,external_org_trace_and_task_verifier,single_agent_substitution;lost_evidence;bad_routing;role_violation;self_promotion;org_regression,all lower O levels,protocol-bound,False,required,required,must report,O3+ requires evaluator/promoter separation outside the mutable organization.
O-OΩ-NEW_ORG_ST-01,O,OΩ,new_org_structure,1,multi_agent_protocol,OΩ New Org Structure #1,Run with separate real agent/process roles. Prompt role-play in one process does not satisfy O evidence.,"{""roles"":[{""role"":""planner"",""competence"":{""planning"":0.9,""verification"":0.4}},{""role"":""executor"",""competence"":{""execution"":0.9,""verification"":0.5}},{""role"":""verifier"",""competence"":{""execution"":0.3,""verification"":0.95}}],""task"":""org-case-1"",""event"":""bounded charter permits creation of new roles/tools after validated discovery""}","{""real_multi_agent_required"":true,""evidence_bearing_handoff"":true,""frontier_expanding_org_instrument"":true}",protocol_components,1.0,0.65,external_org_trace_and_task_verifier,single_agent_substitution;lost_evidence;bad_routing;role_violation;self_promotion;org_regression,all lower O levels,protocol-bound,False,required,required,must report,O3+ requires evaluator/promoter separation outside the mutable organization.
O-OΩ-NEW_ORG_ST-02,O,OΩ,new_org_structure,2,multi_agent_protocol,OΩ New Org Structure #2,Run with separate real agent/process roles. Prompt role-play in one process does not satisfy O evidence.,"{""roles"":[{""role"":""planner"",""competence"":{""planning"":0.9,""verification"":0.4}},{""role"":""executor"",""competence"":{""execution"":0.9,""verification"":0.5}},{""role"":""verifier"",""competence"":{""execution"":0.3,""verification"":0.95}}],""task"":""org-case-2"",""event"":""bounded charter permits creation of new roles/tools after validated discovery""}","{""real_multi_agent_required"":true,""evidence_bearing_handoff"":true,""frontier_expanding_org_instrument"":true}",protocol_components,1.0,0.65,external_org_trace_and_task_verifier,single_agent_substitution;lost_evidence;bad_routing;role_violation;self_promotion;org_regression,all lower O levels,protocol-bound,False,required,required,must report,O3+ requires evaluator/promoter separation outside the mutable organization.
O-OΩ-NEW_ORG_ST-03,O,OΩ,new_org_structure,3,multi_agent_protocol,OΩ New Org Structure #3,Run with separate real agent/process roles. Prompt role-play in one process does not satisfy O evidence.,"{""roles"":[{""role"":""planner"",""competence"":{""planning"":0.9,""verification"":0.4}},{""role"":""executor"",""competence"":{""execution"":0.9,""verification"":0.5}},{""role"":""verifier"",""competence"":{""execution"":0.3,""verification"":0.95}}],""task"":""org-case-3"",""event"":""bounded charter permits creation of new roles/tools after validated discovery""}","{""real_multi_agent_required"":true,""evidence_bearing_handoff"":true,""frontier_expanding_org_instrument"":true}",protocol_components,1.0,0.65,external_org_trace_and_task_verifier,single_agent_substitution;lost_evidence;bad_routing;role_violation;self_promotion;org_regression,all lower O levels,protocol-bound,False,required,required,must report,O3+ requires evaluator/promoter separation outside the mutable organization.
O-OΩ-NEW_INSTRU-01,O,OΩ,new_instrument,1,multi_agent_protocol,OΩ New Instrument #1,Run with separate real agent/process roles. Prompt role-play in one process does not satisfy O evidence.,"{""roles"":[{""role"":""planner"",""competence"":{""planning"":0.9,""verification"":0.4}},{""role"":""executor"",""competence"":{""execution"":0.9,""verification"":0.5}},{""role"":""verifier"",""competence"":{""execution"":0.3,""verification"":0.95}}],""task"":""org-case-1"",""event"":""bounded charter permits creation of new roles/tools after validated discovery""}","{""real_multi_agent_required"":true,""evidence_bearing_handoff"":true,""frontier_expanding_org_instrument"":true}",protocol_components,1.0,0.65,external_org_trace_and_task_verifier,single_agent_substitution;lost_evidence;bad_routing;role_violation;self_promotion;org_regression,all lower O levels,protocol-bound,False,required,required,must report,O3+ requires evaluator/promoter separation outside the mutable organization.
O-OΩ-NEW_INSTRU-02,O,OΩ,new_instrument,2,multi_agent_protocol,OΩ New Instrument #2,Run with separate real agent/process roles. Prompt role-play in one process does not satisfy O evidence.,"{""roles"":[{""role"":""planner"",""competence"":{""planning"":0.9,""verification"":0.4}},{""role"":""executor"",""competence"":{""execution"":0.9,""verification"":0.5}},{""role"":""verifier"",""competence"":{""execution"":0.3,""verification"":0.95}}],""task"":""org-case-2"",""event"":""bounded charter permits creation of new roles/tools after validated discovery""}","{""real_multi_agent_required"":true,""evidence_bearing_handoff"":true,""frontier_expanding_org_instrument"":true}",protocol_components,1.0,0.65,external_org_trace_and_task_verifier,single_agent_substitution;lost_evidence;bad_routing;role_violation;self_promotion;org_regression,all lower O levels,protocol-bound,False,required,required,must report,O3+ requires evaluator/promoter separation outside the mutable organization.
O-OΩ-NEW_INSTRU-03,O,OΩ,new_instrument,3,multi_agent_protocol,OΩ New Instrument #3,Run with separate real agent/process roles. Prompt role-play in one process does not satisfy O evidence.,"{""roles"":[{""role"":""planner"",""competence"":{""planning"":0.9,""verification"":0.4}},{""role"":""executor"",""competence"":{""execution"":0.9,""verification"":0.5}},{""role"":""verifier"",""competence"":{""execution"":0.3,""verification"":0.95}}],""task"":""org-case-3"",""event"":""bounded charter permits creation of new roles/tools after validated discovery""}","{""real_multi_agent_required"":true,""evidence_bearing_handoff"":true,""frontier_expanding_org_instrument"":true}",protocol_components,1.0,0.65,external_org_trace_and_task_verifier,single_agent_substitution;lost_evidence;bad_routing;role_violation;self_promotion;org_regression,all lower O levels,protocol-bound,False,required,required,must report,O3+ requires evaluator/promoter separation outside the mutable organization.
O-OΩ-FRONTIER_E-01,O,OΩ,frontier_expansion,1,multi_agent_protocol,OΩ Frontier Expansion #1,Run with separate real agent/process roles. Prompt role-play in one process does not satisfy O evidence.,"{""roles"":[{""role"":""planner"",""competence"":{""planning"":0.9,""verification"":0.4}},{""role"":""executor"",""competence"":{""execution"":0.9,""verification"":0.5}},{""role"":""verifier"",""competence"":{""execution"":0.3,""verification"":0.95}}],""task"":""org-case-1"",""event"":""bounded charter permits creation of new roles/tools after validated discovery""}","{""real_multi_agent_required"":true,""evidence_bearing_handoff"":true,""frontier_expanding_org_instrument"":true}",protocol_components,1.0,0.65,external_org_trace_and_task_verifier,single_agent_substitution;lost_evidence;bad_routing;role_violation;self_promotion;org_regression,all lower O levels,protocol-bound,False,required,required,must report,O3+ requires evaluator/promoter separation outside the mutable organization.
O-OΩ-FRONTIER_E-02,O,OΩ,frontier_expansion,2,multi_agent_protocol,OΩ Frontier Expansion #2,Run with separate real agent/process roles. Prompt role-play in one process does not satisfy O evidence.,"{""roles"":[{""role"":""planner"",""competence"":{""planning"":0.9,""verification"":0.4}},{""role"":""executor"",""competence"":{""execution"":0.9,""verification"":0.5}},{""role"":""verifier"",""competence"":{""execution"":0.3,""verification"":0.95}}],""task"":""org-case-2"",""event"":""bounded charter permits creation of new roles/tools after validated discovery""}","{""real_multi_agent_required"":true,""evidence_bearing_handoff"":true,""frontier_expanding_org_instrument"":true}",protocol_components,1.0,0.65,external_org_trace_and_task_verifier,single_agent_substitution;lost_evidence;bad_routing;role_violation;self_promotion;org_regression,all lower O levels,protocol-bound,False,required,required,must report,O3+ requires evaluator/promoter separation outside the mutable organization.
O-OΩ-FRONTIER_E-03,O,OΩ,frontier_expansion,3,multi_agent_protocol,OΩ Frontier Expansion #3,Run with separate real agent/process roles. Prompt role-play in one process does not satisfy O evidence.,"{""roles"":[{""role"":""planner"",""competence"":{""planning"":0.9,""verification"":0.4}},{""role"":""executor"",""competence"":{""execution"":0.9,""verification"":0.5}},{""role"":""verifier"",""competence"":{""execution"":0.3,""verification"":0.95}}],""task"":""org-case-3"",""event"":""bounded charter permits creation of new roles/tools after validated discovery""}","{""real_multi_agent_required"":true,""evidence_bearing_handoff"":true,""frontier_expanding_org_instrument"":true}",protocol_components,1.0,0.65,external_org_trace_and_task_verifier,single_agent_substitution;lost_evidence;bad_routing;role_violation;self_promotion;org_regression,all lower O levels,protocol-bound,False,required,required,must report,O3+ requires evaluator/promoter separation outside the mutable organization.
O-OΩ-BOUNDED_CH-01,O,OΩ,bounded_charter,1,multi_agent_protocol,OΩ Bounded Charter #1,Run with separate real agent/process roles. Prompt role-play in one process does not satisfy O evidence.,"{""roles"":[{""role"":""planner"",""competence"":{""planning"":0.9,""verification"":0.4}},{""role"":""executor"",""competence"":{""execution"":0.9,""verification"":0.5}},{""role"":""verifier"",""competence"":{""execution"":0.3,""verification"":0.95}}],""task"":""org-case-1"",""event"":""bounded charter permits creation of new roles/tools after validated discovery""}","{""real_multi_agent_required"":true,""evidence_bearing_handoff"":true,""frontier_expanding_org_instrument"":true}",protocol_components,1.0,0.65,external_org_trace_and_task_verifier,single_agent_substitution;lost_evidence;bad_routing;role_violation;self_promotion;org_regression,all lower O levels,protocol-bound,False,required,required,must report,O3+ requires evaluator/promoter separation outside the mutable organization.
O-OΩ-BOUNDED_CH-02,O,OΩ,bounded_charter,2,multi_agent_protocol,OΩ Bounded Charter #2,Run with separate real agent/process roles. Prompt role-play in one process does not satisfy O evidence.,"{""roles"":[{""role"":""planner"",""competence"":{""planning"":0.9,""verification"":0.4}},{""role"":""executor"",""competence"":{""execution"":0.9,""verification"":0.5}},{""role"":""verifier"",""competence"":{""execution"":0.3,""verification"":0.95}}],""task"":""org-case-2"",""event"":""bounded charter permits creation of new roles/tools after validated discovery""}","{""real_multi_agent_required"":true,""evidence_bearing_handoff"":true,""frontier_expanding_org_instrument"":true}",protocol_components,1.0,0.65,external_org_trace_and_task_verifier,single_agent_substitution;lost_evidence;bad_routing;role_violation;self_promotion;org_regression,all lower O levels,protocol-bound,False,required,required,must report,O3+ requires evaluator/promoter separation outside the mutable organization.
O-OΩ-BOUNDED_CH-03,O,OΩ,bounded_charter,3,multi_agent_protocol,OΩ Bounded Charter #3,Run with separate real agent/process roles. Prompt role-play in one process does not satisfy O evidence.,"{""roles"":[{""role"":""planner"",""competence"":{""planning"":0.9,""verification"":0.4}},{""role"":""executor"",""competence"":{""execution"":0.9,""verification"":0.5}},{""role"":""verifier"",""competence"":{""execution"":0.3,""verification"":0.95}}],""task"":""org-case-3"",""event"":""bounded charter permits creation of new roles/tools after validated discovery""}","{""real_multi_agent_required"":true,""evidence_bearing_handoff"":true,""frontier_expanding_org_instrument"":true}",protocol_components,1.0,0.65,external_org_trace_and_task_verifier,single_agent_substitution;lost_evidence;bad_routing;role_violation;self_promotion;org_regression,all lower O levels,protocol-bound,False,required,required,must report,O3+ requires evaluator/promoter separation outside the mutable organization.
O-OΩ-OPEN_LINEA-01,O,OΩ,open_lineage,1,multi_agent_protocol,OΩ Open Lineage #1,Run with separate real agent/process roles. Prompt role-play in one process does not satisfy O evidence.,"{""roles"":[{""role"":""planner"",""competence"":{""planning"":0.9,""verification"":0.4}},{""role"":""executor"",""competence"":{""execution"":0.9,""verification"":0.5}},{""role"":""verifier"",""competence"":{""execution"":0.3,""verification"":0.95}}],""task"":""org-case-1"",""event"":""bounded charter permits creation of new roles/tools after validated discovery""}","{""real_multi_agent_required"":true,""evidence_bearing_handoff"":true,""frontier_expanding_org_instrument"":true}",protocol_components,1.0,0.65,external_org_trace_and_task_verifier,single_agent_substitution;lost_evidence;bad_routing;role_violation;self_promotion;org_regression,all lower O levels,protocol-bound,False,required,required,must report,O3+ requires evaluator/promoter separation outside the mutable organization.
O-OΩ-OPEN_LINEA-02,O,OΩ,open_lineage,2,multi_agent_protocol,OΩ Open Lineage #2,Run with separate real agent/process roles. Prompt role-play in one process does not satisfy O evidence.,"{""roles"":[{""role"":""planner"",""competence"":{""planning"":0.9,""verification"":0.4}},{""role"":""executor"",""competence"":{""execution"":0.9,""verification"":0.5}},{""role"":""verifier"",""competence"":{""execution"":0.3,""verification"":0.95}}],""task"":""org-case-2"",""event"":""bounded charter permits creation of new roles/tools after validated discovery""}","{""real_multi_agent_required"":true,""evidence_bearing_handoff"":true,""frontier_expanding_org_instrument"":true}",protocol_components,1.0,0.65,external_org_trace_and_task_verifier,single_agent_substitution;lost_evidence;bad_routing;role_violation;self_promotion;org_regression,all lower O levels,protocol-bound,False,required,required,must report,O3+ requires evaluator/promoter separation outside the mutable organization.
O-OΩ-OPEN_LINEA-03,O,OΩ,open_lineage,3,multi_agent_protocol,OΩ Open Lineage #3,Run with separate real agent/process roles. Prompt role-play in one process does not satisfy O evidence.,"{""roles"":[{""role"":""planner"",""competence"":{""planning"":0.9,""verification"":0.4}},{""role"":""executor"",""competence"":{""execution"":0.9,""verification"":0.5}},{""role"":""verifier"",""competence"":{""execution"":0.3,""verification"":0.95}}],""task"":""org-case-3"",""event"":""bounded charter permits creation of new roles/tools after validated discovery""}","{""real_multi_agent_required"":true,""evidence_bearing_handoff"":true,""frontier_expanding_org_instrument"":true}",protocol_components,1.0,0.65,external_org_trace_and_task_verifier,single_agent_substitution;lost_evidence;bad_routing;role_violation;self_promotion;org_regression,all lower O levels,protocol-bound,False,required,required,must report,O3+ requires evaluator/promoter separation outside the mutable organization.
