item_id,coordinate,coordinate_status,target_level,family,variant,benchmark_kind,title,prompt,session_1_json,session_2_json,expected_json,scoring_type,max_score,pass_threshold,verifier,failure_modes,retention_requirements,binding_status,certification_ready,spec_key_test,concordance_audit,headroom_status,notes
M-M0-WORKING_CONT-01,M,supporting,M0,working_context,1,ephemeral_control,M0 Working Context #1,Evaluate Memory Capability independently from Individual Intelligence. Use genuine process/context discontinuity for M1+ where persistence is claimed.,"{""active_context"":{""key"":""k1"",""value"":1},""terminate_after"":true}","{""new_episode"":true,""query"":""Do not claim durable state unless explicitly persisted.""}","{""persistent_state_required"":false,""unsupported_persistence_claim_forbidden"":true}",exact_or_components,1.0,0.9,external_memory_state_and_outcome_verifier,state_loss;irrelevant_retrieval;bad_provenance;temporal_error;stale_intrusion;bad_consolidation;memory_corruption;self_certification,all lower M levels,bound,True,required,required on identical cross-tier failures,must report,M is independently measured and excluded from default HLIS. High M does not by itself promote I.
M-M0-WORKING_CONT-02,M,supporting,M0,working_context,2,ephemeral_control,M0 Working Context #2,Evaluate Memory Capability independently from Individual Intelligence. Use genuine process/context discontinuity for M1+ where persistence is claimed.,"{""active_context"":{""key"":""k2"",""value"":2},""terminate_after"":true}","{""new_episode"":true,""query"":""Do not claim durable state unless explicitly persisted.""}","{""persistent_state_required"":false,""unsupported_persistence_claim_forbidden"":true}",exact_or_components,1.0,0.9,external_memory_state_and_outcome_verifier,state_loss;irrelevant_retrieval;bad_provenance;temporal_error;stale_intrusion;bad_consolidation;memory_corruption;self_certification,all lower M levels,bound,True,required,required on identical cross-tier failures,must report,M is independently measured and excluded from default HLIS. High M does not by itself promote I.
M-M0-WORKING_CONT-03,M,supporting,M0,working_context,3,ephemeral_control,M0 Working Context #3,Evaluate Memory Capability independently from Individual Intelligence. Use genuine process/context discontinuity for M1+ where persistence is claimed.,"{""active_context"":{""key"":""k3"",""value"":3},""terminate_after"":true}","{""new_episode"":true,""query"":""Do not claim durable state unless explicitly persisted.""}","{""persistent_state_required"":false,""unsupported_persistence_claim_forbidden"":true}",exact_or_components,1.0,0.9,external_memory_state_and_outcome_verifier,state_loss;irrelevant_retrieval;bad_provenance;temporal_error;stale_intrusion;bad_consolidation;memory_corruption;self_certification,all lower M levels,bound,True,required,required on identical cross-tier failures,must report,M is independently measured and excluded from default HLIS. High M does not by itself promote I.
M-M0-WORKING_CONT-04,M,supporting,M0,working_context,4,ephemeral_control,M0 Working Context #4,Evaluate Memory Capability independently from Individual Intelligence. Use genuine process/context discontinuity for M1+ where persistence is claimed.,"{""active_context"":{""key"":""k4"",""value"":4},""terminate_after"":true}","{""new_episode"":true,""query"":""Do not claim durable state unless explicitly persisted.""}","{""persistent_state_required"":false,""unsupported_persistence_claim_forbidden"":true}",exact_or_components,1.0,0.9,external_memory_state_and_outcome_verifier,state_loss;irrelevant_retrieval;bad_provenance;temporal_error;stale_intrusion;bad_consolidation;memory_corruption;self_certification,all lower M levels,bound,True,required,required on identical cross-tier failures,must report,M is independently measured and excluded from default HLIS. High M does not by itself promote I.
M-M0-STATE_ABSENC-01,M,supporting,M0,state_absence,1,ephemeral_control,M0 State Absence #1,Evaluate Memory Capability independently from Individual Intelligence. Use genuine process/context discontinuity for M1+ where persistence is claimed.,"{""active_context"":{""key"":""k1"",""value"":1},""terminate_after"":true}","{""new_episode"":true,""query"":""Do not claim durable state unless explicitly persisted.""}","{""persistent_state_required"":false,""unsupported_persistence_claim_forbidden"":true}",exact_or_components,1.0,0.9,external_memory_state_and_outcome_verifier,state_loss;irrelevant_retrieval;bad_provenance;temporal_error;stale_intrusion;bad_consolidation;memory_corruption;self_certification,all lower M levels,bound,True,required,required on identical cross-tier failures,must report,M is independently measured and excluded from default HLIS. High M does not by itself promote I.
M-M0-STATE_ABSENC-02,M,supporting,M0,state_absence,2,ephemeral_control,M0 State Absence #2,Evaluate Memory Capability independently from Individual Intelligence. Use genuine process/context discontinuity for M1+ where persistence is claimed.,"{""active_context"":{""key"":""k2"",""value"":2},""terminate_after"":true}","{""new_episode"":true,""query"":""Do not claim durable state unless explicitly persisted.""}","{""persistent_state_required"":false,""unsupported_persistence_claim_forbidden"":true}",exact_or_components,1.0,0.9,external_memory_state_and_outcome_verifier,state_loss;irrelevant_retrieval;bad_provenance;temporal_error;stale_intrusion;bad_consolidation;memory_corruption;self_certification,all lower M levels,bound,True,required,required on identical cross-tier failures,must report,M is independently measured and excluded from default HLIS. High M does not by itself promote I.
M-M0-STATE_ABSENC-03,M,supporting,M0,state_absence,3,ephemeral_control,M0 State Absence #3,Evaluate Memory Capability independently from Individual Intelligence. Use genuine process/context discontinuity for M1+ where persistence is claimed.,"{""active_context"":{""key"":""k3"",""value"":3},""terminate_after"":true}","{""new_episode"":true,""query"":""Do not claim durable state unless explicitly persisted.""}","{""persistent_state_required"":false,""unsupported_persistence_claim_forbidden"":true}",exact_or_components,1.0,0.9,external_memory_state_and_outcome_verifier,state_loss;irrelevant_retrieval;bad_provenance;temporal_error;stale_intrusion;bad_consolidation;memory_corruption;self_certification,all lower M levels,bound,True,required,required on identical cross-tier failures,must report,M is independently measured and excluded from default HLIS. High M does not by itself promote I.
M-M0-STATE_ABSENC-04,M,supporting,M0,state_absence,4,ephemeral_control,M0 State Absence #4,Evaluate Memory Capability independently from Individual Intelligence. Use genuine process/context discontinuity for M1+ where persistence is claimed.,"{""active_context"":{""key"":""k4"",""value"":4},""terminate_after"":true}","{""new_episode"":true,""query"":""Do not claim durable state unless explicitly persisted.""}","{""persistent_state_required"":false,""unsupported_persistence_claim_forbidden"":true}",exact_or_components,1.0,0.9,external_memory_state_and_outcome_verifier,state_loss;irrelevant_retrieval;bad_provenance;temporal_error;stale_intrusion;bad_consolidation;memory_corruption;self_certification,all lower M levels,bound,True,required,required on identical cross-tier failures,must report,M is independently measured and excluded from default HLIS. High M does not by itself promote I.
M-M0-NO_PERSISTEN-01,M,supporting,M0,no_persistence_claim,1,ephemeral_control,M0 No Persistence Claim #1,Evaluate Memory Capability independently from Individual Intelligence. Use genuine process/context discontinuity for M1+ where persistence is claimed.,"{""active_context"":{""key"":""k1"",""value"":1},""terminate_after"":true}","{""new_episode"":true,""query"":""Do not claim durable state unless explicitly persisted.""}","{""persistent_state_required"":false,""unsupported_persistence_claim_forbidden"":true}",exact_or_components,1.0,0.9,external_memory_state_and_outcome_verifier,state_loss;irrelevant_retrieval;bad_provenance;temporal_error;stale_intrusion;bad_consolidation;memory_corruption;self_certification,all lower M levels,bound,True,required,required on identical cross-tier failures,must report,M is independently measured and excluded from default HLIS. High M does not by itself promote I.
M-M0-NO_PERSISTEN-02,M,supporting,M0,no_persistence_claim,2,ephemeral_control,M0 No Persistence Claim #2,Evaluate Memory Capability independently from Individual Intelligence. Use genuine process/context discontinuity for M1+ where persistence is claimed.,"{""active_context"":{""key"":""k2"",""value"":2},""terminate_after"":true}","{""new_episode"":true,""query"":""Do not claim durable state unless explicitly persisted.""}","{""persistent_state_required"":false,""unsupported_persistence_claim_forbidden"":true}",exact_or_components,1.0,0.9,external_memory_state_and_outcome_verifier,state_loss;irrelevant_retrieval;bad_provenance;temporal_error;stale_intrusion;bad_consolidation;memory_corruption;self_certification,all lower M levels,bound,True,required,required on identical cross-tier failures,must report,M is independently measured and excluded from default HLIS. High M does not by itself promote I.
M-M0-NO_PERSISTEN-03,M,supporting,M0,no_persistence_claim,3,ephemeral_control,M0 No Persistence Claim #3,Evaluate Memory Capability independently from Individual Intelligence. Use genuine process/context discontinuity for M1+ where persistence is claimed.,"{""active_context"":{""key"":""k3"",""value"":3},""terminate_after"":true}","{""new_episode"":true,""query"":""Do not claim durable state unless explicitly persisted.""}","{""persistent_state_required"":false,""unsupported_persistence_claim_forbidden"":true}",exact_or_components,1.0,0.9,external_memory_state_and_outcome_verifier,state_loss;irrelevant_retrieval;bad_provenance;temporal_error;stale_intrusion;bad_consolidation;memory_corruption;self_certification,all lower M levels,bound,True,required,required on identical cross-tier failures,must report,M is independently measured and excluded from default HLIS. High M does not by itself promote I.
M-M0-NO_PERSISTEN-04,M,supporting,M0,no_persistence_claim,4,ephemeral_control,M0 No Persistence Claim #4,Evaluate Memory Capability independently from Individual Intelligence. Use genuine process/context discontinuity for M1+ where persistence is claimed.,"{""active_context"":{""key"":""k4"",""value"":4},""terminate_after"":true}","{""new_episode"":true,""query"":""Do not claim durable state unless explicitly persisted.""}","{""persistent_state_required"":false,""unsupported_persistence_claim_forbidden"":true}",exact_or_components,1.0,0.9,external_memory_state_and_outcome_verifier,state_loss;irrelevant_retrieval;bad_provenance;temporal_error;stale_intrusion;bad_consolidation;memory_corruption;self_certification,all lower M levels,bound,True,required,required on identical cross-tier failures,must report,M is independently measured and excluded from default HLIS. High M does not by itself promote I.
M-M0-SAME_EPISODE-01,M,supporting,M0,same_episode_recall,1,ephemeral_control,M0 Same Episode Recall #1,Evaluate Memory Capability independently from Individual Intelligence. Use genuine process/context discontinuity for M1+ where persistence is claimed.,"{""active_context"":{""key"":""k1"",""value"":1},""terminate_after"":true}","{""new_episode"":true,""query"":""Do not claim durable state unless explicitly persisted.""}","{""persistent_state_required"":false,""unsupported_persistence_claim_forbidden"":true}",exact_or_components,1.0,0.9,external_memory_state_and_outcome_verifier,state_loss;irrelevant_retrieval;bad_provenance;temporal_error;stale_intrusion;bad_consolidation;memory_corruption;self_certification,all lower M levels,bound,True,required,required on identical cross-tier failures,must report,M is independently measured and excluded from default HLIS. High M does not by itself promote I.
M-M0-SAME_EPISODE-02,M,supporting,M0,same_episode_recall,2,ephemeral_control,M0 Same Episode Recall #2,Evaluate Memory Capability independently from Individual Intelligence. Use genuine process/context discontinuity for M1+ where persistence is claimed.,"{""active_context"":{""key"":""k2"",""value"":2},""terminate_after"":true}","{""new_episode"":true,""query"":""Do not claim durable state unless explicitly persisted.""}","{""persistent_state_required"":false,""unsupported_persistence_claim_forbidden"":true}",exact_or_components,1.0,0.9,external_memory_state_and_outcome_verifier,state_loss;irrelevant_retrieval;bad_provenance;temporal_error;stale_intrusion;bad_consolidation;memory_corruption;self_certification,all lower M levels,bound,True,required,required on identical cross-tier failures,must report,M is independently measured and excluded from default HLIS. High M does not by itself promote I.
M-M0-SAME_EPISODE-03,M,supporting,M0,same_episode_recall,3,ephemeral_control,M0 Same Episode Recall #3,Evaluate Memory Capability independently from Individual Intelligence. Use genuine process/context discontinuity for M1+ where persistence is claimed.,"{""active_context"":{""key"":""k3"",""value"":3},""terminate_after"":true}","{""new_episode"":true,""query"":""Do not claim durable state unless explicitly persisted.""}","{""persistent_state_required"":false,""unsupported_persistence_claim_forbidden"":true}",exact_or_components,1.0,0.9,external_memory_state_and_outcome_verifier,state_loss;irrelevant_retrieval;bad_provenance;temporal_error;stale_intrusion;bad_consolidation;memory_corruption;self_certification,all lower M levels,bound,True,required,required on identical cross-tier failures,must report,M is independently measured and excluded from default HLIS. High M does not by itself promote I.
M-M0-SAME_EPISODE-04,M,supporting,M0,same_episode_recall,4,ephemeral_control,M0 Same Episode Recall #4,Evaluate Memory Capability independently from Individual Intelligence. Use genuine process/context discontinuity for M1+ where persistence is claimed.,"{""active_context"":{""key"":""k4"",""value"":4},""terminate_after"":true}","{""new_episode"":true,""query"":""Do not claim durable state unless explicitly persisted.""}","{""persistent_state_required"":false,""unsupported_persistence_claim_forbidden"":true}",exact_or_components,1.0,0.9,external_memory_state_and_outcome_verifier,state_loss;irrelevant_retrieval;bad_provenance;temporal_error;stale_intrusion;bad_consolidation;memory_corruption;self_certification,all lower M levels,bound,True,required,required on identical cross-tier failures,must report,M is independently measured and excluded from default HLIS. High M does not by itself promote I.
M-M0-CONTEXT_BOUN-01,M,supporting,M0,context_boundary,1,ephemeral_control,M0 Context Boundary #1,Evaluate Memory Capability independently from Individual Intelligence. Use genuine process/context discontinuity for M1+ where persistence is claimed.,"{""active_context"":{""key"":""k1"",""value"":1},""terminate_after"":true}","{""new_episode"":true,""query"":""Do not claim durable state unless explicitly persisted.""}","{""persistent_state_required"":false,""unsupported_persistence_claim_forbidden"":true}",exact_or_components,1.0,0.9,external_memory_state_and_outcome_verifier,state_loss;irrelevant_retrieval;bad_provenance;temporal_error;stale_intrusion;bad_consolidation;memory_corruption;self_certification,all lower M levels,bound,True,required,required on identical cross-tier failures,must report,M is independently measured and excluded from default HLIS. High M does not by itself promote I.
M-M0-CONTEXT_BOUN-02,M,supporting,M0,context_boundary,2,ephemeral_control,M0 Context Boundary #2,Evaluate Memory Capability independently from Individual Intelligence. Use genuine process/context discontinuity for M1+ where persistence is claimed.,"{""active_context"":{""key"":""k2"",""value"":2},""terminate_after"":true}","{""new_episode"":true,""query"":""Do not claim durable state unless explicitly persisted.""}","{""persistent_state_required"":false,""unsupported_persistence_claim_forbidden"":true}",exact_or_components,1.0,0.9,external_memory_state_and_outcome_verifier,state_loss;irrelevant_retrieval;bad_provenance;temporal_error;stale_intrusion;bad_consolidation;memory_corruption;self_certification,all lower M levels,bound,True,required,required on identical cross-tier failures,must report,M is independently measured and excluded from default HLIS. High M does not by itself promote I.
M-M0-CONTEXT_BOUN-03,M,supporting,M0,context_boundary,3,ephemeral_control,M0 Context Boundary #3,Evaluate Memory Capability independently from Individual Intelligence. Use genuine process/context discontinuity for M1+ where persistence is claimed.,"{""active_context"":{""key"":""k3"",""value"":3},""terminate_after"":true}","{""new_episode"":true,""query"":""Do not claim durable state unless explicitly persisted.""}","{""persistent_state_required"":false,""unsupported_persistence_claim_forbidden"":true}",exact_or_components,1.0,0.9,external_memory_state_and_outcome_verifier,state_loss;irrelevant_retrieval;bad_provenance;temporal_error;stale_intrusion;bad_consolidation;memory_corruption;self_certification,all lower M levels,bound,True,required,required on identical cross-tier failures,must report,M is independently measured and excluded from default HLIS. High M does not by itself promote I.
M-M0-CONTEXT_BOUN-04,M,supporting,M0,context_boundary,4,ephemeral_control,M0 Context Boundary #4,Evaluate Memory Capability independently from Individual Intelligence. Use genuine process/context discontinuity for M1+ where persistence is claimed.,"{""active_context"":{""key"":""k4"",""value"":4},""terminate_after"":true}","{""new_episode"":true,""query"":""Do not claim durable state unless explicitly persisted.""}","{""persistent_state_required"":false,""unsupported_persistence_claim_forbidden"":true}",exact_or_components,1.0,0.9,external_memory_state_and_outcome_verifier,state_loss;irrelevant_retrieval;bad_provenance;temporal_error;stale_intrusion;bad_consolidation;memory_corruption;self_certification,all lower M levels,bound,True,required,required on identical cross-tier failures,must report,M is independently measured and excluded from default HLIS. High M does not by itself promote I.
M-M0-EPHEMERAL_CO-01,M,supporting,M0,ephemeral_control,1,ephemeral_control,M0 Ephemeral Control #1,Evaluate Memory Capability independently from Individual Intelligence. Use genuine process/context discontinuity for M1+ where persistence is claimed.,"{""active_context"":{""key"":""k1"",""value"":1},""terminate_after"":true}","{""new_episode"":true,""query"":""Do not claim durable state unless explicitly persisted.""}","{""persistent_state_required"":false,""unsupported_persistence_claim_forbidden"":true}",exact_or_components,1.0,0.9,external_memory_state_and_outcome_verifier,state_loss;irrelevant_retrieval;bad_provenance;temporal_error;stale_intrusion;bad_consolidation;memory_corruption;self_certification,all lower M levels,bound,True,required,required on identical cross-tier failures,must report,M is independently measured and excluded from default HLIS. High M does not by itself promote I.
M-M0-EPHEMERAL_CO-02,M,supporting,M0,ephemeral_control,2,ephemeral_control,M0 Ephemeral Control #2,Evaluate Memory Capability independently from Individual Intelligence. Use genuine process/context discontinuity for M1+ where persistence is claimed.,"{""active_context"":{""key"":""k2"",""value"":2},""terminate_after"":true}","{""new_episode"":true,""query"":""Do not claim durable state unless explicitly persisted.""}","{""persistent_state_required"":false,""unsupported_persistence_claim_forbidden"":true}",exact_or_components,1.0,0.9,external_memory_state_and_outcome_verifier,state_loss;irrelevant_retrieval;bad_provenance;temporal_error;stale_intrusion;bad_consolidation;memory_corruption;self_certification,all lower M levels,bound,True,required,required on identical cross-tier failures,must report,M is independently measured and excluded from default HLIS. High M does not by itself promote I.
M-M0-EPHEMERAL_CO-03,M,supporting,M0,ephemeral_control,3,ephemeral_control,M0 Ephemeral Control #3,Evaluate Memory Capability independently from Individual Intelligence. Use genuine process/context discontinuity for M1+ where persistence is claimed.,"{""active_context"":{""key"":""k3"",""value"":3},""terminate_after"":true}","{""new_episode"":true,""query"":""Do not claim durable state unless explicitly persisted.""}","{""persistent_state_required"":false,""unsupported_persistence_claim_forbidden"":true}",exact_or_components,1.0,0.9,external_memory_state_and_outcome_verifier,state_loss;irrelevant_retrieval;bad_provenance;temporal_error;stale_intrusion;bad_consolidation;memory_corruption;self_certification,all lower M levels,bound,True,required,required on identical cross-tier failures,must report,M is independently measured and excluded from default HLIS. High M does not by itself promote I.
M-M0-EPHEMERAL_CO-04,M,supporting,M0,ephemeral_control,4,ephemeral_control,M0 Ephemeral Control #4,Evaluate Memory Capability independently from Individual Intelligence. Use genuine process/context discontinuity for M1+ where persistence is claimed.,"{""active_context"":{""key"":""k4"",""value"":4},""terminate_after"":true}","{""new_episode"":true,""query"":""Do not claim durable state unless explicitly persisted.""}","{""persistent_state_required"":false,""unsupported_persistence_claim_forbidden"":true}",exact_or_components,1.0,0.9,external_memory_state_and_outcome_verifier,state_loss;irrelevant_retrieval;bad_provenance;temporal_error;stale_intrusion;bad_consolidation;memory_corruption;self_certification,all lower M levels,bound,True,required,required on identical cross-tier failures,must report,M is independently measured and excluded from default HLIS. High M does not by itself promote I.
M-M1-DURABLE_WRIT-01,M,supporting,M1,durable_write_read,1,restart_memory,M1 Durable Write Read #1,Evaluate Memory Capability independently from Individual Intelligence. Use genuine process/context discontinuity for M1+ where persistence is claimed.,"{""persist"":{""project"":""P1"",""checkpoint"":1,""token"":""evidence-1""},""terminate_process"":true}","{""restart"":true,""query"":""Recover exactly the explicitly persisted project/checkpoint/token.""}","{""project"":""P1"",""checkpoint"":1,""token"":""evidence-1""}",exact_or_components,1.0,0.9,external_memory_state_and_outcome_verifier,state_loss;irrelevant_retrieval;bad_provenance;temporal_error;stale_intrusion;bad_consolidation;memory_corruption;self_certification,all lower M levels,bound,True,required,required on identical cross-tier failures,must report,M is independently measured and excluded from default HLIS. High M does not by itself promote I.
M-M1-DURABLE_WRIT-02,M,supporting,M1,durable_write_read,2,restart_memory,M1 Durable Write Read #2,Evaluate Memory Capability independently from Individual Intelligence. Use genuine process/context discontinuity for M1+ where persistence is claimed.,"{""persist"":{""project"":""P2"",""checkpoint"":2,""token"":""evidence-2""},""terminate_process"":true}","{""restart"":true,""query"":""Recover exactly the explicitly persisted project/checkpoint/token.""}","{""project"":""P2"",""checkpoint"":2,""token"":""evidence-2""}",exact_or_components,1.0,0.9,external_memory_state_and_outcome_verifier,state_loss;irrelevant_retrieval;bad_provenance;temporal_error;stale_intrusion;bad_consolidation;memory_corruption;self_certification,all lower M levels,bound,True,required,required on identical cross-tier failures,must report,M is independently measured and excluded from default HLIS. High M does not by itself promote I.
M-M1-DURABLE_WRIT-03,M,supporting,M1,durable_write_read,3,restart_memory,M1 Durable Write Read #3,Evaluate Memory Capability independently from Individual Intelligence. Use genuine process/context discontinuity for M1+ where persistence is claimed.,"{""persist"":{""project"":""P3"",""checkpoint"":3,""token"":""evidence-3""},""terminate_process"":true}","{""restart"":true,""query"":""Recover exactly the explicitly persisted project/checkpoint/token.""}","{""project"":""P3"",""checkpoint"":3,""token"":""evidence-3""}",exact_or_components,1.0,0.9,external_memory_state_and_outcome_verifier,state_loss;irrelevant_retrieval;bad_provenance;temporal_error;stale_intrusion;bad_consolidation;memory_corruption;self_certification,all lower M levels,bound,True,required,required on identical cross-tier failures,must report,M is independently measured and excluded from default HLIS. High M does not by itself promote I.
M-M1-DURABLE_WRIT-04,M,supporting,M1,durable_write_read,4,restart_memory,M1 Durable Write Read #4,Evaluate Memory Capability independently from Individual Intelligence. Use genuine process/context discontinuity for M1+ where persistence is claimed.,"{""persist"":{""project"":""P4"",""checkpoint"":4,""token"":""evidence-4""},""terminate_process"":true}","{""restart"":true,""query"":""Recover exactly the explicitly persisted project/checkpoint/token.""}","{""project"":""P4"",""checkpoint"":4,""token"":""evidence-4""}",exact_or_components,1.0,0.9,external_memory_state_and_outcome_verifier,state_loss;irrelevant_retrieval;bad_provenance;temporal_error;stale_intrusion;bad_consolidation;memory_corruption;self_certification,all lower M levels,bound,True,required,required on identical cross-tier failures,must report,M is independently measured and excluded from default HLIS. High M does not by itself promote I.
M-M1-RESTART_RECA-01,M,supporting,M1,restart_recall,1,restart_memory,M1 Restart Recall #1,Evaluate Memory Capability independently from Individual Intelligence. Use genuine process/context discontinuity for M1+ where persistence is claimed.,"{""persist"":{""project"":""P1"",""checkpoint"":1,""token"":""evidence-1""},""terminate_process"":true}","{""restart"":true,""query"":""Recover exactly the explicitly persisted project/checkpoint/token.""}","{""project"":""P1"",""checkpoint"":1,""token"":""evidence-1""}",exact_or_components,1.0,0.9,external_memory_state_and_outcome_verifier,state_loss;irrelevant_retrieval;bad_provenance;temporal_error;stale_intrusion;bad_consolidation;memory_corruption;self_certification,all lower M levels,bound,True,required,required on identical cross-tier failures,must report,M is independently measured and excluded from default HLIS. High M does not by itself promote I.
M-M1-RESTART_RECA-02,M,supporting,M1,restart_recall,2,restart_memory,M1 Restart Recall #2,Evaluate Memory Capability independently from Individual Intelligence. Use genuine process/context discontinuity for M1+ where persistence is claimed.,"{""persist"":{""project"":""P2"",""checkpoint"":2,""token"":""evidence-2""},""terminate_process"":true}","{""restart"":true,""query"":""Recover exactly the explicitly persisted project/checkpoint/token.""}","{""project"":""P2"",""checkpoint"":2,""token"":""evidence-2""}",exact_or_components,1.0,0.9,external_memory_state_and_outcome_verifier,state_loss;irrelevant_retrieval;bad_provenance;temporal_error;stale_intrusion;bad_consolidation;memory_corruption;self_certification,all lower M levels,bound,True,required,required on identical cross-tier failures,must report,M is independently measured and excluded from default HLIS. High M does not by itself promote I.
M-M1-RESTART_RECA-03,M,supporting,M1,restart_recall,3,restart_memory,M1 Restart Recall #3,Evaluate Memory Capability independently from Individual Intelligence. Use genuine process/context discontinuity for M1+ where persistence is claimed.,"{""persist"":{""project"":""P3"",""checkpoint"":3,""token"":""evidence-3""},""terminate_process"":true}","{""restart"":true,""query"":""Recover exactly the explicitly persisted project/checkpoint/token.""}","{""project"":""P3"",""checkpoint"":3,""token"":""evidence-3""}",exact_or_components,1.0,0.9,external_memory_state_and_outcome_verifier,state_loss;irrelevant_retrieval;bad_provenance;temporal_error;stale_intrusion;bad_consolidation;memory_corruption;self_certification,all lower M levels,bound,True,required,required on identical cross-tier failures,must report,M is independently measured and excluded from default HLIS. High M does not by itself promote I.
M-M1-RESTART_RECA-04,M,supporting,M1,restart_recall,4,restart_memory,M1 Restart Recall #4,Evaluate Memory Capability independently from Individual Intelligence. Use genuine process/context discontinuity for M1+ where persistence is claimed.,"{""persist"":{""project"":""P4"",""checkpoint"":4,""token"":""evidence-4""},""terminate_process"":true}","{""restart"":true,""query"":""Recover exactly the explicitly persisted project/checkpoint/token.""}","{""project"":""P4"",""checkpoint"":4,""token"":""evidence-4""}",exact_or_components,1.0,0.9,external_memory_state_and_outcome_verifier,state_loss;irrelevant_retrieval;bad_provenance;temporal_error;stale_intrusion;bad_consolidation;memory_corruption;self_certification,all lower M levels,bound,True,required,required on identical cross-tier failures,must report,M is independently measured and excluded from default HLIS. High M does not by itself promote I.
M-M1-CHECKPOINT_R-01,M,supporting,M1,checkpoint_restore,1,restart_memory,M1 Checkpoint Restore #1,Evaluate Memory Capability independently from Individual Intelligence. Use genuine process/context discontinuity for M1+ where persistence is claimed.,"{""persist"":{""project"":""P1"",""checkpoint"":1,""token"":""evidence-1""},""terminate_process"":true}","{""restart"":true,""query"":""Recover exactly the explicitly persisted project/checkpoint/token.""}","{""project"":""P1"",""checkpoint"":1,""token"":""evidence-1""}",exact_or_components,1.0,0.9,external_memory_state_and_outcome_verifier,state_loss;irrelevant_retrieval;bad_provenance;temporal_error;stale_intrusion;bad_consolidation;memory_corruption;self_certification,all lower M levels,bound,True,required,required on identical cross-tier failures,must report,M is independently measured and excluded from default HLIS. High M does not by itself promote I.
M-M1-CHECKPOINT_R-02,M,supporting,M1,checkpoint_restore,2,restart_memory,M1 Checkpoint Restore #2,Evaluate Memory Capability independently from Individual Intelligence. Use genuine process/context discontinuity for M1+ where persistence is claimed.,"{""persist"":{""project"":""P2"",""checkpoint"":2,""token"":""evidence-2""},""terminate_process"":true}","{""restart"":true,""query"":""Recover exactly the explicitly persisted project/checkpoint/token.""}","{""project"":""P2"",""checkpoint"":2,""token"":""evidence-2""}",exact_or_components,1.0,0.9,external_memory_state_and_outcome_verifier,state_loss;irrelevant_retrieval;bad_provenance;temporal_error;stale_intrusion;bad_consolidation;memory_corruption;self_certification,all lower M levels,bound,True,required,required on identical cross-tier failures,must report,M is independently measured and excluded from default HLIS. High M does not by itself promote I.
M-M1-CHECKPOINT_R-03,M,supporting,M1,checkpoint_restore,3,restart_memory,M1 Checkpoint Restore #3,Evaluate Memory Capability independently from Individual Intelligence. Use genuine process/context discontinuity for M1+ where persistence is claimed.,"{""persist"":{""project"":""P3"",""checkpoint"":3,""token"":""evidence-3""},""terminate_process"":true}","{""restart"":true,""query"":""Recover exactly the explicitly persisted project/checkpoint/token.""}","{""project"":""P3"",""checkpoint"":3,""token"":""evidence-3""}",exact_or_components,1.0,0.9,external_memory_state_and_outcome_verifier,state_loss;irrelevant_retrieval;bad_provenance;temporal_error;stale_intrusion;bad_consolidation;memory_corruption;self_certification,all lower M levels,bound,True,required,required on identical cross-tier failures,must report,M is independently measured and excluded from default HLIS. High M does not by itself promote I.
M-M1-CHECKPOINT_R-04,M,supporting,M1,checkpoint_restore,4,restart_memory,M1 Checkpoint Restore #4,Evaluate Memory Capability independently from Individual Intelligence. Use genuine process/context discontinuity for M1+ where persistence is claimed.,"{""persist"":{""project"":""P4"",""checkpoint"":4,""token"":""evidence-4""},""terminate_process"":true}","{""restart"":true,""query"":""Recover exactly the explicitly persisted project/checkpoint/token.""}","{""project"":""P4"",""checkpoint"":4,""token"":""evidence-4""}",exact_or_components,1.0,0.9,external_memory_state_and_outcome_verifier,state_loss;irrelevant_retrieval;bad_provenance;temporal_error;stale_intrusion;bad_consolidation;memory_corruption;self_certification,all lower M levels,bound,True,required,required on identical cross-tier failures,must report,M is independently measured and excluded from default HLIS. High M does not by itself promote I.
M-M1-PERSISTENCE_-01,M,supporting,M1,persistence_integrity,1,restart_memory,M1 Persistence Integrity #1,Evaluate Memory Capability independently from Individual Intelligence. Use genuine process/context discontinuity for M1+ where persistence is claimed.,"{""persist"":{""project"":""P1"",""checkpoint"":1,""token"":""evidence-1""},""terminate_process"":true}","{""restart"":true,""query"":""Recover exactly the explicitly persisted project/checkpoint/token.""}","{""project"":""P1"",""checkpoint"":1,""token"":""evidence-1""}",exact_or_components,1.0,0.9,external_memory_state_and_outcome_verifier,state_loss;irrelevant_retrieval;bad_provenance;temporal_error;stale_intrusion;bad_consolidation;memory_corruption;self_certification,all lower M levels,bound,True,required,required on identical cross-tier failures,must report,M is independently measured and excluded from default HLIS. High M does not by itself promote I.
M-M1-PERSISTENCE_-02,M,supporting,M1,persistence_integrity,2,restart_memory,M1 Persistence Integrity #2,Evaluate Memory Capability independently from Individual Intelligence. Use genuine process/context discontinuity for M1+ where persistence is claimed.,"{""persist"":{""project"":""P2"",""checkpoint"":2,""token"":""evidence-2""},""terminate_process"":true}","{""restart"":true,""query"":""Recover exactly the explicitly persisted project/checkpoint/token.""}","{""project"":""P2"",""checkpoint"":2,""token"":""evidence-2""}",exact_or_components,1.0,0.9,external_memory_state_and_outcome_verifier,state_loss;irrelevant_retrieval;bad_provenance;temporal_error;stale_intrusion;bad_consolidation;memory_corruption;self_certification,all lower M levels,bound,True,required,required on identical cross-tier failures,must report,M is independently measured and excluded from default HLIS. High M does not by itself promote I.
M-M1-PERSISTENCE_-03,M,supporting,M1,persistence_integrity,3,restart_memory,M1 Persistence Integrity #3,Evaluate Memory Capability independently from Individual Intelligence. Use genuine process/context discontinuity for M1+ where persistence is claimed.,"{""persist"":{""project"":""P3"",""checkpoint"":3,""token"":""evidence-3""},""terminate_process"":true}","{""restart"":true,""query"":""Recover exactly the explicitly persisted project/checkpoint/token.""}","{""project"":""P3"",""checkpoint"":3,""token"":""evidence-3""}",exact_or_components,1.0,0.9,external_memory_state_and_outcome_verifier,state_loss;irrelevant_retrieval;bad_provenance;temporal_error;stale_intrusion;bad_consolidation;memory_corruption;self_certification,all lower M levels,bound,True,required,required on identical cross-tier failures,must report,M is independently measured and excluded from default HLIS. High M does not by itself promote I.
M-M1-PERSISTENCE_-04,M,supporting,M1,persistence_integrity,4,restart_memory,M1 Persistence Integrity #4,Evaluate Memory Capability independently from Individual Intelligence. Use genuine process/context discontinuity for M1+ where persistence is claimed.,"{""persist"":{""project"":""P4"",""checkpoint"":4,""token"":""evidence-4""},""terminate_process"":true}","{""restart"":true,""query"":""Recover exactly the explicitly persisted project/checkpoint/token.""}","{""project"":""P4"",""checkpoint"":4,""token"":""evidence-4""}",exact_or_components,1.0,0.9,external_memory_state_and_outcome_verifier,state_loss;irrelevant_retrieval;bad_provenance;temporal_error;stale_intrusion;bad_consolidation;memory_corruption;self_certification,all lower M levels,bound,True,required,required on identical cross-tier failures,must report,M is independently measured and excluded from default HLIS. High M does not by itself promote I.
M-M1-RETENTION_AF-01,M,supporting,M1,retention_after_idle,1,restart_memory,M1 Retention After Idle #1,Evaluate Memory Capability independently from Individual Intelligence. Use genuine process/context discontinuity for M1+ where persistence is claimed.,"{""persist"":{""project"":""P1"",""checkpoint"":1,""token"":""evidence-1""},""terminate_process"":true}","{""restart"":true,""query"":""Recover exactly the explicitly persisted project/checkpoint/token.""}","{""project"":""P1"",""checkpoint"":1,""token"":""evidence-1""}",exact_or_components,1.0,0.9,external_memory_state_and_outcome_verifier,state_loss;irrelevant_retrieval;bad_provenance;temporal_error;stale_intrusion;bad_consolidation;memory_corruption;self_certification,all lower M levels,bound,True,required,required on identical cross-tier failures,must report,M is independently measured and excluded from default HLIS. High M does not by itself promote I.
M-M1-RETENTION_AF-02,M,supporting,M1,retention_after_idle,2,restart_memory,M1 Retention After Idle #2,Evaluate Memory Capability independently from Individual Intelligence. Use genuine process/context discontinuity for M1+ where persistence is claimed.,"{""persist"":{""project"":""P2"",""checkpoint"":2,""token"":""evidence-2""},""terminate_process"":true}","{""restart"":true,""query"":""Recover exactly the explicitly persisted project/checkpoint/token.""}","{""project"":""P2"",""checkpoint"":2,""token"":""evidence-2""}",exact_or_components,1.0,0.9,external_memory_state_and_outcome_verifier,state_loss;irrelevant_retrieval;bad_provenance;temporal_error;stale_intrusion;bad_consolidation;memory_corruption;self_certification,all lower M levels,bound,True,required,required on identical cross-tier failures,must report,M is independently measured and excluded from default HLIS. High M does not by itself promote I.
M-M1-RETENTION_AF-03,M,supporting,M1,retention_after_idle,3,restart_memory,M1 Retention After Idle #3,Evaluate Memory Capability independently from Individual Intelligence. Use genuine process/context discontinuity for M1+ where persistence is claimed.,"{""persist"":{""project"":""P3"",""checkpoint"":3,""token"":""evidence-3""},""terminate_process"":true}","{""restart"":true,""query"":""Recover exactly the explicitly persisted project/checkpoint/token.""}","{""project"":""P3"",""checkpoint"":3,""token"":""evidence-3""}",exact_or_components,1.0,0.9,external_memory_state_and_outcome_verifier,state_loss;irrelevant_retrieval;bad_provenance;temporal_error;stale_intrusion;bad_consolidation;memory_corruption;self_certification,all lower M levels,bound,True,required,required on identical cross-tier failures,must report,M is independently measured and excluded from default HLIS. High M does not by itself promote I.
M-M1-RETENTION_AF-04,M,supporting,M1,retention_after_idle,4,restart_memory,M1 Retention After Idle #4,Evaluate Memory Capability independently from Individual Intelligence. Use genuine process/context discontinuity for M1+ where persistence is claimed.,"{""persist"":{""project"":""P4"",""checkpoint"":4,""token"":""evidence-4""},""terminate_process"":true}","{""restart"":true,""query"":""Recover exactly the explicitly persisted project/checkpoint/token.""}","{""project"":""P4"",""checkpoint"":4,""token"":""evidence-4""}",exact_or_components,1.0,0.9,external_memory_state_and_outcome_verifier,state_loss;irrelevant_retrieval;bad_provenance;temporal_error;stale_intrusion;bad_consolidation;memory_corruption;self_certification,all lower M levels,bound,True,required,required on identical cross-tier failures,must report,M is independently measured and excluded from default HLIS. High M does not by itself promote I.
M-M1-DURABLE_STAT-01,M,supporting,M1,durable_state_selection,1,restart_memory,M1 Durable State Selection #1,Evaluate Memory Capability independently from Individual Intelligence. Use genuine process/context discontinuity for M1+ where persistence is claimed.,"{""persist"":{""project"":""P1"",""checkpoint"":1,""token"":""evidence-1""},""terminate_process"":true}","{""restart"":true,""query"":""Recover exactly the explicitly persisted project/checkpoint/token.""}","{""project"":""P1"",""checkpoint"":1,""token"":""evidence-1""}",exact_or_components,1.0,0.9,external_memory_state_and_outcome_verifier,state_loss;irrelevant_retrieval;bad_provenance;temporal_error;stale_intrusion;bad_consolidation;memory_corruption;self_certification,all lower M levels,bound,True,required,required on identical cross-tier failures,must report,M is independently measured and excluded from default HLIS. High M does not by itself promote I.
M-M1-DURABLE_STAT-02,M,supporting,M1,durable_state_selection,2,restart_memory,M1 Durable State Selection #2,Evaluate Memory Capability independently from Individual Intelligence. Use genuine process/context discontinuity for M1+ where persistence is claimed.,"{""persist"":{""project"":""P2"",""checkpoint"":2,""token"":""evidence-2""},""terminate_process"":true}","{""restart"":true,""query"":""Recover exactly the explicitly persisted project/checkpoint/token.""}","{""project"":""P2"",""checkpoint"":2,""token"":""evidence-2""}",exact_or_components,1.0,0.9,external_memory_state_and_outcome_verifier,state_loss;irrelevant_retrieval;bad_provenance;temporal_error;stale_intrusion;bad_consolidation;memory_corruption;self_certification,all lower M levels,bound,True,required,required on identical cross-tier failures,must report,M is independently measured and excluded from default HLIS. High M does not by itself promote I.
M-M1-DURABLE_STAT-03,M,supporting,M1,durable_state_selection,3,restart_memory,M1 Durable State Selection #3,Evaluate Memory Capability independently from Individual Intelligence. Use genuine process/context discontinuity for M1+ where persistence is claimed.,"{""persist"":{""project"":""P3"",""checkpoint"":3,""token"":""evidence-3""},""terminate_process"":true}","{""restart"":true,""query"":""Recover exactly the explicitly persisted project/checkpoint/token.""}","{""project"":""P3"",""checkpoint"":3,""token"":""evidence-3""}",exact_or_components,1.0,0.9,external_memory_state_and_outcome_verifier,state_loss;irrelevant_retrieval;bad_provenance;temporal_error;stale_intrusion;bad_consolidation;memory_corruption;self_certification,all lower M levels,bound,True,required,required on identical cross-tier failures,must report,M is independently measured and excluded from default HLIS. High M does not by itself promote I.
M-M1-DURABLE_STAT-04,M,supporting,M1,durable_state_selection,4,restart_memory,M1 Durable State Selection #4,Evaluate Memory Capability independently from Individual Intelligence. Use genuine process/context discontinuity for M1+ where persistence is claimed.,"{""persist"":{""project"":""P4"",""checkpoint"":4,""token"":""evidence-4""},""terminate_process"":true}","{""restart"":true,""query"":""Recover exactly the explicitly persisted project/checkpoint/token.""}","{""project"":""P4"",""checkpoint"":4,""token"":""evidence-4""}",exact_or_components,1.0,0.9,external_memory_state_and_outcome_verifier,state_loss;irrelevant_retrieval;bad_provenance;temporal_error;stale_intrusion;bad_consolidation;memory_corruption;self_certification,all lower M levels,bound,True,required,required on identical cross-tier failures,must report,M is independently measured and excluded from default HLIS. High M does not by itself promote I.
M-M2-EPISODIC_PRO-01,M,supporting,M2,episodic_provenance,1,structured_episodic,M2 Episodic Provenance #1,Evaluate Memory Capability independently from Individual Intelligence. Use genuine process/context discontinuity for M1+ where persistence is claimed.,"{""memories"":[{""id"":""e1"",""t"":1,""claim"":""owner=A"",""source"":""log-1""},{""id"":""e2"",""t"":2,""claim"":""owner=B"",""source"":""log-2"",""supersedes"":""e1""},{""id"":""d1"",""t"":3,""claim"":""unrelated=blue"",""source"":""log-3""}],""terminate_process"":true}","{""restart"":true,""query"":""Return current owner, obsolete owner, source, and relevant episode.""}","{""current_owner"":""B"",""obsolete_owner"":""A"",""source"":""log-2"",""relevant_episode"":""e2""}",exact_or_components,1.0,0.9,external_memory_state_and_outcome_verifier,state_loss;irrelevant_retrieval;bad_provenance;temporal_error;stale_intrusion;bad_consolidation;memory_corruption;self_certification,all lower M levels,bound,True,required,required on identical cross-tier failures,must report,M is independently measured and excluded from default HLIS. High M does not by itself promote I.
M-M2-EPISODIC_PRO-02,M,supporting,M2,episodic_provenance,2,structured_episodic,M2 Episodic Provenance #2,Evaluate Memory Capability independently from Individual Intelligence. Use genuine process/context discontinuity for M1+ where persistence is claimed.,"{""memories"":[{""id"":""e1"",""t"":1,""claim"":""owner=A"",""source"":""log-1""},{""id"":""e2"",""t"":2,""claim"":""owner=B"",""source"":""log-2"",""supersedes"":""e1""},{""id"":""d1"",""t"":3,""claim"":""unrelated=blue"",""source"":""log-3""}],""terminate_process"":true}","{""restart"":true,""query"":""Return current owner, obsolete owner, source, and relevant episode.""}","{""current_owner"":""B"",""obsolete_owner"":""A"",""source"":""log-2"",""relevant_episode"":""e2""}",exact_or_components,1.0,0.9,external_memory_state_and_outcome_verifier,state_loss;irrelevant_retrieval;bad_provenance;temporal_error;stale_intrusion;bad_consolidation;memory_corruption;self_certification,all lower M levels,bound,True,required,required on identical cross-tier failures,must report,M is independently measured and excluded from default HLIS. High M does not by itself promote I.
M-M2-EPISODIC_PRO-03,M,supporting,M2,episodic_provenance,3,structured_episodic,M2 Episodic Provenance #3,Evaluate Memory Capability independently from Individual Intelligence. Use genuine process/context discontinuity for M1+ where persistence is claimed.,"{""memories"":[{""id"":""e1"",""t"":1,""claim"":""owner=A"",""source"":""log-1""},{""id"":""e2"",""t"":2,""claim"":""owner=B"",""source"":""log-2"",""supersedes"":""e1""},{""id"":""d1"",""t"":3,""claim"":""unrelated=blue"",""source"":""log-3""}],""terminate_process"":true}","{""restart"":true,""query"":""Return current owner, obsolete owner, source, and relevant episode.""}","{""current_owner"":""B"",""obsolete_owner"":""A"",""source"":""log-2"",""relevant_episode"":""e2""}",exact_or_components,1.0,0.9,external_memory_state_and_outcome_verifier,state_loss;irrelevant_retrieval;bad_provenance;temporal_error;stale_intrusion;bad_consolidation;memory_corruption;self_certification,all lower M levels,bound,True,required,required on identical cross-tier failures,must report,M is independently measured and excluded from default HLIS. High M does not by itself promote I.
M-M2-EPISODIC_PRO-04,M,supporting,M2,episodic_provenance,4,structured_episodic,M2 Episodic Provenance #4,Evaluate Memory Capability independently from Individual Intelligence. Use genuine process/context discontinuity for M1+ where persistence is claimed.,"{""memories"":[{""id"":""e1"",""t"":1,""claim"":""owner=A"",""source"":""log-1""},{""id"":""e2"",""t"":2,""claim"":""owner=B"",""source"":""log-2"",""supersedes"":""e1""},{""id"":""d1"",""t"":3,""claim"":""unrelated=blue"",""source"":""log-3""}],""terminate_process"":true}","{""restart"":true,""query"":""Return current owner, obsolete owner, source, and relevant episode.""}","{""current_owner"":""B"",""obsolete_owner"":""A"",""source"":""log-2"",""relevant_episode"":""e2""}",exact_or_components,1.0,0.9,external_memory_state_and_outcome_verifier,state_loss;irrelevant_retrieval;bad_provenance;temporal_error;stale_intrusion;bad_consolidation;memory_corruption;self_certification,all lower M levels,bound,True,required,required on identical cross-tier failures,must report,M is independently measured and excluded from default HLIS. High M does not by itself promote I.
M-M2-TEMPORAL_ORD-01,M,supporting,M2,temporal_order,1,structured_episodic,M2 Temporal Order #1,Evaluate Memory Capability independently from Individual Intelligence. Use genuine process/context discontinuity for M1+ where persistence is claimed.,"{""memories"":[{""id"":""e1"",""t"":1,""claim"":""owner=A"",""source"":""log-1""},{""id"":""e2"",""t"":2,""claim"":""owner=B"",""source"":""log-2"",""supersedes"":""e1""},{""id"":""d1"",""t"":3,""claim"":""unrelated=blue"",""source"":""log-3""}],""terminate_process"":true}","{""restart"":true,""query"":""Return current owner, obsolete owner, source, and relevant episode.""}","{""current_owner"":""B"",""obsolete_owner"":""A"",""source"":""log-2"",""relevant_episode"":""e2""}",exact_or_components,1.0,0.9,external_memory_state_and_outcome_verifier,state_loss;irrelevant_retrieval;bad_provenance;temporal_error;stale_intrusion;bad_consolidation;memory_corruption;self_certification,all lower M levels,bound,True,required,required on identical cross-tier failures,must report,M is independently measured and excluded from default HLIS. High M does not by itself promote I.
M-M2-TEMPORAL_ORD-02,M,supporting,M2,temporal_order,2,structured_episodic,M2 Temporal Order #2,Evaluate Memory Capability independently from Individual Intelligence. Use genuine process/context discontinuity for M1+ where persistence is claimed.,"{""memories"":[{""id"":""e1"",""t"":1,""claim"":""owner=A"",""source"":""log-1""},{""id"":""e2"",""t"":2,""claim"":""owner=B"",""source"":""log-2"",""supersedes"":""e1""},{""id"":""d1"",""t"":3,""claim"":""unrelated=blue"",""source"":""log-3""}],""terminate_process"":true}","{""restart"":true,""query"":""Return current owner, obsolete owner, source, and relevant episode.""}","{""current_owner"":""B"",""obsolete_owner"":""A"",""source"":""log-2"",""relevant_episode"":""e2""}",exact_or_components,1.0,0.9,external_memory_state_and_outcome_verifier,state_loss;irrelevant_retrieval;bad_provenance;temporal_error;stale_intrusion;bad_consolidation;memory_corruption;self_certification,all lower M levels,bound,True,required,required on identical cross-tier failures,must report,M is independently measured and excluded from default HLIS. High M does not by itself promote I.
M-M2-TEMPORAL_ORD-03,M,supporting,M2,temporal_order,3,structured_episodic,M2 Temporal Order #3,Evaluate Memory Capability independently from Individual Intelligence. Use genuine process/context discontinuity for M1+ where persistence is claimed.,"{""memories"":[{""id"":""e1"",""t"":1,""claim"":""owner=A"",""source"":""log-1""},{""id"":""e2"",""t"":2,""claim"":""owner=B"",""source"":""log-2"",""supersedes"":""e1""},{""id"":""d1"",""t"":3,""claim"":""unrelated=blue"",""source"":""log-3""}],""terminate_process"":true}","{""restart"":true,""query"":""Return current owner, obsolete owner, source, and relevant episode.""}","{""current_owner"":""B"",""obsolete_owner"":""A"",""source"":""log-2"",""relevant_episode"":""e2""}",exact_or_components,1.0,0.9,external_memory_state_and_outcome_verifier,state_loss;irrelevant_retrieval;bad_provenance;temporal_error;stale_intrusion;bad_consolidation;memory_corruption;self_certification,all lower M levels,bound,True,required,required on identical cross-tier failures,must report,M is independently measured and excluded from default HLIS. High M does not by itself promote I.
M-M2-TEMPORAL_ORD-04,M,supporting,M2,temporal_order,4,structured_episodic,M2 Temporal Order #4,Evaluate Memory Capability independently from Individual Intelligence. Use genuine process/context discontinuity for M1+ where persistence is claimed.,"{""memories"":[{""id"":""e1"",""t"":1,""claim"":""owner=A"",""source"":""log-1""},{""id"":""e2"",""t"":2,""claim"":""owner=B"",""source"":""log-2"",""supersedes"":""e1""},{""id"":""d1"",""t"":3,""claim"":""unrelated=blue"",""source"":""log-3""}],""terminate_process"":true}","{""restart"":true,""query"":""Return current owner, obsolete owner, source, and relevant episode.""}","{""current_owner"":""B"",""obsolete_owner"":""A"",""source"":""log-2"",""relevant_episode"":""e2""}",exact_or_components,1.0,0.9,external_memory_state_and_outcome_verifier,state_loss;irrelevant_retrieval;bad_provenance;temporal_error;stale_intrusion;bad_consolidation;memory_corruption;self_certification,all lower M levels,bound,True,required,required on identical cross-tier failures,must report,M is independently measured and excluded from default HLIS. High M does not by itself promote I.
M-M2-RELEVANT_RET-01,M,supporting,M2,relevant_retrieval,1,structured_episodic,M2 Relevant Retrieval #1,Evaluate Memory Capability independently from Individual Intelligence. Use genuine process/context discontinuity for M1+ where persistence is claimed.,"{""memories"":[{""id"":""e1"",""t"":1,""claim"":""owner=A"",""source"":""log-1""},{""id"":""e2"",""t"":2,""claim"":""owner=B"",""source"":""log-2"",""supersedes"":""e1""},{""id"":""d1"",""t"":3,""claim"":""unrelated=blue"",""source"":""log-3""}],""terminate_process"":true}","{""restart"":true,""query"":""Return current owner, obsolete owner, source, and relevant episode.""}","{""current_owner"":""B"",""obsolete_owner"":""A"",""source"":""log-2"",""relevant_episode"":""e2""}",exact_or_components,1.0,0.9,external_memory_state_and_outcome_verifier,state_loss;irrelevant_retrieval;bad_provenance;temporal_error;stale_intrusion;bad_consolidation;memory_corruption;self_certification,all lower M levels,bound,True,required,required on identical cross-tier failures,must report,M is independently measured and excluded from default HLIS. High M does not by itself promote I.
M-M2-RELEVANT_RET-02,M,supporting,M2,relevant_retrieval,2,structured_episodic,M2 Relevant Retrieval #2,Evaluate Memory Capability independently from Individual Intelligence. Use genuine process/context discontinuity for M1+ where persistence is claimed.,"{""memories"":[{""id"":""e1"",""t"":1,""claim"":""owner=A"",""source"":""log-1""},{""id"":""e2"",""t"":2,""claim"":""owner=B"",""source"":""log-2"",""supersedes"":""e1""},{""id"":""d1"",""t"":3,""claim"":""unrelated=blue"",""source"":""log-3""}],""terminate_process"":true}","{""restart"":true,""query"":""Return current owner, obsolete owner, source, and relevant episode.""}","{""current_owner"":""B"",""obsolete_owner"":""A"",""source"":""log-2"",""relevant_episode"":""e2""}",exact_or_components,1.0,0.9,external_memory_state_and_outcome_verifier,state_loss;irrelevant_retrieval;bad_provenance;temporal_error;stale_intrusion;bad_consolidation;memory_corruption;self_certification,all lower M levels,bound,True,required,required on identical cross-tier failures,must report,M is independently measured and excluded from default HLIS. High M does not by itself promote I.
M-M2-RELEVANT_RET-03,M,supporting,M2,relevant_retrieval,3,structured_episodic,M2 Relevant Retrieval #3,Evaluate Memory Capability independently from Individual Intelligence. Use genuine process/context discontinuity for M1+ where persistence is claimed.,"{""memories"":[{""id"":""e1"",""t"":1,""claim"":""owner=A"",""source"":""log-1""},{""id"":""e2"",""t"":2,""claim"":""owner=B"",""source"":""log-2"",""supersedes"":""e1""},{""id"":""d1"",""t"":3,""claim"":""unrelated=blue"",""source"":""log-3""}],""terminate_process"":true}","{""restart"":true,""query"":""Return current owner, obsolete owner, source, and relevant episode.""}","{""current_owner"":""B"",""obsolete_owner"":""A"",""source"":""log-2"",""relevant_episode"":""e2""}",exact_or_components,1.0,0.9,external_memory_state_and_outcome_verifier,state_loss;irrelevant_retrieval;bad_provenance;temporal_error;stale_intrusion;bad_consolidation;memory_corruption;self_certification,all lower M levels,bound,True,required,required on identical cross-tier failures,must report,M is independently measured and excluded from default HLIS. High M does not by itself promote I.
M-M2-RELEVANT_RET-04,M,supporting,M2,relevant_retrieval,4,structured_episodic,M2 Relevant Retrieval #4,Evaluate Memory Capability independently from Individual Intelligence. Use genuine process/context discontinuity for M1+ where persistence is claimed.,"{""memories"":[{""id"":""e1"",""t"":1,""claim"":""owner=A"",""source"":""log-1""},{""id"":""e2"",""t"":2,""claim"":""owner=B"",""source"":""log-2"",""supersedes"":""e1""},{""id"":""d1"",""t"":3,""claim"":""unrelated=blue"",""source"":""log-3""}],""terminate_process"":true}","{""restart"":true,""query"":""Return current owner, obsolete owner, source, and relevant episode.""}","{""current_owner"":""B"",""obsolete_owner"":""A"",""source"":""log-2"",""relevant_episode"":""e2""}",exact_or_components,1.0,0.9,external_memory_state_and_outcome_verifier,state_loss;irrelevant_retrieval;bad_provenance;temporal_error;stale_intrusion;bad_consolidation;memory_corruption;self_certification,all lower M levels,bound,True,required,required on identical cross-tier failures,must report,M is independently measured and excluded from default HLIS. High M does not by itself promote I.
M-M2-CURRENT_VS_O-01,M,supporting,M2,current_vs_obsolete,1,structured_episodic,M2 Current Vs Obsolete #1,Evaluate Memory Capability independently from Individual Intelligence. Use genuine process/context discontinuity for M1+ where persistence is claimed.,"{""memories"":[{""id"":""e1"",""t"":1,""claim"":""owner=A"",""source"":""log-1""},{""id"":""e2"",""t"":2,""claim"":""owner=B"",""source"":""log-2"",""supersedes"":""e1""},{""id"":""d1"",""t"":3,""claim"":""unrelated=blue"",""source"":""log-3""}],""terminate_process"":true}","{""restart"":true,""query"":""Return current owner, obsolete owner, source, and relevant episode.""}","{""current_owner"":""B"",""obsolete_owner"":""A"",""source"":""log-2"",""relevant_episode"":""e2""}",exact_or_components,1.0,0.9,external_memory_state_and_outcome_verifier,state_loss;irrelevant_retrieval;bad_provenance;temporal_error;stale_intrusion;bad_consolidation;memory_corruption;self_certification,all lower M levels,bound,True,required,required on identical cross-tier failures,must report,M is independently measured and excluded from default HLIS. High M does not by itself promote I.
M-M2-CURRENT_VS_O-02,M,supporting,M2,current_vs_obsolete,2,structured_episodic,M2 Current Vs Obsolete #2,Evaluate Memory Capability independently from Individual Intelligence. Use genuine process/context discontinuity for M1+ where persistence is claimed.,"{""memories"":[{""id"":""e1"",""t"":1,""claim"":""owner=A"",""source"":""log-1""},{""id"":""e2"",""t"":2,""claim"":""owner=B"",""source"":""log-2"",""supersedes"":""e1""},{""id"":""d1"",""t"":3,""claim"":""unrelated=blue"",""source"":""log-3""}],""terminate_process"":true}","{""restart"":true,""query"":""Return current owner, obsolete owner, source, and relevant episode.""}","{""current_owner"":""B"",""obsolete_owner"":""A"",""source"":""log-2"",""relevant_episode"":""e2""}",exact_or_components,1.0,0.9,external_memory_state_and_outcome_verifier,state_loss;irrelevant_retrieval;bad_provenance;temporal_error;stale_intrusion;bad_consolidation;memory_corruption;self_certification,all lower M levels,bound,True,required,required on identical cross-tier failures,must report,M is independently measured and excluded from default HLIS. High M does not by itself promote I.
M-M2-CURRENT_VS_O-03,M,supporting,M2,current_vs_obsolete,3,structured_episodic,M2 Current Vs Obsolete #3,Evaluate Memory Capability independently from Individual Intelligence. Use genuine process/context discontinuity for M1+ where persistence is claimed.,"{""memories"":[{""id"":""e1"",""t"":1,""claim"":""owner=A"",""source"":""log-1""},{""id"":""e2"",""t"":2,""claim"":""owner=B"",""source"":""log-2"",""supersedes"":""e1""},{""id"":""d1"",""t"":3,""claim"":""unrelated=blue"",""source"":""log-3""}],""terminate_process"":true}","{""restart"":true,""query"":""Return current owner, obsolete owner, source, and relevant episode.""}","{""current_owner"":""B"",""obsolete_owner"":""A"",""source"":""log-2"",""relevant_episode"":""e2""}",exact_or_components,1.0,0.9,external_memory_state_and_outcome_verifier,state_loss;irrelevant_retrieval;bad_provenance;temporal_error;stale_intrusion;bad_consolidation;memory_corruption;self_certification,all lower M levels,bound,True,required,required on identical cross-tier failures,must report,M is independently measured and excluded from default HLIS. High M does not by itself promote I.
M-M2-CURRENT_VS_O-04,M,supporting,M2,current_vs_obsolete,4,structured_episodic,M2 Current Vs Obsolete #4,Evaluate Memory Capability independently from Individual Intelligence. Use genuine process/context discontinuity for M1+ where persistence is claimed.,"{""memories"":[{""id"":""e1"",""t"":1,""claim"":""owner=A"",""source"":""log-1""},{""id"":""e2"",""t"":2,""claim"":""owner=B"",""source"":""log-2"",""supersedes"":""e1""},{""id"":""d1"",""t"":3,""claim"":""unrelated=blue"",""source"":""log-3""}],""terminate_process"":true}","{""restart"":true,""query"":""Return current owner, obsolete owner, source, and relevant episode.""}","{""current_owner"":""B"",""obsolete_owner"":""A"",""source"":""log-2"",""relevant_episode"":""e2""}",exact_or_components,1.0,0.9,external_memory_state_and_outcome_verifier,state_loss;irrelevant_retrieval;bad_provenance;temporal_error;stale_intrusion;bad_consolidation;memory_corruption;self_certification,all lower M levels,bound,True,required,required on identical cross-tier failures,must report,M is independently measured and excluded from default HLIS. High M does not by itself promote I.
M-M2-SOURCE_CONFL-01,M,supporting,M2,source_conflict,1,structured_episodic,M2 Source Conflict #1,Evaluate Memory Capability independently from Individual Intelligence. Use genuine process/context discontinuity for M1+ where persistence is claimed.,"{""memories"":[{""id"":""e1"",""t"":1,""claim"":""owner=A"",""source"":""log-1""},{""id"":""e2"",""t"":2,""claim"":""owner=B"",""source"":""log-2"",""supersedes"":""e1""},{""id"":""d1"",""t"":3,""claim"":""unrelated=blue"",""source"":""log-3""}],""terminate_process"":true}","{""restart"":true,""query"":""Return current owner, obsolete owner, source, and relevant episode.""}","{""current_owner"":""B"",""obsolete_owner"":""A"",""source"":""log-2"",""relevant_episode"":""e2""}",exact_or_components,1.0,0.9,external_memory_state_and_outcome_verifier,state_loss;irrelevant_retrieval;bad_provenance;temporal_error;stale_intrusion;bad_consolidation;memory_corruption;self_certification,all lower M levels,bound,True,required,required on identical cross-tier failures,must report,M is independently measured and excluded from default HLIS. High M does not by itself promote I.
M-M2-SOURCE_CONFL-02,M,supporting,M2,source_conflict,2,structured_episodic,M2 Source Conflict #2,Evaluate Memory Capability independently from Individual Intelligence. Use genuine process/context discontinuity for M1+ where persistence is claimed.,"{""memories"":[{""id"":""e1"",""t"":1,""claim"":""owner=A"",""source"":""log-1""},{""id"":""e2"",""t"":2,""claim"":""owner=B"",""source"":""log-2"",""supersedes"":""e1""},{""id"":""d1"",""t"":3,""claim"":""unrelated=blue"",""source"":""log-3""}],""terminate_process"":true}","{""restart"":true,""query"":""Return current owner, obsolete owner, source, and relevant episode.""}","{""current_owner"":""B"",""obsolete_owner"":""A"",""source"":""log-2"",""relevant_episode"":""e2""}",exact_or_components,1.0,0.9,external_memory_state_and_outcome_verifier,state_loss;irrelevant_retrieval;bad_provenance;temporal_error;stale_intrusion;bad_consolidation;memory_corruption;self_certification,all lower M levels,bound,True,required,required on identical cross-tier failures,must report,M is independently measured and excluded from default HLIS. High M does not by itself promote I.
M-M2-SOURCE_CONFL-03,M,supporting,M2,source_conflict,3,structured_episodic,M2 Source Conflict #3,Evaluate Memory Capability independently from Individual Intelligence. Use genuine process/context discontinuity for M1+ where persistence is claimed.,"{""memories"":[{""id"":""e1"",""t"":1,""claim"":""owner=A"",""source"":""log-1""},{""id"":""e2"",""t"":2,""claim"":""owner=B"",""source"":""log-2"",""supersedes"":""e1""},{""id"":""d1"",""t"":3,""claim"":""unrelated=blue"",""source"":""log-3""}],""terminate_process"":true}","{""restart"":true,""query"":""Return current owner, obsolete owner, source, and relevant episode.""}","{""current_owner"":""B"",""obsolete_owner"":""A"",""source"":""log-2"",""relevant_episode"":""e2""}",exact_or_components,1.0,0.9,external_memory_state_and_outcome_verifier,state_loss;irrelevant_retrieval;bad_provenance;temporal_error;stale_intrusion;bad_consolidation;memory_corruption;self_certification,all lower M levels,bound,True,required,required on identical cross-tier failures,must report,M is independently measured and excluded from default HLIS. High M does not by itself promote I.
M-M2-SOURCE_CONFL-04,M,supporting,M2,source_conflict,4,structured_episodic,M2 Source Conflict #4,Evaluate Memory Capability independently from Individual Intelligence. Use genuine process/context discontinuity for M1+ where persistence is claimed.,"{""memories"":[{""id"":""e1"",""t"":1,""claim"":""owner=A"",""source"":""log-1""},{""id"":""e2"",""t"":2,""claim"":""owner=B"",""source"":""log-2"",""supersedes"":""e1""},{""id"":""d1"",""t"":3,""claim"":""unrelated=blue"",""source"":""log-3""}],""terminate_process"":true}","{""restart"":true,""query"":""Return current owner, obsolete owner, source, and relevant episode.""}","{""current_owner"":""B"",""obsolete_owner"":""A"",""source"":""log-2"",""relevant_episode"":""e2""}",exact_or_components,1.0,0.9,external_memory_state_and_outcome_verifier,state_loss;irrelevant_retrieval;bad_provenance;temporal_error;stale_intrusion;bad_consolidation;memory_corruption;self_certification,all lower M levels,bound,True,required,required on identical cross-tier failures,must report,M is independently measured and excluded from default HLIS. High M does not by itself promote I.
M-M2-ABSTAIN_WHEN-01,M,supporting,M2,abstain_when_missing,1,structured_episodic,M2 Abstain When Missing #1,Evaluate Memory Capability independently from Individual Intelligence. Use genuine process/context discontinuity for M1+ where persistence is claimed.,"{""memories"":[{""id"":""e1"",""t"":1,""claim"":""owner=A"",""source"":""log-1""},{""id"":""e2"",""t"":2,""claim"":""owner=B"",""source"":""log-2"",""supersedes"":""e1""},{""id"":""d1"",""t"":3,""claim"":""unrelated=blue"",""source"":""log-3""}],""terminate_process"":true}","{""restart"":true,""query"":""Return current owner, obsolete owner, source, and relevant episode.""}","{""current_owner"":""B"",""obsolete_owner"":""A"",""source"":""log-2"",""relevant_episode"":""e2""}",exact_or_components,1.0,0.9,external_memory_state_and_outcome_verifier,state_loss;irrelevant_retrieval;bad_provenance;temporal_error;stale_intrusion;bad_consolidation;memory_corruption;self_certification,all lower M levels,bound,True,required,required on identical cross-tier failures,must report,M is independently measured and excluded from default HLIS. High M does not by itself promote I.
M-M2-ABSTAIN_WHEN-02,M,supporting,M2,abstain_when_missing,2,structured_episodic,M2 Abstain When Missing #2,Evaluate Memory Capability independently from Individual Intelligence. Use genuine process/context discontinuity for M1+ where persistence is claimed.,"{""memories"":[{""id"":""e1"",""t"":1,""claim"":""owner=A"",""source"":""log-1""},{""id"":""e2"",""t"":2,""claim"":""owner=B"",""source"":""log-2"",""supersedes"":""e1""},{""id"":""d1"",""t"":3,""claim"":""unrelated=blue"",""source"":""log-3""}],""terminate_process"":true}","{""restart"":true,""query"":""Return current owner, obsolete owner, source, and relevant episode.""}","{""current_owner"":""B"",""obsolete_owner"":""A"",""source"":""log-2"",""relevant_episode"":""e2""}",exact_or_components,1.0,0.9,external_memory_state_and_outcome_verifier,state_loss;irrelevant_retrieval;bad_provenance;temporal_error;stale_intrusion;bad_consolidation;memory_corruption;self_certification,all lower M levels,bound,True,required,required on identical cross-tier failures,must report,M is independently measured and excluded from default HLIS. High M does not by itself promote I.
M-M2-ABSTAIN_WHEN-03,M,supporting,M2,abstain_when_missing,3,structured_episodic,M2 Abstain When Missing #3,Evaluate Memory Capability independently from Individual Intelligence. Use genuine process/context discontinuity for M1+ where persistence is claimed.,"{""memories"":[{""id"":""e1"",""t"":1,""claim"":""owner=A"",""source"":""log-1""},{""id"":""e2"",""t"":2,""claim"":""owner=B"",""source"":""log-2"",""supersedes"":""e1""},{""id"":""d1"",""t"":3,""claim"":""unrelated=blue"",""source"":""log-3""}],""terminate_process"":true}","{""restart"":true,""query"":""Return current owner, obsolete owner, source, and relevant episode.""}","{""current_owner"":""B"",""obsolete_owner"":""A"",""source"":""log-2"",""relevant_episode"":""e2""}",exact_or_components,1.0,0.9,external_memory_state_and_outcome_verifier,state_loss;irrelevant_retrieval;bad_provenance;temporal_error;stale_intrusion;bad_consolidation;memory_corruption;self_certification,all lower M levels,bound,True,required,required on identical cross-tier failures,must report,M is independently measured and excluded from default HLIS. High M does not by itself promote I.
M-M2-ABSTAIN_WHEN-04,M,supporting,M2,abstain_when_missing,4,structured_episodic,M2 Abstain When Missing #4,Evaluate Memory Capability independently from Individual Intelligence. Use genuine process/context discontinuity for M1+ where persistence is claimed.,"{""memories"":[{""id"":""e1"",""t"":1,""claim"":""owner=A"",""source"":""log-1""},{""id"":""e2"",""t"":2,""claim"":""owner=B"",""source"":""log-2"",""supersedes"":""e1""},{""id"":""d1"",""t"":3,""claim"":""unrelated=blue"",""source"":""log-3""}],""terminate_process"":true}","{""restart"":true,""query"":""Return current owner, obsolete owner, source, and relevant episode.""}","{""current_owner"":""B"",""obsolete_owner"":""A"",""source"":""log-2"",""relevant_episode"":""e2""}",exact_or_components,1.0,0.9,external_memory_state_and_outcome_verifier,state_loss;irrelevant_retrieval;bad_provenance;temporal_error;stale_intrusion;bad_consolidation;memory_corruption;self_certification,all lower M levels,bound,True,required,required on identical cross-tier failures,must report,M is independently measured and excluded from default HLIS. High M does not by itself promote I.
M-M3-SEMANTIC_CON-01,M,supporting,M3,semantic_consolidation,1,consolidation,M3 Semantic Consolidation #1,Evaluate Memory Capability independently from Individual Intelligence. Use genuine process/context discontinuity for M1+ where persistence is claimed.,"{""episodes"":[{""case"":""a"",""outcome"":""fail"",""cause"":""stale index""},{""case"":""b"",""outcome"":""fail"",""cause"":""stale index""},{""case"":""c"",""outcome"":""success"",""procedure"":""rebuild index before query""}],""terminate_process"":true}","{""restart"":true,""heldout_case"":""d"",""query"":""Use consolidated knowledge/procedure without replaying full transcript.""}","{""consolidated_lesson"":""rebuild index before query"",""must_generalize"":true}",protocol_components,1.0,0.8,external_memory_state_and_outcome_verifier,state_loss;irrelevant_retrieval;bad_provenance;temporal_error;stale_intrusion;bad_consolidation;memory_corruption;self_certification,all lower M levels,bound,True,required,required on identical cross-tier failures,must report,M is independently measured and excluded from default HLIS. High M does not by itself promote I.
M-M3-SEMANTIC_CON-02,M,supporting,M3,semantic_consolidation,2,consolidation,M3 Semantic Consolidation #2,Evaluate Memory Capability independently from Individual Intelligence. Use genuine process/context discontinuity for M1+ where persistence is claimed.,"{""episodes"":[{""case"":""a"",""outcome"":""fail"",""cause"":""stale index""},{""case"":""b"",""outcome"":""fail"",""cause"":""stale index""},{""case"":""c"",""outcome"":""success"",""procedure"":""rebuild index before query""}],""terminate_process"":true}","{""restart"":true,""heldout_case"":""d"",""query"":""Use consolidated knowledge/procedure without replaying full transcript.""}","{""consolidated_lesson"":""rebuild index before query"",""must_generalize"":true}",protocol_components,1.0,0.8,external_memory_state_and_outcome_verifier,state_loss;irrelevant_retrieval;bad_provenance;temporal_error;stale_intrusion;bad_consolidation;memory_corruption;self_certification,all lower M levels,bound,True,required,required on identical cross-tier failures,must report,M is independently measured and excluded from default HLIS. High M does not by itself promote I.
M-M3-SEMANTIC_CON-03,M,supporting,M3,semantic_consolidation,3,consolidation,M3 Semantic Consolidation #3,Evaluate Memory Capability independently from Individual Intelligence. Use genuine process/context discontinuity for M1+ where persistence is claimed.,"{""episodes"":[{""case"":""a"",""outcome"":""fail"",""cause"":""stale index""},{""case"":""b"",""outcome"":""fail"",""cause"":""stale index""},{""case"":""c"",""outcome"":""success"",""procedure"":""rebuild index before query""}],""terminate_process"":true}","{""restart"":true,""heldout_case"":""d"",""query"":""Use consolidated knowledge/procedure without replaying full transcript.""}","{""consolidated_lesson"":""rebuild index before query"",""must_generalize"":true}",protocol_components,1.0,0.8,external_memory_state_and_outcome_verifier,state_loss;irrelevant_retrieval;bad_provenance;temporal_error;stale_intrusion;bad_consolidation;memory_corruption;self_certification,all lower M levels,bound,True,required,required on identical cross-tier failures,must report,M is independently measured and excluded from default HLIS. High M does not by itself promote I.
M-M3-SEMANTIC_CON-04,M,supporting,M3,semantic_consolidation,4,consolidation,M3 Semantic Consolidation #4,Evaluate Memory Capability independently from Individual Intelligence. Use genuine process/context discontinuity for M1+ where persistence is claimed.,"{""episodes"":[{""case"":""a"",""outcome"":""fail"",""cause"":""stale index""},{""case"":""b"",""outcome"":""fail"",""cause"":""stale index""},{""case"":""c"",""outcome"":""success"",""procedure"":""rebuild index before query""}],""terminate_process"":true}","{""restart"":true,""heldout_case"":""d"",""query"":""Use consolidated knowledge/procedure without replaying full transcript.""}","{""consolidated_lesson"":""rebuild index before query"",""must_generalize"":true}",protocol_components,1.0,0.8,external_memory_state_and_outcome_verifier,state_loss;irrelevant_retrieval;bad_provenance;temporal_error;stale_intrusion;bad_consolidation;memory_corruption;self_certification,all lower M levels,bound,True,required,required on identical cross-tier failures,must report,M is independently measured and excluded from default HLIS. High M does not by itself promote I.
M-M3-PROCEDURALIZ-01,M,supporting,M3,proceduralization,1,consolidation,M3 Proceduralization #1,Evaluate Memory Capability independently from Individual Intelligence. Use genuine process/context discontinuity for M1+ where persistence is claimed.,"{""episodes"":[{""case"":""a"",""outcome"":""fail"",""cause"":""stale index""},{""case"":""b"",""outcome"":""fail"",""cause"":""stale index""},{""case"":""c"",""outcome"":""success"",""procedure"":""rebuild index before query""}],""terminate_process"":true}","{""restart"":true,""heldout_case"":""d"",""query"":""Use consolidated knowledge/procedure without replaying full transcript.""}","{""consolidated_lesson"":""rebuild index before query"",""must_generalize"":true}",protocol_components,1.0,0.8,external_memory_state_and_outcome_verifier,state_loss;irrelevant_retrieval;bad_provenance;temporal_error;stale_intrusion;bad_consolidation;memory_corruption;self_certification,all lower M levels,bound,True,required,required on identical cross-tier failures,must report,M is independently measured and excluded from default HLIS. High M does not by itself promote I.
M-M3-PROCEDURALIZ-02,M,supporting,M3,proceduralization,2,consolidation,M3 Proceduralization #2,Evaluate Memory Capability independently from Individual Intelligence. Use genuine process/context discontinuity for M1+ where persistence is claimed.,"{""episodes"":[{""case"":""a"",""outcome"":""fail"",""cause"":""stale index""},{""case"":""b"",""outcome"":""fail"",""cause"":""stale index""},{""case"":""c"",""outcome"":""success"",""procedure"":""rebuild index before query""}],""terminate_process"":true}","{""restart"":true,""heldout_case"":""d"",""query"":""Use consolidated knowledge/procedure without replaying full transcript.""}","{""consolidated_lesson"":""rebuild index before query"",""must_generalize"":true}",protocol_components,1.0,0.8,external_memory_state_and_outcome_verifier,state_loss;irrelevant_retrieval;bad_provenance;temporal_error;stale_intrusion;bad_consolidation;memory_corruption;self_certification,all lower M levels,bound,True,required,required on identical cross-tier failures,must report,M is independently measured and excluded from default HLIS. High M does not by itself promote I.
M-M3-PROCEDURALIZ-03,M,supporting,M3,proceduralization,3,consolidation,M3 Proceduralization #3,Evaluate Memory Capability independently from Individual Intelligence. Use genuine process/context discontinuity for M1+ where persistence is claimed.,"{""episodes"":[{""case"":""a"",""outcome"":""fail"",""cause"":""stale index""},{""case"":""b"",""outcome"":""fail"",""cause"":""stale index""},{""case"":""c"",""outcome"":""success"",""procedure"":""rebuild index before query""}],""terminate_process"":true}","{""restart"":true,""heldout_case"":""d"",""query"":""Use consolidated knowledge/procedure without replaying full transcript.""}","{""consolidated_lesson"":""rebuild index before query"",""must_generalize"":true}",protocol_components,1.0,0.8,external_memory_state_and_outcome_verifier,state_loss;irrelevant_retrieval;bad_provenance;temporal_error;stale_intrusion;bad_consolidation;memory_corruption;self_certification,all lower M levels,bound,True,required,required on identical cross-tier failures,must report,M is independently measured and excluded from default HLIS. High M does not by itself promote I.
M-M3-PROCEDURALIZ-04,M,supporting,M3,proceduralization,4,consolidation,M3 Proceduralization #4,Evaluate Memory Capability independently from Individual Intelligence. Use genuine process/context discontinuity for M1+ where persistence is claimed.,"{""episodes"":[{""case"":""a"",""outcome"":""fail"",""cause"":""stale index""},{""case"":""b"",""outcome"":""fail"",""cause"":""stale index""},{""case"":""c"",""outcome"":""success"",""procedure"":""rebuild index before query""}],""terminate_process"":true}","{""restart"":true,""heldout_case"":""d"",""query"":""Use consolidated knowledge/procedure without replaying full transcript.""}","{""consolidated_lesson"":""rebuild index before query"",""must_generalize"":true}",protocol_components,1.0,0.8,external_memory_state_and_outcome_verifier,state_loss;irrelevant_retrieval;bad_provenance;temporal_error;stale_intrusion;bad_consolidation;memory_corruption;self_certification,all lower M levels,bound,True,required,required on identical cross-tier failures,must report,M is independently measured and excluded from default HLIS. High M does not by itself promote I.
M-M3-CONTRADICTIO-01,M,supporting,M3,contradiction_update,1,consolidation,M3 Contradiction Update #1,Evaluate Memory Capability independently from Individual Intelligence. Use genuine process/context discontinuity for M1+ where persistence is claimed.,"{""episodes"":[{""case"":""a"",""outcome"":""fail"",""cause"":""stale index""},{""case"":""b"",""outcome"":""fail"",""cause"":""stale index""},{""case"":""c"",""outcome"":""success"",""procedure"":""rebuild index before query""}],""terminate_process"":true}","{""restart"":true,""heldout_case"":""d"",""query"":""Use consolidated knowledge/procedure without replaying full transcript.""}","{""consolidated_lesson"":""rebuild index before query"",""must_generalize"":true}",protocol_components,1.0,0.8,external_memory_state_and_outcome_verifier,state_loss;irrelevant_retrieval;bad_provenance;temporal_error;stale_intrusion;bad_consolidation;memory_corruption;self_certification,all lower M levels,bound,True,required,required on identical cross-tier failures,must report,M is independently measured and excluded from default HLIS. High M does not by itself promote I.
M-M3-CONTRADICTIO-02,M,supporting,M3,contradiction_update,2,consolidation,M3 Contradiction Update #2,Evaluate Memory Capability independently from Individual Intelligence. Use genuine process/context discontinuity for M1+ where persistence is claimed.,"{""episodes"":[{""case"":""a"",""outcome"":""fail"",""cause"":""stale index""},{""case"":""b"",""outcome"":""fail"",""cause"":""stale index""},{""case"":""c"",""outcome"":""success"",""procedure"":""rebuild index before query""}],""terminate_process"":true}","{""restart"":true,""heldout_case"":""d"",""query"":""Use consolidated knowledge/procedure without replaying full transcript.""}","{""consolidated_lesson"":""rebuild index before query"",""must_generalize"":true}",protocol_components,1.0,0.8,external_memory_state_and_outcome_verifier,state_loss;irrelevant_retrieval;bad_provenance;temporal_error;stale_intrusion;bad_consolidation;memory_corruption;self_certification,all lower M levels,bound,True,required,required on identical cross-tier failures,must report,M is independently measured and excluded from default HLIS. High M does not by itself promote I.
M-M3-CONTRADICTIO-03,M,supporting,M3,contradiction_update,3,consolidation,M3 Contradiction Update #3,Evaluate Memory Capability independently from Individual Intelligence. Use genuine process/context discontinuity for M1+ where persistence is claimed.,"{""episodes"":[{""case"":""a"",""outcome"":""fail"",""cause"":""stale index""},{""case"":""b"",""outcome"":""fail"",""cause"":""stale index""},{""case"":""c"",""outcome"":""success"",""procedure"":""rebuild index before query""}],""terminate_process"":true}","{""restart"":true,""heldout_case"":""d"",""query"":""Use consolidated knowledge/procedure without replaying full transcript.""}","{""consolidated_lesson"":""rebuild index before query"",""must_generalize"":true}",protocol_components,1.0,0.8,external_memory_state_and_outcome_verifier,state_loss;irrelevant_retrieval;bad_provenance;temporal_error;stale_intrusion;bad_consolidation;memory_corruption;self_certification,all lower M levels,bound,True,required,required on identical cross-tier failures,must report,M is independently measured and excluded from default HLIS. High M does not by itself promote I.
M-M3-CONTRADICTIO-04,M,supporting,M3,contradiction_update,4,consolidation,M3 Contradiction Update #4,Evaluate Memory Capability independently from Individual Intelligence. Use genuine process/context discontinuity for M1+ where persistence is claimed.,"{""episodes"":[{""case"":""a"",""outcome"":""fail"",""cause"":""stale index""},{""case"":""b"",""outcome"":""fail"",""cause"":""stale index""},{""case"":""c"",""outcome"":""success"",""procedure"":""rebuild index before query""}],""terminate_process"":true}","{""restart"":true,""heldout_case"":""d"",""query"":""Use consolidated knowledge/procedure without replaying full transcript.""}","{""consolidated_lesson"":""rebuild index before query"",""must_generalize"":true}",protocol_components,1.0,0.8,external_memory_state_and_outcome_verifier,state_loss;irrelevant_retrieval;bad_provenance;temporal_error;stale_intrusion;bad_consolidation;memory_corruption;self_certification,all lower M levels,bound,True,required,required on identical cross-tier failures,must report,M is independently measured and excluded from default HLIS. High M does not by itself promote I.
M-M3-FORGETTING_D-01,M,supporting,M3,forgetting_demotion,1,consolidation,M3 Forgetting Demotion #1,Evaluate Memory Capability independently from Individual Intelligence. Use genuine process/context discontinuity for M1+ where persistence is claimed.,"{""episodes"":[{""case"":""a"",""outcome"":""fail"",""cause"":""stale index""},{""case"":""b"",""outcome"":""fail"",""cause"":""stale index""},{""case"":""c"",""outcome"":""success"",""procedure"":""rebuild index before query""}],""terminate_process"":true}","{""restart"":true,""heldout_case"":""d"",""query"":""Use consolidated knowledge/procedure without replaying full transcript.""}","{""consolidated_lesson"":""rebuild index before query"",""must_generalize"":true}",protocol_components,1.0,0.8,external_memory_state_and_outcome_verifier,state_loss;irrelevant_retrieval;bad_provenance;temporal_error;stale_intrusion;bad_consolidation;memory_corruption;self_certification,all lower M levels,bound,True,required,required on identical cross-tier failures,must report,M is independently measured and excluded from default HLIS. High M does not by itself promote I.
M-M3-FORGETTING_D-02,M,supporting,M3,forgetting_demotion,2,consolidation,M3 Forgetting Demotion #2,Evaluate Memory Capability independently from Individual Intelligence. Use genuine process/context discontinuity for M1+ where persistence is claimed.,"{""episodes"":[{""case"":""a"",""outcome"":""fail"",""cause"":""stale index""},{""case"":""b"",""outcome"":""fail"",""cause"":""stale index""},{""case"":""c"",""outcome"":""success"",""procedure"":""rebuild index before query""}],""terminate_process"":true}","{""restart"":true,""heldout_case"":""d"",""query"":""Use consolidated knowledge/procedure without replaying full transcript.""}","{""consolidated_lesson"":""rebuild index before query"",""must_generalize"":true}",protocol_components,1.0,0.8,external_memory_state_and_outcome_verifier,state_loss;irrelevant_retrieval;bad_provenance;temporal_error;stale_intrusion;bad_consolidation;memory_corruption;self_certification,all lower M levels,bound,True,required,required on identical cross-tier failures,must report,M is independently measured and excluded from default HLIS. High M does not by itself promote I.
M-M3-FORGETTING_D-03,M,supporting,M3,forgetting_demotion,3,consolidation,M3 Forgetting Demotion #3,Evaluate Memory Capability independently from Individual Intelligence. Use genuine process/context discontinuity for M1+ where persistence is claimed.,"{""episodes"":[{""case"":""a"",""outcome"":""fail"",""cause"":""stale index""},{""case"":""b"",""outcome"":""fail"",""cause"":""stale index""},{""case"":""c"",""outcome"":""success"",""procedure"":""rebuild index before query""}],""terminate_process"":true}","{""restart"":true,""heldout_case"":""d"",""query"":""Use consolidated knowledge/procedure without replaying full transcript.""}","{""consolidated_lesson"":""rebuild index before query"",""must_generalize"":true}",protocol_components,1.0,0.8,external_memory_state_and_outcome_verifier,state_loss;irrelevant_retrieval;bad_provenance;temporal_error;stale_intrusion;bad_consolidation;memory_corruption;self_certification,all lower M levels,bound,True,required,required on identical cross-tier failures,must report,M is independently measured and excluded from default HLIS. High M does not by itself promote I.
M-M3-FORGETTING_D-04,M,supporting,M3,forgetting_demotion,4,consolidation,M3 Forgetting Demotion #4,Evaluate Memory Capability independently from Individual Intelligence. Use genuine process/context discontinuity for M1+ where persistence is claimed.,"{""episodes"":[{""case"":""a"",""outcome"":""fail"",""cause"":""stale index""},{""case"":""b"",""outcome"":""fail"",""cause"":""stale index""},{""case"":""c"",""outcome"":""success"",""procedure"":""rebuild index before query""}],""terminate_process"":true}","{""restart"":true,""heldout_case"":""d"",""query"":""Use consolidated knowledge/procedure without replaying full transcript.""}","{""consolidated_lesson"":""rebuild index before query"",""must_generalize"":true}",protocol_components,1.0,0.8,external_memory_state_and_outcome_verifier,state_loss;irrelevant_retrieval;bad_provenance;temporal_error;stale_intrusion;bad_consolidation;memory_corruption;self_certification,all lower M levels,bound,True,required,required on identical cross-tier failures,must report,M is independently measured and excluded from default HLIS. High M does not by itself promote I.
M-M3-HELDOUT_TRAN-01,M,supporting,M3,heldout_transfer,1,consolidation,M3 Heldout Transfer #1,Evaluate Memory Capability independently from Individual Intelligence. Use genuine process/context discontinuity for M1+ where persistence is claimed.,"{""episodes"":[{""case"":""a"",""outcome"":""fail"",""cause"":""stale index""},{""case"":""b"",""outcome"":""fail"",""cause"":""stale index""},{""case"":""c"",""outcome"":""success"",""procedure"":""rebuild index before query""}],""terminate_process"":true}","{""restart"":true,""heldout_case"":""d"",""query"":""Use consolidated knowledge/procedure without replaying full transcript.""}","{""consolidated_lesson"":""rebuild index before query"",""must_generalize"":true}",protocol_components,1.0,0.8,external_memory_state_and_outcome_verifier,state_loss;irrelevant_retrieval;bad_provenance;temporal_error;stale_intrusion;bad_consolidation;memory_corruption;self_certification,all lower M levels,bound,True,required,required on identical cross-tier failures,must report,M is independently measured and excluded from default HLIS. High M does not by itself promote I.
M-M3-HELDOUT_TRAN-02,M,supporting,M3,heldout_transfer,2,consolidation,M3 Heldout Transfer #2,Evaluate Memory Capability independently from Individual Intelligence. Use genuine process/context discontinuity for M1+ where persistence is claimed.,"{""episodes"":[{""case"":""a"",""outcome"":""fail"",""cause"":""stale index""},{""case"":""b"",""outcome"":""fail"",""cause"":""stale index""},{""case"":""c"",""outcome"":""success"",""procedure"":""rebuild index before query""}],""terminate_process"":true}","{""restart"":true,""heldout_case"":""d"",""query"":""Use consolidated knowledge/procedure without replaying full transcript.""}","{""consolidated_lesson"":""rebuild index before query"",""must_generalize"":true}",protocol_components,1.0,0.8,external_memory_state_and_outcome_verifier,state_loss;irrelevant_retrieval;bad_provenance;temporal_error;stale_intrusion;bad_consolidation;memory_corruption;self_certification,all lower M levels,bound,True,required,required on identical cross-tier failures,must report,M is independently measured and excluded from default HLIS. High M does not by itself promote I.
M-M3-HELDOUT_TRAN-03,M,supporting,M3,heldout_transfer,3,consolidation,M3 Heldout Transfer #3,Evaluate Memory Capability independently from Individual Intelligence. Use genuine process/context discontinuity for M1+ where persistence is claimed.,"{""episodes"":[{""case"":""a"",""outcome"":""fail"",""cause"":""stale index""},{""case"":""b"",""outcome"":""fail"",""cause"":""stale index""},{""case"":""c"",""outcome"":""success"",""procedure"":""rebuild index before query""}],""terminate_process"":true}","{""restart"":true,""heldout_case"":""d"",""query"":""Use consolidated knowledge/procedure without replaying full transcript.""}","{""consolidated_lesson"":""rebuild index before query"",""must_generalize"":true}",protocol_components,1.0,0.8,external_memory_state_and_outcome_verifier,state_loss;irrelevant_retrieval;bad_provenance;temporal_error;stale_intrusion;bad_consolidation;memory_corruption;self_certification,all lower M levels,bound,True,required,required on identical cross-tier failures,must report,M is independently measured and excluded from default HLIS. High M does not by itself promote I.
M-M3-HELDOUT_TRAN-04,M,supporting,M3,heldout_transfer,4,consolidation,M3 Heldout Transfer #4,Evaluate Memory Capability independently from Individual Intelligence. Use genuine process/context discontinuity for M1+ where persistence is claimed.,"{""episodes"":[{""case"":""a"",""outcome"":""fail"",""cause"":""stale index""},{""case"":""b"",""outcome"":""fail"",""cause"":""stale index""},{""case"":""c"",""outcome"":""success"",""procedure"":""rebuild index before query""}],""terminate_process"":true}","{""restart"":true,""heldout_case"":""d"",""query"":""Use consolidated knowledge/procedure without replaying full transcript.""}","{""consolidated_lesson"":""rebuild index before query"",""must_generalize"":true}",protocol_components,1.0,0.8,external_memory_state_and_outcome_verifier,state_loss;irrelevant_retrieval;bad_provenance;temporal_error;stale_intrusion;bad_consolidation;memory_corruption;self_certification,all lower M levels,bound,True,required,required on identical cross-tier failures,must report,M is independently measured and excluded from default HLIS. High M does not by itself promote I.
M-M3-STALE_INTRUS-01,M,supporting,M3,stale_intrusion,1,consolidation,M3 Stale Intrusion #1,Evaluate Memory Capability independently from Individual Intelligence. Use genuine process/context discontinuity for M1+ where persistence is claimed.,"{""episodes"":[{""case"":""a"",""outcome"":""fail"",""cause"":""stale index""},{""case"":""b"",""outcome"":""fail"",""cause"":""stale index""},{""case"":""c"",""outcome"":""success"",""procedure"":""rebuild index before query""}],""terminate_process"":true}","{""restart"":true,""heldout_case"":""d"",""query"":""Use consolidated knowledge/procedure without replaying full transcript.""}","{""consolidated_lesson"":""rebuild index before query"",""must_generalize"":true}",protocol_components,1.0,0.8,external_memory_state_and_outcome_verifier,state_loss;irrelevant_retrieval;bad_provenance;temporal_error;stale_intrusion;bad_consolidation;memory_corruption;self_certification,all lower M levels,bound,True,required,required on identical cross-tier failures,must report,M is independently measured and excluded from default HLIS. High M does not by itself promote I.
M-M3-STALE_INTRUS-02,M,supporting,M3,stale_intrusion,2,consolidation,M3 Stale Intrusion #2,Evaluate Memory Capability independently from Individual Intelligence. Use genuine process/context discontinuity for M1+ where persistence is claimed.,"{""episodes"":[{""case"":""a"",""outcome"":""fail"",""cause"":""stale index""},{""case"":""b"",""outcome"":""fail"",""cause"":""stale index""},{""case"":""c"",""outcome"":""success"",""procedure"":""rebuild index before query""}],""terminate_process"":true}","{""restart"":true,""heldout_case"":""d"",""query"":""Use consolidated knowledge/procedure without replaying full transcript.""}","{""consolidated_lesson"":""rebuild index before query"",""must_generalize"":true}",protocol_components,1.0,0.8,external_memory_state_and_outcome_verifier,state_loss;irrelevant_retrieval;bad_provenance;temporal_error;stale_intrusion;bad_consolidation;memory_corruption;self_certification,all lower M levels,bound,True,required,required on identical cross-tier failures,must report,M is independently measured and excluded from default HLIS. High M does not by itself promote I.
M-M3-STALE_INTRUS-03,M,supporting,M3,stale_intrusion,3,consolidation,M3 Stale Intrusion #3,Evaluate Memory Capability independently from Individual Intelligence. Use genuine process/context discontinuity for M1+ where persistence is claimed.,"{""episodes"":[{""case"":""a"",""outcome"":""fail"",""cause"":""stale index""},{""case"":""b"",""outcome"":""fail"",""cause"":""stale index""},{""case"":""c"",""outcome"":""success"",""procedure"":""rebuild index before query""}],""terminate_process"":true}","{""restart"":true,""heldout_case"":""d"",""query"":""Use consolidated knowledge/procedure without replaying full transcript.""}","{""consolidated_lesson"":""rebuild index before query"",""must_generalize"":true}",protocol_components,1.0,0.8,external_memory_state_and_outcome_verifier,state_loss;irrelevant_retrieval;bad_provenance;temporal_error;stale_intrusion;bad_consolidation;memory_corruption;self_certification,all lower M levels,bound,True,required,required on identical cross-tier failures,must report,M is independently measured and excluded from default HLIS. High M does not by itself promote I.
M-M3-STALE_INTRUS-04,M,supporting,M3,stale_intrusion,4,consolidation,M3 Stale Intrusion #4,Evaluate Memory Capability independently from Individual Intelligence. Use genuine process/context discontinuity for M1+ where persistence is claimed.,"{""episodes"":[{""case"":""a"",""outcome"":""fail"",""cause"":""stale index""},{""case"":""b"",""outcome"":""fail"",""cause"":""stale index""},{""case"":""c"",""outcome"":""success"",""procedure"":""rebuild index before query""}],""terminate_process"":true}","{""restart"":true,""heldout_case"":""d"",""query"":""Use consolidated knowledge/procedure without replaying full transcript.""}","{""consolidated_lesson"":""rebuild index before query"",""must_generalize"":true}",protocol_components,1.0,0.8,external_memory_state_and_outcome_verifier,state_loss;irrelevant_retrieval;bad_provenance;temporal_error;stale_intrusion;bad_consolidation;memory_corruption;self_certification,all lower M levels,bound,True,required,required on identical cross-tier failures,must report,M is independently measured and excluded from default HLIS. High M does not by itself promote I.
M-M4-MEMORY_HEALT-01,M,supporting,M4,memory_health,1,memory_management,M4 Memory Health #1,Evaluate Memory Capability independently from Individual Intelligence. Use genuine process/context discontinuity for M1+ where persistence is claimed.,"{""memory_store"":{""protected"":[{""id"":""p1"",""value"":""critical""}],""duplicates"":[{""id"":""d1"",""value"":""same""},{""id"":""d2"",""value"":""same""}],""stale"":[{""id"":""s1"",""value"":""old""}],""corrupt"":[{""id"":""c1"",""checksum"":""bad""}]}}","{""query"":""Repair/manage the memory store while preserving protected state and audit decisions.""}","{""preserve_protected"":true,""repair_or_quarantine_corrupt"":true,""dedupe"":true,""demote_stale"":true,""audit_required"":true}",protocol_components,1.0,0.8,external_memory_state_and_outcome_verifier,state_loss;irrelevant_retrieval;bad_provenance;temporal_error;stale_intrusion;bad_consolidation;memory_corruption;self_certification,all lower M levels,protocol-bound,False,required,required on identical cross-tier failures,must report,M is independently measured and excluded from default HLIS. High M does not by itself promote I.
M-M4-MEMORY_HEALT-02,M,supporting,M4,memory_health,2,memory_management,M4 Memory Health #2,Evaluate Memory Capability independently from Individual Intelligence. Use genuine process/context discontinuity for M1+ where persistence is claimed.,"{""memory_store"":{""protected"":[{""id"":""p1"",""value"":""critical""}],""duplicates"":[{""id"":""d1"",""value"":""same""},{""id"":""d2"",""value"":""same""}],""stale"":[{""id"":""s1"",""value"":""old""}],""corrupt"":[{""id"":""c1"",""checksum"":""bad""}]}}","{""query"":""Repair/manage the memory store while preserving protected state and audit decisions.""}","{""preserve_protected"":true,""repair_or_quarantine_corrupt"":true,""dedupe"":true,""demote_stale"":true,""audit_required"":true}",protocol_components,1.0,0.8,external_memory_state_and_outcome_verifier,state_loss;irrelevant_retrieval;bad_provenance;temporal_error;stale_intrusion;bad_consolidation;memory_corruption;self_certification,all lower M levels,protocol-bound,False,required,required on identical cross-tier failures,must report,M is independently measured and excluded from default HLIS. High M does not by itself promote I.
M-M4-MEMORY_HEALT-03,M,supporting,M4,memory_health,3,memory_management,M4 Memory Health #3,Evaluate Memory Capability independently from Individual Intelligence. Use genuine process/context discontinuity for M1+ where persistence is claimed.,"{""memory_store"":{""protected"":[{""id"":""p1"",""value"":""critical""}],""duplicates"":[{""id"":""d1"",""value"":""same""},{""id"":""d2"",""value"":""same""}],""stale"":[{""id"":""s1"",""value"":""old""}],""corrupt"":[{""id"":""c1"",""checksum"":""bad""}]}}","{""query"":""Repair/manage the memory store while preserving protected state and audit decisions.""}","{""preserve_protected"":true,""repair_or_quarantine_corrupt"":true,""dedupe"":true,""demote_stale"":true,""audit_required"":true}",protocol_components,1.0,0.8,external_memory_state_and_outcome_verifier,state_loss;irrelevant_retrieval;bad_provenance;temporal_error;stale_intrusion;bad_consolidation;memory_corruption;self_certification,all lower M levels,protocol-bound,False,required,required on identical cross-tier failures,must report,M is independently measured and excluded from default HLIS. High M does not by itself promote I.
M-M4-MEMORY_HEALT-04,M,supporting,M4,memory_health,4,memory_management,M4 Memory Health #4,Evaluate Memory Capability independently from Individual Intelligence. Use genuine process/context discontinuity for M1+ where persistence is claimed.,"{""memory_store"":{""protected"":[{""id"":""p1"",""value"":""critical""}],""duplicates"":[{""id"":""d1"",""value"":""same""},{""id"":""d2"",""value"":""same""}],""stale"":[{""id"":""s1"",""value"":""old""}],""corrupt"":[{""id"":""c1"",""checksum"":""bad""}]}}","{""query"":""Repair/manage the memory store while preserving protected state and audit decisions.""}","{""preserve_protected"":true,""repair_or_quarantine_corrupt"":true,""dedupe"":true,""demote_stale"":true,""audit_required"":true}",protocol_components,1.0,0.8,external_memory_state_and_outcome_verifier,state_loss;irrelevant_retrieval;bad_provenance;temporal_error;stale_intrusion;bad_consolidation;memory_corruption;self_certification,all lower M levels,protocol-bound,False,required,required on identical cross-tier failures,must report,M is independently measured and excluded from default HLIS. High M does not by itself promote I.
M-M4-REPAIR_CORRU-01,M,supporting,M4,repair_corruption,1,memory_management,M4 Repair Corruption #1,Evaluate Memory Capability independently from Individual Intelligence. Use genuine process/context discontinuity for M1+ where persistence is claimed.,"{""memory_store"":{""protected"":[{""id"":""p1"",""value"":""critical""}],""duplicates"":[{""id"":""d1"",""value"":""same""},{""id"":""d2"",""value"":""same""}],""stale"":[{""id"":""s1"",""value"":""old""}],""corrupt"":[{""id"":""c1"",""checksum"":""bad""}]}}","{""query"":""Repair/manage the memory store while preserving protected state and audit decisions.""}","{""preserve_protected"":true,""repair_or_quarantine_corrupt"":true,""dedupe"":true,""demote_stale"":true,""audit_required"":true}",protocol_components,1.0,0.8,external_memory_state_and_outcome_verifier,state_loss;irrelevant_retrieval;bad_provenance;temporal_error;stale_intrusion;bad_consolidation;memory_corruption;self_certification,all lower M levels,protocol-bound,False,required,required on identical cross-tier failures,must report,M is independently measured and excluded from default HLIS. High M does not by itself promote I.
M-M4-REPAIR_CORRU-02,M,supporting,M4,repair_corruption,2,memory_management,M4 Repair Corruption #2,Evaluate Memory Capability independently from Individual Intelligence. Use genuine process/context discontinuity for M1+ where persistence is claimed.,"{""memory_store"":{""protected"":[{""id"":""p1"",""value"":""critical""}],""duplicates"":[{""id"":""d1"",""value"":""same""},{""id"":""d2"",""value"":""same""}],""stale"":[{""id"":""s1"",""value"":""old""}],""corrupt"":[{""id"":""c1"",""checksum"":""bad""}]}}","{""query"":""Repair/manage the memory store while preserving protected state and audit decisions.""}","{""preserve_protected"":true,""repair_or_quarantine_corrupt"":true,""dedupe"":true,""demote_stale"":true,""audit_required"":true}",protocol_components,1.0,0.8,external_memory_state_and_outcome_verifier,state_loss;irrelevant_retrieval;bad_provenance;temporal_error;stale_intrusion;bad_consolidation;memory_corruption;self_certification,all lower M levels,protocol-bound,False,required,required on identical cross-tier failures,must report,M is independently measured and excluded from default HLIS. High M does not by itself promote I.
M-M4-REPAIR_CORRU-03,M,supporting,M4,repair_corruption,3,memory_management,M4 Repair Corruption #3,Evaluate Memory Capability independently from Individual Intelligence. Use genuine process/context discontinuity for M1+ where persistence is claimed.,"{""memory_store"":{""protected"":[{""id"":""p1"",""value"":""critical""}],""duplicates"":[{""id"":""d1"",""value"":""same""},{""id"":""d2"",""value"":""same""}],""stale"":[{""id"":""s1"",""value"":""old""}],""corrupt"":[{""id"":""c1"",""checksum"":""bad""}]}}","{""query"":""Repair/manage the memory store while preserving protected state and audit decisions.""}","{""preserve_protected"":true,""repair_or_quarantine_corrupt"":true,""dedupe"":true,""demote_stale"":true,""audit_required"":true}",protocol_components,1.0,0.8,external_memory_state_and_outcome_verifier,state_loss;irrelevant_retrieval;bad_provenance;temporal_error;stale_intrusion;bad_consolidation;memory_corruption;self_certification,all lower M levels,protocol-bound,False,required,required on identical cross-tier failures,must report,M is independently measured and excluded from default HLIS. High M does not by itself promote I.
M-M4-REPAIR_CORRU-04,M,supporting,M4,repair_corruption,4,memory_management,M4 Repair Corruption #4,Evaluate Memory Capability independently from Individual Intelligence. Use genuine process/context discontinuity for M1+ where persistence is claimed.,"{""memory_store"":{""protected"":[{""id"":""p1"",""value"":""critical""}],""duplicates"":[{""id"":""d1"",""value"":""same""},{""id"":""d2"",""value"":""same""}],""stale"":[{""id"":""s1"",""value"":""old""}],""corrupt"":[{""id"":""c1"",""checksum"":""bad""}]}}","{""query"":""Repair/manage the memory store while preserving protected state and audit decisions.""}","{""preserve_protected"":true,""repair_or_quarantine_corrupt"":true,""dedupe"":true,""demote_stale"":true,""audit_required"":true}",protocol_components,1.0,0.8,external_memory_state_and_outcome_verifier,state_loss;irrelevant_retrieval;bad_provenance;temporal_error;stale_intrusion;bad_consolidation;memory_corruption;self_certification,all lower M levels,protocol-bound,False,required,required on identical cross-tier failures,must report,M is independently measured and excluded from default HLIS. High M does not by itself promote I.
M-M4-UTILITY_RETE-01,M,supporting,M4,utility_retention,1,memory_management,M4 Utility Retention #1,Evaluate Memory Capability independently from Individual Intelligence. Use genuine process/context discontinuity for M1+ where persistence is claimed.,"{""memory_store"":{""protected"":[{""id"":""p1"",""value"":""critical""}],""duplicates"":[{""id"":""d1"",""value"":""same""},{""id"":""d2"",""value"":""same""}],""stale"":[{""id"":""s1"",""value"":""old""}],""corrupt"":[{""id"":""c1"",""checksum"":""bad""}]}}","{""query"":""Repair/manage the memory store while preserving protected state and audit decisions.""}","{""preserve_protected"":true,""repair_or_quarantine_corrupt"":true,""dedupe"":true,""demote_stale"":true,""audit_required"":true}",protocol_components,1.0,0.8,external_memory_state_and_outcome_verifier,state_loss;irrelevant_retrieval;bad_provenance;temporal_error;stale_intrusion;bad_consolidation;memory_corruption;self_certification,all lower M levels,protocol-bound,False,required,required on identical cross-tier failures,must report,M is independently measured and excluded from default HLIS. High M does not by itself promote I.
M-M4-UTILITY_RETE-02,M,supporting,M4,utility_retention,2,memory_management,M4 Utility Retention #2,Evaluate Memory Capability independently from Individual Intelligence. Use genuine process/context discontinuity for M1+ where persistence is claimed.,"{""memory_store"":{""protected"":[{""id"":""p1"",""value"":""critical""}],""duplicates"":[{""id"":""d1"",""value"":""same""},{""id"":""d2"",""value"":""same""}],""stale"":[{""id"":""s1"",""value"":""old""}],""corrupt"":[{""id"":""c1"",""checksum"":""bad""}]}}","{""query"":""Repair/manage the memory store while preserving protected state and audit decisions.""}","{""preserve_protected"":true,""repair_or_quarantine_corrupt"":true,""dedupe"":true,""demote_stale"":true,""audit_required"":true}",protocol_components,1.0,0.8,external_memory_state_and_outcome_verifier,state_loss;irrelevant_retrieval;bad_provenance;temporal_error;stale_intrusion;bad_consolidation;memory_corruption;self_certification,all lower M levels,protocol-bound,False,required,required on identical cross-tier failures,must report,M is independently measured and excluded from default HLIS. High M does not by itself promote I.
M-M4-UTILITY_RETE-03,M,supporting,M4,utility_retention,3,memory_management,M4 Utility Retention #3,Evaluate Memory Capability independently from Individual Intelligence. Use genuine process/context discontinuity for M1+ where persistence is claimed.,"{""memory_store"":{""protected"":[{""id"":""p1"",""value"":""critical""}],""duplicates"":[{""id"":""d1"",""value"":""same""},{""id"":""d2"",""value"":""same""}],""stale"":[{""id"":""s1"",""value"":""old""}],""corrupt"":[{""id"":""c1"",""checksum"":""bad""}]}}","{""query"":""Repair/manage the memory store while preserving protected state and audit decisions.""}","{""preserve_protected"":true,""repair_or_quarantine_corrupt"":true,""dedupe"":true,""demote_stale"":true,""audit_required"":true}",protocol_components,1.0,0.8,external_memory_state_and_outcome_verifier,state_loss;irrelevant_retrieval;bad_provenance;temporal_error;stale_intrusion;bad_consolidation;memory_corruption;self_certification,all lower M levels,protocol-bound,False,required,required on identical cross-tier failures,must report,M is independently measured and excluded from default HLIS. High M does not by itself promote I.
M-M4-UTILITY_RETE-04,M,supporting,M4,utility_retention,4,memory_management,M4 Utility Retention #4,Evaluate Memory Capability independently from Individual Intelligence. Use genuine process/context discontinuity for M1+ where persistence is claimed.,"{""memory_store"":{""protected"":[{""id"":""p1"",""value"":""critical""}],""duplicates"":[{""id"":""d1"",""value"":""same""},{""id"":""d2"",""value"":""same""}],""stale"":[{""id"":""s1"",""value"":""old""}],""corrupt"":[{""id"":""c1"",""checksum"":""bad""}]}}","{""query"":""Repair/manage the memory store while preserving protected state and audit decisions.""}","{""preserve_protected"":true,""repair_or_quarantine_corrupt"":true,""dedupe"":true,""demote_stale"":true,""audit_required"":true}",protocol_components,1.0,0.8,external_memory_state_and_outcome_verifier,state_loss;irrelevant_retrieval;bad_provenance;temporal_error;stale_intrusion;bad_consolidation;memory_corruption;self_certification,all lower M levels,protocol-bound,False,required,required on identical cross-tier failures,must report,M is independently measured and excluded from default HLIS. High M does not by itself promote I.
M-M4-PRUNING-01,M,supporting,M4,pruning,1,memory_management,M4 Pruning #1,Evaluate Memory Capability independently from Individual Intelligence. Use genuine process/context discontinuity for M1+ where persistence is claimed.,"{""memory_store"":{""protected"":[{""id"":""p1"",""value"":""critical""}],""duplicates"":[{""id"":""d1"",""value"":""same""},{""id"":""d2"",""value"":""same""}],""stale"":[{""id"":""s1"",""value"":""old""}],""corrupt"":[{""id"":""c1"",""checksum"":""bad""}]}}","{""query"":""Repair/manage the memory store while preserving protected state and audit decisions.""}","{""preserve_protected"":true,""repair_or_quarantine_corrupt"":true,""dedupe"":true,""demote_stale"":true,""audit_required"":true}",protocol_components,1.0,0.8,external_memory_state_and_outcome_verifier,state_loss;irrelevant_retrieval;bad_provenance;temporal_error;stale_intrusion;bad_consolidation;memory_corruption;self_certification,all lower M levels,protocol-bound,False,required,required on identical cross-tier failures,must report,M is independently measured and excluded from default HLIS. High M does not by itself promote I.
M-M4-PRUNING-02,M,supporting,M4,pruning,2,memory_management,M4 Pruning #2,Evaluate Memory Capability independently from Individual Intelligence. Use genuine process/context discontinuity for M1+ where persistence is claimed.,"{""memory_store"":{""protected"":[{""id"":""p1"",""value"":""critical""}],""duplicates"":[{""id"":""d1"",""value"":""same""},{""id"":""d2"",""value"":""same""}],""stale"":[{""id"":""s1"",""value"":""old""}],""corrupt"":[{""id"":""c1"",""checksum"":""bad""}]}}","{""query"":""Repair/manage the memory store while preserving protected state and audit decisions.""}","{""preserve_protected"":true,""repair_or_quarantine_corrupt"":true,""dedupe"":true,""demote_stale"":true,""audit_required"":true}",protocol_components,1.0,0.8,external_memory_state_and_outcome_verifier,state_loss;irrelevant_retrieval;bad_provenance;temporal_error;stale_intrusion;bad_consolidation;memory_corruption;self_certification,all lower M levels,protocol-bound,False,required,required on identical cross-tier failures,must report,M is independently measured and excluded from default HLIS. High M does not by itself promote I.
M-M4-PRUNING-03,M,supporting,M4,pruning,3,memory_management,M4 Pruning #3,Evaluate Memory Capability independently from Individual Intelligence. Use genuine process/context discontinuity for M1+ where persistence is claimed.,"{""memory_store"":{""protected"":[{""id"":""p1"",""value"":""critical""}],""duplicates"":[{""id"":""d1"",""value"":""same""},{""id"":""d2"",""value"":""same""}],""stale"":[{""id"":""s1"",""value"":""old""}],""corrupt"":[{""id"":""c1"",""checksum"":""bad""}]}}","{""query"":""Repair/manage the memory store while preserving protected state and audit decisions.""}","{""preserve_protected"":true,""repair_or_quarantine_corrupt"":true,""dedupe"":true,""demote_stale"":true,""audit_required"":true}",protocol_components,1.0,0.8,external_memory_state_and_outcome_verifier,state_loss;irrelevant_retrieval;bad_provenance;temporal_error;stale_intrusion;bad_consolidation;memory_corruption;self_certification,all lower M levels,protocol-bound,False,required,required on identical cross-tier failures,must report,M is independently measured and excluded from default HLIS. High M does not by itself promote I.
M-M4-PRUNING-04,M,supporting,M4,pruning,4,memory_management,M4 Pruning #4,Evaluate Memory Capability independently from Individual Intelligence. Use genuine process/context discontinuity for M1+ where persistence is claimed.,"{""memory_store"":{""protected"":[{""id"":""p1"",""value"":""critical""}],""duplicates"":[{""id"":""d1"",""value"":""same""},{""id"":""d2"",""value"":""same""}],""stale"":[{""id"":""s1"",""value"":""old""}],""corrupt"":[{""id"":""c1"",""checksum"":""bad""}]}}","{""query"":""Repair/manage the memory store while preserving protected state and audit decisions.""}","{""preserve_protected"":true,""repair_or_quarantine_corrupt"":true,""dedupe"":true,""demote_stale"":true,""audit_required"":true}",protocol_components,1.0,0.8,external_memory_state_and_outcome_verifier,state_loss;irrelevant_retrieval;bad_provenance;temporal_error;stale_intrusion;bad_consolidation;memory_corruption;self_certification,all lower M levels,protocol-bound,False,required,required on identical cross-tier failures,must report,M is independently measured and excluded from default HLIS. High M does not by itself promote I.
M-M4-SNAPSHOT_RES-01,M,supporting,M4,snapshot_restore,1,memory_management,M4 Snapshot Restore #1,Evaluate Memory Capability independently from Individual Intelligence. Use genuine process/context discontinuity for M1+ where persistence is claimed.,"{""memory_store"":{""protected"":[{""id"":""p1"",""value"":""critical""}],""duplicates"":[{""id"":""d1"",""value"":""same""},{""id"":""d2"",""value"":""same""}],""stale"":[{""id"":""s1"",""value"":""old""}],""corrupt"":[{""id"":""c1"",""checksum"":""bad""}]}}","{""query"":""Repair/manage the memory store while preserving protected state and audit decisions.""}","{""preserve_protected"":true,""repair_or_quarantine_corrupt"":true,""dedupe"":true,""demote_stale"":true,""audit_required"":true}",protocol_components,1.0,0.8,external_memory_state_and_outcome_verifier,state_loss;irrelevant_retrieval;bad_provenance;temporal_error;stale_intrusion;bad_consolidation;memory_corruption;self_certification,all lower M levels,protocol-bound,False,required,required on identical cross-tier failures,must report,M is independently measured and excluded from default HLIS. High M does not by itself promote I.
M-M4-SNAPSHOT_RES-02,M,supporting,M4,snapshot_restore,2,memory_management,M4 Snapshot Restore #2,Evaluate Memory Capability independently from Individual Intelligence. Use genuine process/context discontinuity for M1+ where persistence is claimed.,"{""memory_store"":{""protected"":[{""id"":""p1"",""value"":""critical""}],""duplicates"":[{""id"":""d1"",""value"":""same""},{""id"":""d2"",""value"":""same""}],""stale"":[{""id"":""s1"",""value"":""old""}],""corrupt"":[{""id"":""c1"",""checksum"":""bad""}]}}","{""query"":""Repair/manage the memory store while preserving protected state and audit decisions.""}","{""preserve_protected"":true,""repair_or_quarantine_corrupt"":true,""dedupe"":true,""demote_stale"":true,""audit_required"":true}",protocol_components,1.0,0.8,external_memory_state_and_outcome_verifier,state_loss;irrelevant_retrieval;bad_provenance;temporal_error;stale_intrusion;bad_consolidation;memory_corruption;self_certification,all lower M levels,protocol-bound,False,required,required on identical cross-tier failures,must report,M is independently measured and excluded from default HLIS. High M does not by itself promote I.
M-M4-SNAPSHOT_RES-03,M,supporting,M4,snapshot_restore,3,memory_management,M4 Snapshot Restore #3,Evaluate Memory Capability independently from Individual Intelligence. Use genuine process/context discontinuity for M1+ where persistence is claimed.,"{""memory_store"":{""protected"":[{""id"":""p1"",""value"":""critical""}],""duplicates"":[{""id"":""d1"",""value"":""same""},{""id"":""d2"",""value"":""same""}],""stale"":[{""id"":""s1"",""value"":""old""}],""corrupt"":[{""id"":""c1"",""checksum"":""bad""}]}}","{""query"":""Repair/manage the memory store while preserving protected state and audit decisions.""}","{""preserve_protected"":true,""repair_or_quarantine_corrupt"":true,""dedupe"":true,""demote_stale"":true,""audit_required"":true}",protocol_components,1.0,0.8,external_memory_state_and_outcome_verifier,state_loss;irrelevant_retrieval;bad_provenance;temporal_error;stale_intrusion;bad_consolidation;memory_corruption;self_certification,all lower M levels,protocol-bound,False,required,required on identical cross-tier failures,must report,M is independently measured and excluded from default HLIS. High M does not by itself promote I.
M-M4-SNAPSHOT_RES-04,M,supporting,M4,snapshot_restore,4,memory_management,M4 Snapshot Restore #4,Evaluate Memory Capability independently from Individual Intelligence. Use genuine process/context discontinuity for M1+ where persistence is claimed.,"{""memory_store"":{""protected"":[{""id"":""p1"",""value"":""critical""}],""duplicates"":[{""id"":""d1"",""value"":""same""},{""id"":""d2"",""value"":""same""}],""stale"":[{""id"":""s1"",""value"":""old""}],""corrupt"":[{""id"":""c1"",""checksum"":""bad""}]}}","{""query"":""Repair/manage the memory store while preserving protected state and audit decisions.""}","{""preserve_protected"":true,""repair_or_quarantine_corrupt"":true,""dedupe"":true,""demote_stale"":true,""audit_required"":true}",protocol_components,1.0,0.8,external_memory_state_and_outcome_verifier,state_loss;irrelevant_retrieval;bad_provenance;temporal_error;stale_intrusion;bad_consolidation;memory_corruption;self_certification,all lower M levels,protocol-bound,False,required,required on identical cross-tier failures,must report,M is independently measured and excluded from default HLIS. High M does not by itself promote I.
M-M4-CONFLICT_RES-01,M,supporting,M4,conflict_resolution,1,memory_management,M4 Conflict Resolution #1,Evaluate Memory Capability independently from Individual Intelligence. Use genuine process/context discontinuity for M1+ where persistence is claimed.,"{""memory_store"":{""protected"":[{""id"":""p1"",""value"":""critical""}],""duplicates"":[{""id"":""d1"",""value"":""same""},{""id"":""d2"",""value"":""same""}],""stale"":[{""id"":""s1"",""value"":""old""}],""corrupt"":[{""id"":""c1"",""checksum"":""bad""}]}}","{""query"":""Repair/manage the memory store while preserving protected state and audit decisions.""}","{""preserve_protected"":true,""repair_or_quarantine_corrupt"":true,""dedupe"":true,""demote_stale"":true,""audit_required"":true}",protocol_components,1.0,0.8,external_memory_state_and_outcome_verifier,state_loss;irrelevant_retrieval;bad_provenance;temporal_error;stale_intrusion;bad_consolidation;memory_corruption;self_certification,all lower M levels,protocol-bound,False,required,required on identical cross-tier failures,must report,M is independently measured and excluded from default HLIS. High M does not by itself promote I.
M-M4-CONFLICT_RES-02,M,supporting,M4,conflict_resolution,2,memory_management,M4 Conflict Resolution #2,Evaluate Memory Capability independently from Individual Intelligence. Use genuine process/context discontinuity for M1+ where persistence is claimed.,"{""memory_store"":{""protected"":[{""id"":""p1"",""value"":""critical""}],""duplicates"":[{""id"":""d1"",""value"":""same""},{""id"":""d2"",""value"":""same""}],""stale"":[{""id"":""s1"",""value"":""old""}],""corrupt"":[{""id"":""c1"",""checksum"":""bad""}]}}","{""query"":""Repair/manage the memory store while preserving protected state and audit decisions.""}","{""preserve_protected"":true,""repair_or_quarantine_corrupt"":true,""dedupe"":true,""demote_stale"":true,""audit_required"":true}",protocol_components,1.0,0.8,external_memory_state_and_outcome_verifier,state_loss;irrelevant_retrieval;bad_provenance;temporal_error;stale_intrusion;bad_consolidation;memory_corruption;self_certification,all lower M levels,protocol-bound,False,required,required on identical cross-tier failures,must report,M is independently measured and excluded from default HLIS. High M does not by itself promote I.
M-M4-CONFLICT_RES-03,M,supporting,M4,conflict_resolution,3,memory_management,M4 Conflict Resolution #3,Evaluate Memory Capability independently from Individual Intelligence. Use genuine process/context discontinuity for M1+ where persistence is claimed.,"{""memory_store"":{""protected"":[{""id"":""p1"",""value"":""critical""}],""duplicates"":[{""id"":""d1"",""value"":""same""},{""id"":""d2"",""value"":""same""}],""stale"":[{""id"":""s1"",""value"":""old""}],""corrupt"":[{""id"":""c1"",""checksum"":""bad""}]}}","{""query"":""Repair/manage the memory store while preserving protected state and audit decisions.""}","{""preserve_protected"":true,""repair_or_quarantine_corrupt"":true,""dedupe"":true,""demote_stale"":true,""audit_required"":true}",protocol_components,1.0,0.8,external_memory_state_and_outcome_verifier,state_loss;irrelevant_retrieval;bad_provenance;temporal_error;stale_intrusion;bad_consolidation;memory_corruption;self_certification,all lower M levels,protocol-bound,False,required,required on identical cross-tier failures,must report,M is independently measured and excluded from default HLIS. High M does not by itself promote I.
M-M4-CONFLICT_RES-04,M,supporting,M4,conflict_resolution,4,memory_management,M4 Conflict Resolution #4,Evaluate Memory Capability independently from Individual Intelligence. Use genuine process/context discontinuity for M1+ where persistence is claimed.,"{""memory_store"":{""protected"":[{""id"":""p1"",""value"":""critical""}],""duplicates"":[{""id"":""d1"",""value"":""same""},{""id"":""d2"",""value"":""same""}],""stale"":[{""id"":""s1"",""value"":""old""}],""corrupt"":[{""id"":""c1"",""checksum"":""bad""}]}}","{""query"":""Repair/manage the memory store while preserving protected state and audit decisions.""}","{""preserve_protected"":true,""repair_or_quarantine_corrupt"":true,""dedupe"":true,""demote_stale"":true,""audit_required"":true}",protocol_components,1.0,0.8,external_memory_state_and_outcome_verifier,state_loss;irrelevant_retrieval;bad_provenance;temporal_error;stale_intrusion;bad_consolidation;memory_corruption;self_certification,all lower M levels,protocol-bound,False,required,required on identical cross-tier failures,must report,M is independently measured and excluded from default HLIS. High M does not by itself promote I.
M-M5-HYPOTHESIS_E-01,M,supporting,M5,hypothesis_evidence_graph,1,longitudinal_knowledge,M5 Hypothesis Evidence Graph #1,Evaluate Memory Capability independently from Individual Intelligence. Use genuine process/context discontinuity for M1+ where persistence is claimed.,"{""projects"":[{""id"":""R1"",""hypothesis"":""H1"",""experiment"":""X1"",""result"":""reject"",""evidence"":""E1""},{""id"":""R2"",""hypothesis"":""H2"",""experiment"":""X2"",""result"":""support"",""evidence"":""E2""}],""terminate_process"":true}","{""restart"":true,""query"":""Reconstruct hypothesis-experiment-evidence lineage and identify validated knowledge.""}","{""validated"":""H2"",""rejected"":""H1"",""lineage_required"":true,""cross_project_consistency"":true}",protocol_components,1.0,0.7,external_memory_state_and_outcome_verifier,state_loss;irrelevant_retrieval;bad_provenance;temporal_error;stale_intrusion;bad_consolidation;memory_corruption;self_certification,all lower M levels,protocol-bound,False,required,required on identical cross-tier failures,must report,M is independently measured and excluded from default HLIS. High M does not by itself promote I.
M-M5-HYPOTHESIS_E-02,M,supporting,M5,hypothesis_evidence_graph,2,longitudinal_knowledge,M5 Hypothesis Evidence Graph #2,Evaluate Memory Capability independently from Individual Intelligence. Use genuine process/context discontinuity for M1+ where persistence is claimed.,"{""projects"":[{""id"":""R1"",""hypothesis"":""H1"",""experiment"":""X1"",""result"":""reject"",""evidence"":""E1""},{""id"":""R2"",""hypothesis"":""H2"",""experiment"":""X2"",""result"":""support"",""evidence"":""E2""}],""terminate_process"":true}","{""restart"":true,""query"":""Reconstruct hypothesis-experiment-evidence lineage and identify validated knowledge.""}","{""validated"":""H2"",""rejected"":""H1"",""lineage_required"":true,""cross_project_consistency"":true}",protocol_components,1.0,0.7,external_memory_state_and_outcome_verifier,state_loss;irrelevant_retrieval;bad_provenance;temporal_error;stale_intrusion;bad_consolidation;memory_corruption;self_certification,all lower M levels,protocol-bound,False,required,required on identical cross-tier failures,must report,M is independently measured and excluded from default HLIS. High M does not by itself promote I.
M-M5-HYPOTHESIS_E-03,M,supporting,M5,hypothesis_evidence_graph,3,longitudinal_knowledge,M5 Hypothesis Evidence Graph #3,Evaluate Memory Capability independently from Individual Intelligence. Use genuine process/context discontinuity for M1+ where persistence is claimed.,"{""projects"":[{""id"":""R1"",""hypothesis"":""H1"",""experiment"":""X1"",""result"":""reject"",""evidence"":""E1""},{""id"":""R2"",""hypothesis"":""H2"",""experiment"":""X2"",""result"":""support"",""evidence"":""E2""}],""terminate_process"":true}","{""restart"":true,""query"":""Reconstruct hypothesis-experiment-evidence lineage and identify validated knowledge.""}","{""validated"":""H2"",""rejected"":""H1"",""lineage_required"":true,""cross_project_consistency"":true}",protocol_components,1.0,0.7,external_memory_state_and_outcome_verifier,state_loss;irrelevant_retrieval;bad_provenance;temporal_error;stale_intrusion;bad_consolidation;memory_corruption;self_certification,all lower M levels,protocol-bound,False,required,required on identical cross-tier failures,must report,M is independently measured and excluded from default HLIS. High M does not by itself promote I.
M-M5-HYPOTHESIS_E-04,M,supporting,M5,hypothesis_evidence_graph,4,longitudinal_knowledge,M5 Hypothesis Evidence Graph #4,Evaluate Memory Capability independently from Individual Intelligence. Use genuine process/context discontinuity for M1+ where persistence is claimed.,"{""projects"":[{""id"":""R1"",""hypothesis"":""H1"",""experiment"":""X1"",""result"":""reject"",""evidence"":""E1""},{""id"":""R2"",""hypothesis"":""H2"",""experiment"":""X2"",""result"":""support"",""evidence"":""E2""}],""terminate_process"":true}","{""restart"":true,""query"":""Reconstruct hypothesis-experiment-evidence lineage and identify validated knowledge.""}","{""validated"":""H2"",""rejected"":""H1"",""lineage_required"":true,""cross_project_consistency"":true}",protocol_components,1.0,0.7,external_memory_state_and_outcome_verifier,state_loss;irrelevant_retrieval;bad_provenance;temporal_error;stale_intrusion;bad_consolidation;memory_corruption;self_certification,all lower M levels,protocol-bound,False,required,required on identical cross-tier failures,must report,M is independently measured and excluded from default HLIS. High M does not by itself promote I.
M-M5-EXPERIMENT_L-01,M,supporting,M5,experiment_lineage,1,longitudinal_knowledge,M5 Experiment Lineage #1,Evaluate Memory Capability independently from Individual Intelligence. Use genuine process/context discontinuity for M1+ where persistence is claimed.,"{""projects"":[{""id"":""R1"",""hypothesis"":""H1"",""experiment"":""X1"",""result"":""reject"",""evidence"":""E1""},{""id"":""R2"",""hypothesis"":""H2"",""experiment"":""X2"",""result"":""support"",""evidence"":""E2""}],""terminate_process"":true}","{""restart"":true,""query"":""Reconstruct hypothesis-experiment-evidence lineage and identify validated knowledge.""}","{""validated"":""H2"",""rejected"":""H1"",""lineage_required"":true,""cross_project_consistency"":true}",protocol_components,1.0,0.7,external_memory_state_and_outcome_verifier,state_loss;irrelevant_retrieval;bad_provenance;temporal_error;stale_intrusion;bad_consolidation;memory_corruption;self_certification,all lower M levels,protocol-bound,False,required,required on identical cross-tier failures,must report,M is independently measured and excluded from default HLIS. High M does not by itself promote I.
M-M5-EXPERIMENT_L-02,M,supporting,M5,experiment_lineage,2,longitudinal_knowledge,M5 Experiment Lineage #2,Evaluate Memory Capability independently from Individual Intelligence. Use genuine process/context discontinuity for M1+ where persistence is claimed.,"{""projects"":[{""id"":""R1"",""hypothesis"":""H1"",""experiment"":""X1"",""result"":""reject"",""evidence"":""E1""},{""id"":""R2"",""hypothesis"":""H2"",""experiment"":""X2"",""result"":""support"",""evidence"":""E2""}],""terminate_process"":true}","{""restart"":true,""query"":""Reconstruct hypothesis-experiment-evidence lineage and identify validated knowledge.""}","{""validated"":""H2"",""rejected"":""H1"",""lineage_required"":true,""cross_project_consistency"":true}",protocol_components,1.0,0.7,external_memory_state_and_outcome_verifier,state_loss;irrelevant_retrieval;bad_provenance;temporal_error;stale_intrusion;bad_consolidation;memory_corruption;self_certification,all lower M levels,protocol-bound,False,required,required on identical cross-tier failures,must report,M is independently measured and excluded from default HLIS. High M does not by itself promote I.
M-M5-EXPERIMENT_L-03,M,supporting,M5,experiment_lineage,3,longitudinal_knowledge,M5 Experiment Lineage #3,Evaluate Memory Capability independently from Individual Intelligence. Use genuine process/context discontinuity for M1+ where persistence is claimed.,"{""projects"":[{""id"":""R1"",""hypothesis"":""H1"",""experiment"":""X1"",""result"":""reject"",""evidence"":""E1""},{""id"":""R2"",""hypothesis"":""H2"",""experiment"":""X2"",""result"":""support"",""evidence"":""E2""}],""terminate_process"":true}","{""restart"":true,""query"":""Reconstruct hypothesis-experiment-evidence lineage and identify validated knowledge.""}","{""validated"":""H2"",""rejected"":""H1"",""lineage_required"":true,""cross_project_consistency"":true}",protocol_components,1.0,0.7,external_memory_state_and_outcome_verifier,state_loss;irrelevant_retrieval;bad_provenance;temporal_error;stale_intrusion;bad_consolidation;memory_corruption;self_certification,all lower M levels,protocol-bound,False,required,required on identical cross-tier failures,must report,M is independently measured and excluded from default HLIS. High M does not by itself promote I.
M-M5-EXPERIMENT_L-04,M,supporting,M5,experiment_lineage,4,longitudinal_knowledge,M5 Experiment Lineage #4,Evaluate Memory Capability independently from Individual Intelligence. Use genuine process/context discontinuity for M1+ where persistence is claimed.,"{""projects"":[{""id"":""R1"",""hypothesis"":""H1"",""experiment"":""X1"",""result"":""reject"",""evidence"":""E1""},{""id"":""R2"",""hypothesis"":""H2"",""experiment"":""X2"",""result"":""support"",""evidence"":""E2""}],""terminate_process"":true}","{""restart"":true,""query"":""Reconstruct hypothesis-experiment-evidence lineage and identify validated knowledge.""}","{""validated"":""H2"",""rejected"":""H1"",""lineage_required"":true,""cross_project_consistency"":true}",protocol_components,1.0,0.7,external_memory_state_and_outcome_verifier,state_loss;irrelevant_retrieval;bad_provenance;temporal_error;stale_intrusion;bad_consolidation;memory_corruption;self_certification,all lower M levels,protocol-bound,False,required,required on identical cross-tier failures,must report,M is independently measured and excluded from default HLIS. High M does not by itself promote I.
M-M5-DECISION_LIN-01,M,supporting,M5,decision_lineage,1,longitudinal_knowledge,M5 Decision Lineage #1,Evaluate Memory Capability independently from Individual Intelligence. Use genuine process/context discontinuity for M1+ where persistence is claimed.,"{""projects"":[{""id"":""R1"",""hypothesis"":""H1"",""experiment"":""X1"",""result"":""reject"",""evidence"":""E1""},{""id"":""R2"",""hypothesis"":""H2"",""experiment"":""X2"",""result"":""support"",""evidence"":""E2""}],""terminate_process"":true}","{""restart"":true,""query"":""Reconstruct hypothesis-experiment-evidence lineage and identify validated knowledge.""}","{""validated"":""H2"",""rejected"":""H1"",""lineage_required"":true,""cross_project_consistency"":true}",protocol_components,1.0,0.7,external_memory_state_and_outcome_verifier,state_loss;irrelevant_retrieval;bad_provenance;temporal_error;stale_intrusion;bad_consolidation;memory_corruption;self_certification,all lower M levels,protocol-bound,False,required,required on identical cross-tier failures,must report,M is independently measured and excluded from default HLIS. High M does not by itself promote I.
M-M5-DECISION_LIN-02,M,supporting,M5,decision_lineage,2,longitudinal_knowledge,M5 Decision Lineage #2,Evaluate Memory Capability independently from Individual Intelligence. Use genuine process/context discontinuity for M1+ where persistence is claimed.,"{""projects"":[{""id"":""R1"",""hypothesis"":""H1"",""experiment"":""X1"",""result"":""reject"",""evidence"":""E1""},{""id"":""R2"",""hypothesis"":""H2"",""experiment"":""X2"",""result"":""support"",""evidence"":""E2""}],""terminate_process"":true}","{""restart"":true,""query"":""Reconstruct hypothesis-experiment-evidence lineage and identify validated knowledge.""}","{""validated"":""H2"",""rejected"":""H1"",""lineage_required"":true,""cross_project_consistency"":true}",protocol_components,1.0,0.7,external_memory_state_and_outcome_verifier,state_loss;irrelevant_retrieval;bad_provenance;temporal_error;stale_intrusion;bad_consolidation;memory_corruption;self_certification,all lower M levels,protocol-bound,False,required,required on identical cross-tier failures,must report,M is independently measured and excluded from default HLIS. High M does not by itself promote I.
M-M5-DECISION_LIN-03,M,supporting,M5,decision_lineage,3,longitudinal_knowledge,M5 Decision Lineage #3,Evaluate Memory Capability independently from Individual Intelligence. Use genuine process/context discontinuity for M1+ where persistence is claimed.,"{""projects"":[{""id"":""R1"",""hypothesis"":""H1"",""experiment"":""X1"",""result"":""reject"",""evidence"":""E1""},{""id"":""R2"",""hypothesis"":""H2"",""experiment"":""X2"",""result"":""support"",""evidence"":""E2""}],""terminate_process"":true}","{""restart"":true,""query"":""Reconstruct hypothesis-experiment-evidence lineage and identify validated knowledge.""}","{""validated"":""H2"",""rejected"":""H1"",""lineage_required"":true,""cross_project_consistency"":true}",protocol_components,1.0,0.7,external_memory_state_and_outcome_verifier,state_loss;irrelevant_retrieval;bad_provenance;temporal_error;stale_intrusion;bad_consolidation;memory_corruption;self_certification,all lower M levels,protocol-bound,False,required,required on identical cross-tier failures,must report,M is independently measured and excluded from default HLIS. High M does not by itself promote I.
M-M5-DECISION_LIN-04,M,supporting,M5,decision_lineage,4,longitudinal_knowledge,M5 Decision Lineage #4,Evaluate Memory Capability independently from Individual Intelligence. Use genuine process/context discontinuity for M1+ where persistence is claimed.,"{""projects"":[{""id"":""R1"",""hypothesis"":""H1"",""experiment"":""X1"",""result"":""reject"",""evidence"":""E1""},{""id"":""R2"",""hypothesis"":""H2"",""experiment"":""X2"",""result"":""support"",""evidence"":""E2""}],""terminate_process"":true}","{""restart"":true,""query"":""Reconstruct hypothesis-experiment-evidence lineage and identify validated knowledge.""}","{""validated"":""H2"",""rejected"":""H1"",""lineage_required"":true,""cross_project_consistency"":true}",protocol_components,1.0,0.7,external_memory_state_and_outcome_verifier,state_loss;irrelevant_retrieval;bad_provenance;temporal_error;stale_intrusion;bad_consolidation;memory_corruption;self_certification,all lower M levels,protocol-bound,False,required,required on identical cross-tier failures,must report,M is independently measured and excluded from default HLIS. High M does not by itself promote I.
M-M5-CROSS_PROJEC-01,M,supporting,M5,cross_project_retrieval,1,longitudinal_knowledge,M5 Cross Project Retrieval #1,Evaluate Memory Capability independently from Individual Intelligence. Use genuine process/context discontinuity for M1+ where persistence is claimed.,"{""projects"":[{""id"":""R1"",""hypothesis"":""H1"",""experiment"":""X1"",""result"":""reject"",""evidence"":""E1""},{""id"":""R2"",""hypothesis"":""H2"",""experiment"":""X2"",""result"":""support"",""evidence"":""E2""}],""terminate_process"":true}","{""restart"":true,""query"":""Reconstruct hypothesis-experiment-evidence lineage and identify validated knowledge.""}","{""validated"":""H2"",""rejected"":""H1"",""lineage_required"":true,""cross_project_consistency"":true}",protocol_components,1.0,0.7,external_memory_state_and_outcome_verifier,state_loss;irrelevant_retrieval;bad_provenance;temporal_error;stale_intrusion;bad_consolidation;memory_corruption;self_certification,all lower M levels,protocol-bound,False,required,required on identical cross-tier failures,must report,M is independently measured and excluded from default HLIS. High M does not by itself promote I.
M-M5-CROSS_PROJEC-02,M,supporting,M5,cross_project_retrieval,2,longitudinal_knowledge,M5 Cross Project Retrieval #2,Evaluate Memory Capability independently from Individual Intelligence. Use genuine process/context discontinuity for M1+ where persistence is claimed.,"{""projects"":[{""id"":""R1"",""hypothesis"":""H1"",""experiment"":""X1"",""result"":""reject"",""evidence"":""E1""},{""id"":""R2"",""hypothesis"":""H2"",""experiment"":""X2"",""result"":""support"",""evidence"":""E2""}],""terminate_process"":true}","{""restart"":true,""query"":""Reconstruct hypothesis-experiment-evidence lineage and identify validated knowledge.""}","{""validated"":""H2"",""rejected"":""H1"",""lineage_required"":true,""cross_project_consistency"":true}",protocol_components,1.0,0.7,external_memory_state_and_outcome_verifier,state_loss;irrelevant_retrieval;bad_provenance;temporal_error;stale_intrusion;bad_consolidation;memory_corruption;self_certification,all lower M levels,protocol-bound,False,required,required on identical cross-tier failures,must report,M is independently measured and excluded from default HLIS. High M does not by itself promote I.
M-M5-CROSS_PROJEC-03,M,supporting,M5,cross_project_retrieval,3,longitudinal_knowledge,M5 Cross Project Retrieval #3,Evaluate Memory Capability independently from Individual Intelligence. Use genuine process/context discontinuity for M1+ where persistence is claimed.,"{""projects"":[{""id"":""R1"",""hypothesis"":""H1"",""experiment"":""X1"",""result"":""reject"",""evidence"":""E1""},{""id"":""R2"",""hypothesis"":""H2"",""experiment"":""X2"",""result"":""support"",""evidence"":""E2""}],""terminate_process"":true}","{""restart"":true,""query"":""Reconstruct hypothesis-experiment-evidence lineage and identify validated knowledge.""}","{""validated"":""H2"",""rejected"":""H1"",""lineage_required"":true,""cross_project_consistency"":true}",protocol_components,1.0,0.7,external_memory_state_and_outcome_verifier,state_loss;irrelevant_retrieval;bad_provenance;temporal_error;stale_intrusion;bad_consolidation;memory_corruption;self_certification,all lower M levels,protocol-bound,False,required,required on identical cross-tier failures,must report,M is independently measured and excluded from default HLIS. High M does not by itself promote I.
M-M5-CROSS_PROJEC-04,M,supporting,M5,cross_project_retrieval,4,longitudinal_knowledge,M5 Cross Project Retrieval #4,Evaluate Memory Capability independently from Individual Intelligence. Use genuine process/context discontinuity for M1+ where persistence is claimed.,"{""projects"":[{""id"":""R1"",""hypothesis"":""H1"",""experiment"":""X1"",""result"":""reject"",""evidence"":""E1""},{""id"":""R2"",""hypothesis"":""H2"",""experiment"":""X2"",""result"":""support"",""evidence"":""E2""}],""terminate_process"":true}","{""restart"":true,""query"":""Reconstruct hypothesis-experiment-evidence lineage and identify validated knowledge.""}","{""validated"":""H2"",""rejected"":""H1"",""lineage_required"":true,""cross_project_consistency"":true}",protocol_components,1.0,0.7,external_memory_state_and_outcome_verifier,state_loss;irrelevant_retrieval;bad_provenance;temporal_error;stale_intrusion;bad_consolidation;memory_corruption;self_certification,all lower M levels,protocol-bound,False,required,required on identical cross-tier failures,must report,M is independently measured and excluded from default HLIS. High M does not by itself promote I.
M-M5-REPRODUCIBIL-01,M,supporting,M5,reproducibility,1,longitudinal_knowledge,M5 Reproducibility #1,Evaluate Memory Capability independently from Individual Intelligence. Use genuine process/context discontinuity for M1+ where persistence is claimed.,"{""projects"":[{""id"":""R1"",""hypothesis"":""H1"",""experiment"":""X1"",""result"":""reject"",""evidence"":""E1""},{""id"":""R2"",""hypothesis"":""H2"",""experiment"":""X2"",""result"":""support"",""evidence"":""E2""}],""terminate_process"":true}","{""restart"":true,""query"":""Reconstruct hypothesis-experiment-evidence lineage and identify validated knowledge.""}","{""validated"":""H2"",""rejected"":""H1"",""lineage_required"":true,""cross_project_consistency"":true}",protocol_components,1.0,0.7,external_memory_state_and_outcome_verifier,state_loss;irrelevant_retrieval;bad_provenance;temporal_error;stale_intrusion;bad_consolidation;memory_corruption;self_certification,all lower M levels,protocol-bound,False,required,required on identical cross-tier failures,must report,M is independently measured and excluded from default HLIS. High M does not by itself promote I.
M-M5-REPRODUCIBIL-02,M,supporting,M5,reproducibility,2,longitudinal_knowledge,M5 Reproducibility #2,Evaluate Memory Capability independently from Individual Intelligence. Use genuine process/context discontinuity for M1+ where persistence is claimed.,"{""projects"":[{""id"":""R1"",""hypothesis"":""H1"",""experiment"":""X1"",""result"":""reject"",""evidence"":""E1""},{""id"":""R2"",""hypothesis"":""H2"",""experiment"":""X2"",""result"":""support"",""evidence"":""E2""}],""terminate_process"":true}","{""restart"":true,""query"":""Reconstruct hypothesis-experiment-evidence lineage and identify validated knowledge.""}","{""validated"":""H2"",""rejected"":""H1"",""lineage_required"":true,""cross_project_consistency"":true}",protocol_components,1.0,0.7,external_memory_state_and_outcome_verifier,state_loss;irrelevant_retrieval;bad_provenance;temporal_error;stale_intrusion;bad_consolidation;memory_corruption;self_certification,all lower M levels,protocol-bound,False,required,required on identical cross-tier failures,must report,M is independently measured and excluded from default HLIS. High M does not by itself promote I.
M-M5-REPRODUCIBIL-03,M,supporting,M5,reproducibility,3,longitudinal_knowledge,M5 Reproducibility #3,Evaluate Memory Capability independently from Individual Intelligence. Use genuine process/context discontinuity for M1+ where persistence is claimed.,"{""projects"":[{""id"":""R1"",""hypothesis"":""H1"",""experiment"":""X1"",""result"":""reject"",""evidence"":""E1""},{""id"":""R2"",""hypothesis"":""H2"",""experiment"":""X2"",""result"":""support"",""evidence"":""E2""}],""terminate_process"":true}","{""restart"":true,""query"":""Reconstruct hypothesis-experiment-evidence lineage and identify validated knowledge.""}","{""validated"":""H2"",""rejected"":""H1"",""lineage_required"":true,""cross_project_consistency"":true}",protocol_components,1.0,0.7,external_memory_state_and_outcome_verifier,state_loss;irrelevant_retrieval;bad_provenance;temporal_error;stale_intrusion;bad_consolidation;memory_corruption;self_certification,all lower M levels,protocol-bound,False,required,required on identical cross-tier failures,must report,M is independently measured and excluded from default HLIS. High M does not by itself promote I.
M-M5-REPRODUCIBIL-04,M,supporting,M5,reproducibility,4,longitudinal_knowledge,M5 Reproducibility #4,Evaluate Memory Capability independently from Individual Intelligence. Use genuine process/context discontinuity for M1+ where persistence is claimed.,"{""projects"":[{""id"":""R1"",""hypothesis"":""H1"",""experiment"":""X1"",""result"":""reject"",""evidence"":""E1""},{""id"":""R2"",""hypothesis"":""H2"",""experiment"":""X2"",""result"":""support"",""evidence"":""E2""}],""terminate_process"":true}","{""restart"":true,""query"":""Reconstruct hypothesis-experiment-evidence lineage and identify validated knowledge.""}","{""validated"":""H2"",""rejected"":""H1"",""lineage_required"":true,""cross_project_consistency"":true}",protocol_components,1.0,0.7,external_memory_state_and_outcome_verifier,state_loss;irrelevant_retrieval;bad_provenance;temporal_error;stale_intrusion;bad_consolidation;memory_corruption;self_certification,all lower M levels,protocol-bound,False,required,required on identical cross-tier failures,must report,M is independently measured and excluded from default HLIS. High M does not by itself promote I.
M-M5-LONG_HORIZON-01,M,supporting,M5,long_horizon_consistency,1,longitudinal_knowledge,M5 Long Horizon Consistency #1,Evaluate Memory Capability independently from Individual Intelligence. Use genuine process/context discontinuity for M1+ where persistence is claimed.,"{""projects"":[{""id"":""R1"",""hypothesis"":""H1"",""experiment"":""X1"",""result"":""reject"",""evidence"":""E1""},{""id"":""R2"",""hypothesis"":""H2"",""experiment"":""X2"",""result"":""support"",""evidence"":""E2""}],""terminate_process"":true}","{""restart"":true,""query"":""Reconstruct hypothesis-experiment-evidence lineage and identify validated knowledge.""}","{""validated"":""H2"",""rejected"":""H1"",""lineage_required"":true,""cross_project_consistency"":true}",protocol_components,1.0,0.7,external_memory_state_and_outcome_verifier,state_loss;irrelevant_retrieval;bad_provenance;temporal_error;stale_intrusion;bad_consolidation;memory_corruption;self_certification,all lower M levels,protocol-bound,False,required,required on identical cross-tier failures,must report,M is independently measured and excluded from default HLIS. High M does not by itself promote I.
M-M5-LONG_HORIZON-02,M,supporting,M5,long_horizon_consistency,2,longitudinal_knowledge,M5 Long Horizon Consistency #2,Evaluate Memory Capability independently from Individual Intelligence. Use genuine process/context discontinuity for M1+ where persistence is claimed.,"{""projects"":[{""id"":""R1"",""hypothesis"":""H1"",""experiment"":""X1"",""result"":""reject"",""evidence"":""E1""},{""id"":""R2"",""hypothesis"":""H2"",""experiment"":""X2"",""result"":""support"",""evidence"":""E2""}],""terminate_process"":true}","{""restart"":true,""query"":""Reconstruct hypothesis-experiment-evidence lineage and identify validated knowledge.""}","{""validated"":""H2"",""rejected"":""H1"",""lineage_required"":true,""cross_project_consistency"":true}",protocol_components,1.0,0.7,external_memory_state_and_outcome_verifier,state_loss;irrelevant_retrieval;bad_provenance;temporal_error;stale_intrusion;bad_consolidation;memory_corruption;self_certification,all lower M levels,protocol-bound,False,required,required on identical cross-tier failures,must report,M is independently measured and excluded from default HLIS. High M does not by itself promote I.
M-M5-LONG_HORIZON-03,M,supporting,M5,long_horizon_consistency,3,longitudinal_knowledge,M5 Long Horizon Consistency #3,Evaluate Memory Capability independently from Individual Intelligence. Use genuine process/context discontinuity for M1+ where persistence is claimed.,"{""projects"":[{""id"":""R1"",""hypothesis"":""H1"",""experiment"":""X1"",""result"":""reject"",""evidence"":""E1""},{""id"":""R2"",""hypothesis"":""H2"",""experiment"":""X2"",""result"":""support"",""evidence"":""E2""}],""terminate_process"":true}","{""restart"":true,""query"":""Reconstruct hypothesis-experiment-evidence lineage and identify validated knowledge.""}","{""validated"":""H2"",""rejected"":""H1"",""lineage_required"":true,""cross_project_consistency"":true}",protocol_components,1.0,0.7,external_memory_state_and_outcome_verifier,state_loss;irrelevant_retrieval;bad_provenance;temporal_error;stale_intrusion;bad_consolidation;memory_corruption;self_certification,all lower M levels,protocol-bound,False,required,required on identical cross-tier failures,must report,M is independently measured and excluded from default HLIS. High M does not by itself promote I.
M-M5-LONG_HORIZON-04,M,supporting,M5,long_horizon_consistency,4,longitudinal_knowledge,M5 Long Horizon Consistency #4,Evaluate Memory Capability independently from Individual Intelligence. Use genuine process/context discontinuity for M1+ where persistence is claimed.,"{""projects"":[{""id"":""R1"",""hypothesis"":""H1"",""experiment"":""X1"",""result"":""reject"",""evidence"":""E1""},{""id"":""R2"",""hypothesis"":""H2"",""experiment"":""X2"",""result"":""support"",""evidence"":""E2""}],""terminate_process"":true}","{""restart"":true,""query"":""Reconstruct hypothesis-experiment-evidence lineage and identify validated knowledge.""}","{""validated"":""H2"",""rejected"":""H1"",""lineage_required"":true,""cross_project_consistency"":true}",protocol_components,1.0,0.7,external_memory_state_and_outcome_verifier,state_loss;irrelevant_retrieval;bad_provenance;temporal_error;stale_intrusion;bad_consolidation;memory_corruption;self_certification,all lower M levels,protocol-bound,False,required,required on identical cross-tier failures,must report,M is independently measured and excluded from default HLIS. High M does not by itself promote I.
M-MΩ-REPRESENTATI-01,M,supporting,MΩ,representation_change,1,memory_mechanism_evolution,MΩ Representation Change #1,Evaluate Memory Capability independently from Individual Intelligence. Use genuine process/context discontinuity for M1+ where persistence is claimed.,"{""baseline_memory_mechanism"":""retrieval-v1"",""candidate"":""retrieval-v2"",""baseline_hidden_score"":0.66}","{""hidden_eval"":{""candidate_score"":0.81,""retention_score"":0.98},""query"":""Promote or reject candidate; preserve rollback and lineage.""}","{""promote"":true,""external_eval_required"":true,""rollback_required"":true,""lower_memory_retention_required"":true}",protocol_components,1.0,0.7,external_memory_state_and_outcome_verifier,state_loss;irrelevant_retrieval;bad_provenance;temporal_error;stale_intrusion;bad_consolidation;memory_corruption;self_certification,all lower M levels,protocol-bound,False,required,required on identical cross-tier failures,must report,M is independently measured and excluded from default HLIS. High M does not by itself promote I.
M-MΩ-REPRESENTATI-02,M,supporting,MΩ,representation_change,2,memory_mechanism_evolution,MΩ Representation Change #2,Evaluate Memory Capability independently from Individual Intelligence. Use genuine process/context discontinuity for M1+ where persistence is claimed.,"{""baseline_memory_mechanism"":""retrieval-v1"",""candidate"":""retrieval-v2"",""baseline_hidden_score"":0.66}","{""hidden_eval"":{""candidate_score"":0.81,""retention_score"":0.98},""query"":""Promote or reject candidate; preserve rollback and lineage.""}","{""promote"":true,""external_eval_required"":true,""rollback_required"":true,""lower_memory_retention_required"":true}",protocol_components,1.0,0.7,external_memory_state_and_outcome_verifier,state_loss;irrelevant_retrieval;bad_provenance;temporal_error;stale_intrusion;bad_consolidation;memory_corruption;self_certification,all lower M levels,protocol-bound,False,required,required on identical cross-tier failures,must report,M is independently measured and excluded from default HLIS. High M does not by itself promote I.
M-MΩ-REPRESENTATI-03,M,supporting,MΩ,representation_change,3,memory_mechanism_evolution,MΩ Representation Change #3,Evaluate Memory Capability independently from Individual Intelligence. Use genuine process/context discontinuity for M1+ where persistence is claimed.,"{""baseline_memory_mechanism"":""retrieval-v1"",""candidate"":""retrieval-v2"",""baseline_hidden_score"":0.66}","{""hidden_eval"":{""candidate_score"":0.81,""retention_score"":0.98},""query"":""Promote or reject candidate; preserve rollback and lineage.""}","{""promote"":true,""external_eval_required"":true,""rollback_required"":true,""lower_memory_retention_required"":true}",protocol_components,1.0,0.7,external_memory_state_and_outcome_verifier,state_loss;irrelevant_retrieval;bad_provenance;temporal_error;stale_intrusion;bad_consolidation;memory_corruption;self_certification,all lower M levels,protocol-bound,False,required,required on identical cross-tier failures,must report,M is independently measured and excluded from default HLIS. High M does not by itself promote I.
M-MΩ-REPRESENTATI-04,M,supporting,MΩ,representation_change,4,memory_mechanism_evolution,MΩ Representation Change #4,Evaluate Memory Capability independently from Individual Intelligence. Use genuine process/context discontinuity for M1+ where persistence is claimed.,"{""baseline_memory_mechanism"":""retrieval-v1"",""candidate"":""retrieval-v2"",""baseline_hidden_score"":0.66}","{""hidden_eval"":{""candidate_score"":0.81,""retention_score"":0.98},""query"":""Promote or reject candidate; preserve rollback and lineage.""}","{""promote"":true,""external_eval_required"":true,""rollback_required"":true,""lower_memory_retention_required"":true}",protocol_components,1.0,0.7,external_memory_state_and_outcome_verifier,state_loss;irrelevant_retrieval;bad_provenance;temporal_error;stale_intrusion;bad_consolidation;memory_corruption;self_certification,all lower M levels,protocol-bound,False,required,required on identical cross-tier failures,must report,M is independently measured and excluded from default HLIS. High M does not by itself promote I.
M-MΩ-RETRIEVAL_ME-01,M,supporting,MΩ,retrieval_mechanism_change,1,memory_mechanism_evolution,MΩ Retrieval Mechanism Change #1,Evaluate Memory Capability independently from Individual Intelligence. Use genuine process/context discontinuity for M1+ where persistence is claimed.,"{""baseline_memory_mechanism"":""retrieval-v1"",""candidate"":""retrieval-v2"",""baseline_hidden_score"":0.66}","{""hidden_eval"":{""candidate_score"":0.81,""retention_score"":0.98},""query"":""Promote or reject candidate; preserve rollback and lineage.""}","{""promote"":true,""external_eval_required"":true,""rollback_required"":true,""lower_memory_retention_required"":true}",protocol_components,1.0,0.7,external_memory_state_and_outcome_verifier,state_loss;irrelevant_retrieval;bad_provenance;temporal_error;stale_intrusion;bad_consolidation;memory_corruption;self_certification,all lower M levels,protocol-bound,False,required,required on identical cross-tier failures,must report,M is independently measured and excluded from default HLIS. High M does not by itself promote I.
M-MΩ-RETRIEVAL_ME-02,M,supporting,MΩ,retrieval_mechanism_change,2,memory_mechanism_evolution,MΩ Retrieval Mechanism Change #2,Evaluate Memory Capability independently from Individual Intelligence. Use genuine process/context discontinuity for M1+ where persistence is claimed.,"{""baseline_memory_mechanism"":""retrieval-v1"",""candidate"":""retrieval-v2"",""baseline_hidden_score"":0.66}","{""hidden_eval"":{""candidate_score"":0.81,""retention_score"":0.98},""query"":""Promote or reject candidate; preserve rollback and lineage.""}","{""promote"":true,""external_eval_required"":true,""rollback_required"":true,""lower_memory_retention_required"":true}",protocol_components,1.0,0.7,external_memory_state_and_outcome_verifier,state_loss;irrelevant_retrieval;bad_provenance;temporal_error;stale_intrusion;bad_consolidation;memory_corruption;self_certification,all lower M levels,protocol-bound,False,required,required on identical cross-tier failures,must report,M is independently measured and excluded from default HLIS. High M does not by itself promote I.
M-MΩ-RETRIEVAL_ME-03,M,supporting,MΩ,retrieval_mechanism_change,3,memory_mechanism_evolution,MΩ Retrieval Mechanism Change #3,Evaluate Memory Capability independently from Individual Intelligence. Use genuine process/context discontinuity for M1+ where persistence is claimed.,"{""baseline_memory_mechanism"":""retrieval-v1"",""candidate"":""retrieval-v2"",""baseline_hidden_score"":0.66}","{""hidden_eval"":{""candidate_score"":0.81,""retention_score"":0.98},""query"":""Promote or reject candidate; preserve rollback and lineage.""}","{""promote"":true,""external_eval_required"":true,""rollback_required"":true,""lower_memory_retention_required"":true}",protocol_components,1.0,0.7,external_memory_state_and_outcome_verifier,state_loss;irrelevant_retrieval;bad_provenance;temporal_error;stale_intrusion;bad_consolidation;memory_corruption;self_certification,all lower M levels,protocol-bound,False,required,required on identical cross-tier failures,must report,M is independently measured and excluded from default HLIS. High M does not by itself promote I.
M-MΩ-RETRIEVAL_ME-04,M,supporting,MΩ,retrieval_mechanism_change,4,memory_mechanism_evolution,MΩ Retrieval Mechanism Change #4,Evaluate Memory Capability independently from Individual Intelligence. Use genuine process/context discontinuity for M1+ where persistence is claimed.,"{""baseline_memory_mechanism"":""retrieval-v1"",""candidate"":""retrieval-v2"",""baseline_hidden_score"":0.66}","{""hidden_eval"":{""candidate_score"":0.81,""retention_score"":0.98},""query"":""Promote or reject candidate; preserve rollback and lineage.""}","{""promote"":true,""external_eval_required"":true,""rollback_required"":true,""lower_memory_retention_required"":true}",protocol_components,1.0,0.7,external_memory_state_and_outcome_verifier,state_loss;irrelevant_retrieval;bad_provenance;temporal_error;stale_intrusion;bad_consolidation;memory_corruption;self_certification,all lower M levels,protocol-bound,False,required,required on identical cross-tier failures,must report,M is independently measured and excluded from default HLIS. High M does not by itself promote I.
M-MΩ-CONSOLIDATIO-01,M,supporting,MΩ,consolidation_policy_change,1,memory_mechanism_evolution,MΩ Consolidation Policy Change #1,Evaluate Memory Capability independently from Individual Intelligence. Use genuine process/context discontinuity for M1+ where persistence is claimed.,"{""baseline_memory_mechanism"":""retrieval-v1"",""candidate"":""retrieval-v2"",""baseline_hidden_score"":0.66}","{""hidden_eval"":{""candidate_score"":0.81,""retention_score"":0.98},""query"":""Promote or reject candidate; preserve rollback and lineage.""}","{""promote"":true,""external_eval_required"":true,""rollback_required"":true,""lower_memory_retention_required"":true}",protocol_components,1.0,0.7,external_memory_state_and_outcome_verifier,state_loss;irrelevant_retrieval;bad_provenance;temporal_error;stale_intrusion;bad_consolidation;memory_corruption;self_certification,all lower M levels,protocol-bound,False,required,required on identical cross-tier failures,must report,M is independently measured and excluded from default HLIS. High M does not by itself promote I.
M-MΩ-CONSOLIDATIO-02,M,supporting,MΩ,consolidation_policy_change,2,memory_mechanism_evolution,MΩ Consolidation Policy Change #2,Evaluate Memory Capability independently from Individual Intelligence. Use genuine process/context discontinuity for M1+ where persistence is claimed.,"{""baseline_memory_mechanism"":""retrieval-v1"",""candidate"":""retrieval-v2"",""baseline_hidden_score"":0.66}","{""hidden_eval"":{""candidate_score"":0.81,""retention_score"":0.98},""query"":""Promote or reject candidate; preserve rollback and lineage.""}","{""promote"":true,""external_eval_required"":true,""rollback_required"":true,""lower_memory_retention_required"":true}",protocol_components,1.0,0.7,external_memory_state_and_outcome_verifier,state_loss;irrelevant_retrieval;bad_provenance;temporal_error;stale_intrusion;bad_consolidation;memory_corruption;self_certification,all lower M levels,protocol-bound,False,required,required on identical cross-tier failures,must report,M is independently measured and excluded from default HLIS. High M does not by itself promote I.
M-MΩ-CONSOLIDATIO-03,M,supporting,MΩ,consolidation_policy_change,3,memory_mechanism_evolution,MΩ Consolidation Policy Change #3,Evaluate Memory Capability independently from Individual Intelligence. Use genuine process/context discontinuity for M1+ where persistence is claimed.,"{""baseline_memory_mechanism"":""retrieval-v1"",""candidate"":""retrieval-v2"",""baseline_hidden_score"":0.66}","{""hidden_eval"":{""candidate_score"":0.81,""retention_score"":0.98},""query"":""Promote or reject candidate; preserve rollback and lineage.""}","{""promote"":true,""external_eval_required"":true,""rollback_required"":true,""lower_memory_retention_required"":true}",protocol_components,1.0,0.7,external_memory_state_and_outcome_verifier,state_loss;irrelevant_retrieval;bad_provenance;temporal_error;stale_intrusion;bad_consolidation;memory_corruption;self_certification,all lower M levels,protocol-bound,False,required,required on identical cross-tier failures,must report,M is independently measured and excluded from default HLIS. High M does not by itself promote I.
M-MΩ-CONSOLIDATIO-04,M,supporting,MΩ,consolidation_policy_change,4,memory_mechanism_evolution,MΩ Consolidation Policy Change #4,Evaluate Memory Capability independently from Individual Intelligence. Use genuine process/context discontinuity for M1+ where persistence is claimed.,"{""baseline_memory_mechanism"":""retrieval-v1"",""candidate"":""retrieval-v2"",""baseline_hidden_score"":0.66}","{""hidden_eval"":{""candidate_score"":0.81,""retention_score"":0.98},""query"":""Promote or reject candidate; preserve rollback and lineage.""}","{""promote"":true,""external_eval_required"":true,""rollback_required"":true,""lower_memory_retention_required"":true}",protocol_components,1.0,0.7,external_memory_state_and_outcome_verifier,state_loss;irrelevant_retrieval;bad_provenance;temporal_error;stale_intrusion;bad_consolidation;memory_corruption;self_certification,all lower M levels,protocol-bound,False,required,required on identical cross-tier failures,must report,M is independently measured and excluded from default HLIS. High M does not by itself promote I.
M-MΩ-EXTERNAL_EVA-01,M,supporting,MΩ,external_eval_promotion,1,memory_mechanism_evolution,MΩ External Eval Promotion #1,Evaluate Memory Capability independently from Individual Intelligence. Use genuine process/context discontinuity for M1+ where persistence is claimed.,"{""baseline_memory_mechanism"":""retrieval-v1"",""candidate"":""retrieval-v2"",""baseline_hidden_score"":0.66}","{""hidden_eval"":{""candidate_score"":0.81,""retention_score"":0.98},""query"":""Promote or reject candidate; preserve rollback and lineage.""}","{""promote"":true,""external_eval_required"":true,""rollback_required"":true,""lower_memory_retention_required"":true}",protocol_components,1.0,0.7,external_memory_state_and_outcome_verifier,state_loss;irrelevant_retrieval;bad_provenance;temporal_error;stale_intrusion;bad_consolidation;memory_corruption;self_certification,all lower M levels,protocol-bound,False,required,required on identical cross-tier failures,must report,M is independently measured and excluded from default HLIS. High M does not by itself promote I.
M-MΩ-EXTERNAL_EVA-02,M,supporting,MΩ,external_eval_promotion,2,memory_mechanism_evolution,MΩ External Eval Promotion #2,Evaluate Memory Capability independently from Individual Intelligence. Use genuine process/context discontinuity for M1+ where persistence is claimed.,"{""baseline_memory_mechanism"":""retrieval-v1"",""candidate"":""retrieval-v2"",""baseline_hidden_score"":0.66}","{""hidden_eval"":{""candidate_score"":0.81,""retention_score"":0.98},""query"":""Promote or reject candidate; preserve rollback and lineage.""}","{""promote"":true,""external_eval_required"":true,""rollback_required"":true,""lower_memory_retention_required"":true}",protocol_components,1.0,0.7,external_memory_state_and_outcome_verifier,state_loss;irrelevant_retrieval;bad_provenance;temporal_error;stale_intrusion;bad_consolidation;memory_corruption;self_certification,all lower M levels,protocol-bound,False,required,required on identical cross-tier failures,must report,M is independently measured and excluded from default HLIS. High M does not by itself promote I.
M-MΩ-EXTERNAL_EVA-03,M,supporting,MΩ,external_eval_promotion,3,memory_mechanism_evolution,MΩ External Eval Promotion #3,Evaluate Memory Capability independently from Individual Intelligence. Use genuine process/context discontinuity for M1+ where persistence is claimed.,"{""baseline_memory_mechanism"":""retrieval-v1"",""candidate"":""retrieval-v2"",""baseline_hidden_score"":0.66}","{""hidden_eval"":{""candidate_score"":0.81,""retention_score"":0.98},""query"":""Promote or reject candidate; preserve rollback and lineage.""}","{""promote"":true,""external_eval_required"":true,""rollback_required"":true,""lower_memory_retention_required"":true}",protocol_components,1.0,0.7,external_memory_state_and_outcome_verifier,state_loss;irrelevant_retrieval;bad_provenance;temporal_error;stale_intrusion;bad_consolidation;memory_corruption;self_certification,all lower M levels,protocol-bound,False,required,required on identical cross-tier failures,must report,M is independently measured and excluded from default HLIS. High M does not by itself promote I.
M-MΩ-EXTERNAL_EVA-04,M,supporting,MΩ,external_eval_promotion,4,memory_mechanism_evolution,MΩ External Eval Promotion #4,Evaluate Memory Capability independently from Individual Intelligence. Use genuine process/context discontinuity for M1+ where persistence is claimed.,"{""baseline_memory_mechanism"":""retrieval-v1"",""candidate"":""retrieval-v2"",""baseline_hidden_score"":0.66}","{""hidden_eval"":{""candidate_score"":0.81,""retention_score"":0.98},""query"":""Promote or reject candidate; preserve rollback and lineage.""}","{""promote"":true,""external_eval_required"":true,""rollback_required"":true,""lower_memory_retention_required"":true}",protocol_components,1.0,0.7,external_memory_state_and_outcome_verifier,state_loss;irrelevant_retrieval;bad_provenance;temporal_error;stale_intrusion;bad_consolidation;memory_corruption;self_certification,all lower M levels,protocol-bound,False,required,required on identical cross-tier failures,must report,M is independently measured and excluded from default HLIS. High M does not by itself promote I.
M-MΩ-MECHANISM_RO-01,M,supporting,MΩ,mechanism_rollback,1,memory_mechanism_evolution,MΩ Mechanism Rollback #1,Evaluate Memory Capability independently from Individual Intelligence. Use genuine process/context discontinuity for M1+ where persistence is claimed.,"{""baseline_memory_mechanism"":""retrieval-v1"",""candidate"":""retrieval-v2"",""baseline_hidden_score"":0.66}","{""hidden_eval"":{""candidate_score"":0.81,""retention_score"":0.98},""query"":""Promote or reject candidate; preserve rollback and lineage.""}","{""promote"":true,""external_eval_required"":true,""rollback_required"":true,""lower_memory_retention_required"":true}",protocol_components,1.0,0.7,external_memory_state_and_outcome_verifier,state_loss;irrelevant_retrieval;bad_provenance;temporal_error;stale_intrusion;bad_consolidation;memory_corruption;self_certification,all lower M levels,protocol-bound,False,required,required on identical cross-tier failures,must report,M is independently measured and excluded from default HLIS. High M does not by itself promote I.
M-MΩ-MECHANISM_RO-02,M,supporting,MΩ,mechanism_rollback,2,memory_mechanism_evolution,MΩ Mechanism Rollback #2,Evaluate Memory Capability independently from Individual Intelligence. Use genuine process/context discontinuity for M1+ where persistence is claimed.,"{""baseline_memory_mechanism"":""retrieval-v1"",""candidate"":""retrieval-v2"",""baseline_hidden_score"":0.66}","{""hidden_eval"":{""candidate_score"":0.81,""retention_score"":0.98},""query"":""Promote or reject candidate; preserve rollback and lineage.""}","{""promote"":true,""external_eval_required"":true,""rollback_required"":true,""lower_memory_retention_required"":true}",protocol_components,1.0,0.7,external_memory_state_and_outcome_verifier,state_loss;irrelevant_retrieval;bad_provenance;temporal_error;stale_intrusion;bad_consolidation;memory_corruption;self_certification,all lower M levels,protocol-bound,False,required,required on identical cross-tier failures,must report,M is independently measured and excluded from default HLIS. High M does not by itself promote I.
M-MΩ-MECHANISM_RO-03,M,supporting,MΩ,mechanism_rollback,3,memory_mechanism_evolution,MΩ Mechanism Rollback #3,Evaluate Memory Capability independently from Individual Intelligence. Use genuine process/context discontinuity for M1+ where persistence is claimed.,"{""baseline_memory_mechanism"":""retrieval-v1"",""candidate"":""retrieval-v2"",""baseline_hidden_score"":0.66}","{""hidden_eval"":{""candidate_score"":0.81,""retention_score"":0.98},""query"":""Promote or reject candidate; preserve rollback and lineage.""}","{""promote"":true,""external_eval_required"":true,""rollback_required"":true,""lower_memory_retention_required"":true}",protocol_components,1.0,0.7,external_memory_state_and_outcome_verifier,state_loss;irrelevant_retrieval;bad_provenance;temporal_error;stale_intrusion;bad_consolidation;memory_corruption;self_certification,all lower M levels,protocol-bound,False,required,required on identical cross-tier failures,must report,M is independently measured and excluded from default HLIS. High M does not by itself promote I.
M-MΩ-MECHANISM_RO-04,M,supporting,MΩ,mechanism_rollback,4,memory_mechanism_evolution,MΩ Mechanism Rollback #4,Evaluate Memory Capability independently from Individual Intelligence. Use genuine process/context discontinuity for M1+ where persistence is claimed.,"{""baseline_memory_mechanism"":""retrieval-v1"",""candidate"":""retrieval-v2"",""baseline_hidden_score"":0.66}","{""hidden_eval"":{""candidate_score"":0.81,""retention_score"":0.98},""query"":""Promote or reject candidate; preserve rollback and lineage.""}","{""promote"":true,""external_eval_required"":true,""rollback_required"":true,""lower_memory_retention_required"":true}",protocol_components,1.0,0.7,external_memory_state_and_outcome_verifier,state_loss;irrelevant_retrieval;bad_provenance;temporal_error;stale_intrusion;bad_consolidation;memory_corruption;self_certification,all lower M levels,protocol-bound,False,required,required on identical cross-tier failures,must report,M is independently measured and excluded from default HLIS. High M does not by itself promote I.
M-MΩ-RETENTION_AF-01,M,supporting,MΩ,retention_after_memory_change,1,memory_mechanism_evolution,MΩ Retention After Memory Change #1,Evaluate Memory Capability independently from Individual Intelligence. Use genuine process/context discontinuity for M1+ where persistence is claimed.,"{""baseline_memory_mechanism"":""retrieval-v1"",""candidate"":""retrieval-v2"",""baseline_hidden_score"":0.66}","{""hidden_eval"":{""candidate_score"":0.81,""retention_score"":0.98},""query"":""Promote or reject candidate; preserve rollback and lineage.""}","{""promote"":true,""external_eval_required"":true,""rollback_required"":true,""lower_memory_retention_required"":true}",protocol_components,1.0,0.7,external_memory_state_and_outcome_verifier,state_loss;irrelevant_retrieval;bad_provenance;temporal_error;stale_intrusion;bad_consolidation;memory_corruption;self_certification,all lower M levels,protocol-bound,False,required,required on identical cross-tier failures,must report,M is independently measured and excluded from default HLIS. High M does not by itself promote I.
M-MΩ-RETENTION_AF-02,M,supporting,MΩ,retention_after_memory_change,2,memory_mechanism_evolution,MΩ Retention After Memory Change #2,Evaluate Memory Capability independently from Individual Intelligence. Use genuine process/context discontinuity for M1+ where persistence is claimed.,"{""baseline_memory_mechanism"":""retrieval-v1"",""candidate"":""retrieval-v2"",""baseline_hidden_score"":0.66}","{""hidden_eval"":{""candidate_score"":0.81,""retention_score"":0.98},""query"":""Promote or reject candidate; preserve rollback and lineage.""}","{""promote"":true,""external_eval_required"":true,""rollback_required"":true,""lower_memory_retention_required"":true}",protocol_components,1.0,0.7,external_memory_state_and_outcome_verifier,state_loss;irrelevant_retrieval;bad_provenance;temporal_error;stale_intrusion;bad_consolidation;memory_corruption;self_certification,all lower M levels,protocol-bound,False,required,required on identical cross-tier failures,must report,M is independently measured and excluded from default HLIS. High M does not by itself promote I.
M-MΩ-RETENTION_AF-03,M,supporting,MΩ,retention_after_memory_change,3,memory_mechanism_evolution,MΩ Retention After Memory Change #3,Evaluate Memory Capability independently from Individual Intelligence. Use genuine process/context discontinuity for M1+ where persistence is claimed.,"{""baseline_memory_mechanism"":""retrieval-v1"",""candidate"":""retrieval-v2"",""baseline_hidden_score"":0.66}","{""hidden_eval"":{""candidate_score"":0.81,""retention_score"":0.98},""query"":""Promote or reject candidate; preserve rollback and lineage.""}","{""promote"":true,""external_eval_required"":true,""rollback_required"":true,""lower_memory_retention_required"":true}",protocol_components,1.0,0.7,external_memory_state_and_outcome_verifier,state_loss;irrelevant_retrieval;bad_provenance;temporal_error;stale_intrusion;bad_consolidation;memory_corruption;self_certification,all lower M levels,protocol-bound,False,required,required on identical cross-tier failures,must report,M is independently measured and excluded from default HLIS. High M does not by itself promote I.
M-MΩ-RETENTION_AF-04,M,supporting,MΩ,retention_after_memory_change,4,memory_mechanism_evolution,MΩ Retention After Memory Change #4,Evaluate Memory Capability independently from Individual Intelligence. Use genuine process/context discontinuity for M1+ where persistence is claimed.,"{""baseline_memory_mechanism"":""retrieval-v1"",""candidate"":""retrieval-v2"",""baseline_hidden_score"":0.66}","{""hidden_eval"":{""candidate_score"":0.81,""retention_score"":0.98},""query"":""Promote or reject candidate; preserve rollback and lineage.""}","{""promote"":true,""external_eval_required"":true,""rollback_required"":true,""lower_memory_retention_required"":true}",protocol_components,1.0,0.7,external_memory_state_and_outcome_verifier,state_loss;irrelevant_retrieval;bad_provenance;temporal_error;stale_intrusion;bad_consolidation;memory_corruption;self_certification,all lower M levels,protocol-bound,False,required,required on identical cross-tier failures,must report,M is independently measured and excluded from default HLIS. High M does not by itself promote I.
