item_id,coordinate,target_level,gp_level,family,variant,benchmark_kind,title,prompt,input_json,expected_json,scoring_type,max_score,pass_threshold,verifier,failure_modes,retention_requirements,resource_envelope,binding_status,certification_ready,spec_key_test,concordance_audit,headroom_status,notes
C-C0-LOGIC-01,C,C0,,logical_reasoning,1,static,C0 Logical Reasoning #1 -- one rule,Is the query entailed?,"{""facts"": [""A""], ""query"": ""B"", ""rules"": [{""if"": [""A""], ""then"": ""B""}]}","{""entailed"": true}",exact,1.0,1.0,deterministic,wrong_answer,all lower C levels for level certification,C-Standard,bound,True,required/pass for generated dev item,required before attributing concordant cross-tier failures,must report strongest-executor headroom,"key computed by tools/c_ladder.py, not asserted; recomputed by tools/audit_items.py"
C-C0-LOGIC-02,C,C0,,logical_reasoning,2,static,C0 Logical Reasoning #2 -- one rule,Is the query entailed?,"{""facts"": [], ""query"": ""B"", ""rules"": [{""if"": [""A""], ""then"": ""B""}]}","{""entailed"": false}",exact,1.0,1.0,deterministic,wrong_answer,all lower C levels for level certification,C-Standard,bound,True,required/pass for generated dev item,required before attributing concordant cross-tier failures,must report strongest-executor headroom,"key computed by tools/c_ladder.py, not asserted; recomputed by tools/audit_items.py"
C-C0-LOGIC-03,C,C0,,logical_reasoning,3,static,C0 Logical Reasoning #3 -- one rule,Is the query entailed?,"{""facts"": [""A""], ""query"": ""A"", ""rules"": [{""if"": [""A""], ""then"": ""B""}]}","{""entailed"": true}",exact,1.0,1.0,deterministic,wrong_answer,all lower C levels for level certification,C-Standard,bound,True,required/pass for generated dev item,required before attributing concordant cross-tier failures,must report strongest-executor headroom,"key computed by tools/c_ladder.py, not asserted; recomputed by tools/audit_items.py"
C-C0-LOGIC-04,C,C0,,logical_reasoning,4,static,C0 Logical Reasoning #4 -- one rule,Is the query entailed?,"{""facts"": [""C""], ""query"": ""B"", ""rules"": [{""if"": [""A""], ""then"": ""B""}]}","{""entailed"": false}",exact,1.0,1.0,deterministic,wrong_answer,all lower C levels for level certification,C-Standard,bound,True,required/pass for generated dev item,required before attributing concordant cross-tier failures,must report strongest-executor headroom,"key computed by tools/c_ladder.py, not asserted; recomputed by tools/audit_items.py"
C-C0-QUANT-01,C,C0,,quantitative_math,1,static,C0 Quantitative Math #1,Solve the equation exactly.,"{""equation"":""2*x + 1 = 9""}","{""x"":4}",exact,1.0,1.0,deterministic,wrong_answer,all lower C levels for level certification,C-Standard,bound,True,required/pass for generated dev item,required before attributing concordant cross-tier failures,must report strongest-executor headroom,
C-C0-QUANT-02,C,C0,,quantitative_math,2,static,C0 Quantitative Math #2,Solve the equation exactly.,"{""equation"":""2*x + 1 = 11""}","{""x"":5}",exact,1.0,1.0,deterministic,wrong_answer,all lower C levels for level certification,C-Standard,bound,True,required/pass for generated dev item,required before attributing concordant cross-tier failures,must report strongest-executor headroom,
C-C0-QUANT-03,C,C0,,quantitative_math,3,static,C0 Quantitative Math #3,Solve the equation exactly.,"{""equation"":""2*x + 1 = 13""}","{""x"":6}",exact,1.0,1.0,deterministic,wrong_answer,all lower C levels for level certification,C-Standard,bound,True,required/pass for generated dev item,required before attributing concordant cross-tier failures,must report strongest-executor headroom,
C-C0-QUANT-04,C,C0,,quantitative_math,4,static,C0 Quantitative Math #4,Solve the equation exactly.,"{""equation"":""2*x + 1 = 15""}","{""x"":7}",exact,1.0,1.0,deterministic,wrong_answer,all lower C levels for level certification,C-Standard,bound,True,required/pass for generated dev item,required before attributing concordant cross-tier failures,must report strongest-executor headroom,
C-C0-SCIEN-01,C,C0,,scientific_reasoning,1,static,C0 Scientific Reasoning #1,Choose the hypothesis best supported by the controlled observations.,"{""observations"":[{""condition"":""control"",""value"":11},{""condition"":""treatment"",""value"":16},{""condition"":""treatment_plus_blocker"",""value"":11}],""hypotheses"":[""treatment increases outcome through blocker-sensitive pathway"",""treatment has no effect""]}","{""best_hypothesis"":0}",exact,1.0,1.0,deterministic,wrong_answer,all lower C levels for level certification,C-Standard,bound,True,required/pass for generated dev item,required before attributing concordant cross-tier failures,must report strongest-executor headroom,
C-C0-SCIEN-02,C,C0,,scientific_reasoning,2,static,C0 Scientific Reasoning #2,Choose the hypothesis best supported by the controlled observations.,"{""observations"":[{""condition"":""control"",""value"":12},{""condition"":""treatment"",""value"":17},{""condition"":""treatment_plus_blocker"",""value"":12}],""hypotheses"":[""treatment increases outcome through blocker-sensitive pathway"",""treatment has no effect""]}","{""best_hypothesis"":0}",exact,1.0,1.0,deterministic,wrong_answer,all lower C levels for level certification,C-Standard,bound,True,required/pass for generated dev item,required before attributing concordant cross-tier failures,must report strongest-executor headroom,
C-C0-SCIEN-03,C,C0,,scientific_reasoning,3,static,C0 Scientific Reasoning #3,Choose the hypothesis best supported by the controlled observations.,"{""observations"":[{""condition"":""control"",""value"":13},{""condition"":""treatment"",""value"":18},{""condition"":""treatment_plus_blocker"",""value"":13}],""hypotheses"":[""treatment increases outcome through blocker-sensitive pathway"",""treatment has no effect""]}","{""best_hypothesis"":0}",exact,1.0,1.0,deterministic,wrong_answer,all lower C levels for level certification,C-Standard,bound,True,required/pass for generated dev item,required before attributing concordant cross-tier failures,must report strongest-executor headroom,
C-C0-SCIEN-04,C,C0,,scientific_reasoning,4,static,C0 Scientific Reasoning #4,Choose the hypothesis best supported by the controlled observations.,"{""observations"":[{""condition"":""control"",""value"":14},{""condition"":""treatment"",""value"":19},{""condition"":""treatment_plus_blocker"",""value"":14}],""hypotheses"":[""treatment increases outcome through blocker-sensitive pathway"",""treatment has no effect""]}","{""best_hypothesis"":0}",exact,1.0,1.0,deterministic,wrong_answer,all lower C levels for level certification,C-Standard,bound,True,required/pass for generated dev item,required before attributing concordant cross-tier failures,must report strongest-executor headroom,
C-C0-CAUSA-01,C,C0,,causal_reasoning,1,static,C0 Causal Reasoning #1 -- reachability in a three-node chain,Which variables can change as a result of do(A)?,"{""graph"": {""A"": [""B""], ""B"": [""C""], ""D"": [""C""]}, ""question_type"": ""descendants"", ""x"": ""A""}","{""descendants"": [""B"", ""C""]}",exact,1.0,1.0,deterministic,wrong_answer,all lower C levels for level certification,C-Standard,bound,True,required/pass for generated dev item,required before attributing concordant cross-tier failures,must report strongest-executor headroom,"key computed by tools/c_ladder.py, not asserted; recomputed by tools/audit_items.py"
C-C0-CAUSA-02,C,C0,,causal_reasoning,2,static,C0 Causal Reasoning #2 -- reachability in a three-node chain,Which variables can change as a result of do(A)?,"{""graph"": {""A"": [""B""], ""B"": [""C""], ""C"": [""E""]}, ""question_type"": ""descendants"", ""x"": ""A""}","{""descendants"": [""B"", ""C"", ""E""]}",exact,1.0,1.0,deterministic,wrong_answer,all lower C levels for level certification,C-Standard,bound,True,required/pass for generated dev item,required before attributing concordant cross-tier failures,must report strongest-executor headroom,"key computed by tools/c_ladder.py, not asserted; recomputed by tools/audit_items.py"
C-C0-CAUSA-03,C,C0,,causal_reasoning,3,static,C0 Causal Reasoning #3 -- reachability in a three-node chain,Which variables can change as a result of do(A)?,"{""graph"": {""A"": [""B""], ""C"": [""B""]}, ""question_type"": ""descendants"", ""x"": ""A""}","{""descendants"": [""B""]}",exact,1.0,1.0,deterministic,wrong_answer,all lower C levels for level certification,C-Standard,bound,True,required/pass for generated dev item,required before attributing concordant cross-tier failures,must report strongest-executor headroom,"key computed by tools/c_ladder.py, not asserted; recomputed by tools/audit_items.py"
C-C0-CAUSA-04,C,C0,,causal_reasoning,4,static,C0 Causal Reasoning #4 -- reachability in a three-node chain,Which variables can change as a result of do(A)?,"{""graph"": {""A"": [""B"", ""C""], ""D"": [""A""]}, ""question_type"": ""descendants"", ""x"": ""A""}","{""descendants"": [""B"", ""C""]}",exact,1.0,1.0,deterministic,wrong_answer,all lower C levels for level certification,C-Standard,bound,True,required/pass for generated dev item,required before attributing concordant cross-tier failures,must report strongest-executor headroom,"key computed by tools/c_ladder.py, not asserted; recomputed by tools/audit_items.py"
C-C0-CODIN-01,C,C0,,coding_reasoning,1,static,C0 Coding Reasoning #1,Produce the exact requested output.,"{""language"":""python"",""task"":""Return sorted unique values descending."",""values"":[4,1,6,2,7]}","{""result"":[7,6,4,2,1]}",exact,1.0,1.0,deterministic,wrong_answer,all lower C levels for level certification,C-Standard,bound,True,required/pass for generated dev item,required before attributing concordant cross-tier failures,must report strongest-executor headroom,
C-C0-CODIN-02,C,C0,,coding_reasoning,2,static,C0 Coding Reasoning #2,Produce the exact requested output.,"{""language"":""python"",""task"":""Return sorted unique values descending."",""values"":[5,1,7,2,7]}","{""result"":[7,5,2,1]}",exact,1.0,1.0,deterministic,wrong_answer,all lower C levels for level certification,C-Standard,bound,True,required/pass for generated dev item,required before attributing concordant cross-tier failures,must report strongest-executor headroom,
C-C0-CODIN-03,C,C0,,coding_reasoning,3,static,C0 Coding Reasoning #3,Produce the exact requested output.,"{""language"":""python"",""task"":""Return sorted unique values descending."",""values"":[6,1,8,2,7]}","{""result"":[8,7,6,2,1]}",exact,1.0,1.0,deterministic,wrong_answer,all lower C levels for level certification,C-Standard,bound,True,required/pass for generated dev item,required before attributing concordant cross-tier failures,must report strongest-executor headroom,
C-C0-CODIN-04,C,C0,,coding_reasoning,4,static,C0 Coding Reasoning #4,Produce the exact requested output.,"{""language"":""python"",""task"":""Return sorted unique values descending."",""values"":[7,1,9,2,7]}","{""result"":[9,7,2,1]}",exact,1.0,1.0,deterministic,wrong_answer,all lower C levels for level certification,C-Standard,bound,True,required/pass for generated dev item,required before attributing concordant cross-tier failures,must report strongest-executor headroom,
C-C0-ABSTR-01,C,C0,,abstract_rule_induction,1,static,C0 Abstract Rule Induction #1 -- constant difference,Give the next term.,"{""rule"": ""arithmetic"", ""sequence"": [2, 5, 8, 11, 14]}","{""next"": 17}",exact,1.0,1.0,deterministic,wrong_answer,all lower C levels for level certification,C-Standard,bound,True,required/pass for generated dev item,required before attributing concordant cross-tier failures,must report strongest-executor headroom,"key computed by tools/c_ladder.py, not asserted; recomputed by tools/audit_items.py"
C-C0-ABSTR-02,C,C0,,abstract_rule_induction,2,static,C0 Abstract Rule Induction #2 -- constant difference,Give the next term.,"{""rule"": ""arithmetic"", ""sequence"": [2, 6, 10, 14, 18]}","{""next"": 22}",exact,1.0,1.0,deterministic,wrong_answer,all lower C levels for level certification,C-Standard,bound,True,required/pass for generated dev item,required before attributing concordant cross-tier failures,must report strongest-executor headroom,"key computed by tools/c_ladder.py, not asserted; recomputed by tools/audit_items.py"
C-C0-ABSTR-03,C,C0,,abstract_rule_induction,3,static,C0 Abstract Rule Induction #3 -- constant difference,Give the next term.,"{""rule"": ""arithmetic"", ""sequence"": [2, 7, 12, 17, 22]}","{""next"": 27}",exact,1.0,1.0,deterministic,wrong_answer,all lower C levels for level certification,C-Standard,bound,True,required/pass for generated dev item,required before attributing concordant cross-tier failures,must report strongest-executor headroom,"key computed by tools/c_ladder.py, not asserted; recomputed by tools/audit_items.py"
C-C0-ABSTR-04,C,C0,,abstract_rule_induction,4,static,C0 Abstract Rule Induction #4 -- constant difference,Give the next term.,"{""rule"": ""arithmetic"", ""sequence"": [2, 8, 14, 20, 26]}","{""next"": 32}",exact,1.0,1.0,deterministic,wrong_answer,all lower C levels for level certification,C-Standard,bound,True,required/pass for generated dev item,required before attributing concordant cross-tier failures,must report strongest-executor headroom,"key computed by tools/c_ladder.py, not asserted; recomputed by tools/audit_items.py"
C-C0-FACTU-01,C,C0,,factuality_calibration,1,static,"C0 Factuality Calibration #1 -- one source, or none that applies","What is the supported value, and which source supports it? A retracted source does not count, and neither does anything that rests on one. Answer ""unknown"" if nothing survives.","{""claim_field"": ""revenue"", ""sources"": [{""claims"": ""revenue"", ""id"": ""rep19"", ""value"": 4.2, ""year"": 2019}]}","{""answer"": 4.2, ""source"": ""rep19""}",exact,1.0,1.0,deterministic,wrong_answer,all lower C levels for level certification,C-Standard,bound,True,required/pass for generated dev item,required before attributing concordant cross-tier failures,must report strongest-executor headroom,"key computed by tools/c_ladder.py, not asserted; recomputed by tools/audit_items.py"
C-C0-FACTU-02,C,C0,,factuality_calibration,2,static,"C0 Factuality Calibration #2 -- one source, or none that applies","What is the supported value, and which source supports it? A retracted source does not count, and neither does anything that rests on one. Answer ""unknown"" if nothing survives.","{""claim_field"": ""revenue"", ""sources"": [{""claims"": ""revenue"", ""id"": ""rep20"", ""value"": 4.6, ""year"": 2020}]}","{""answer"": 4.6, ""source"": ""rep20""}",exact,1.0,1.0,deterministic,wrong_answer,all lower C levels for level certification,C-Standard,bound,True,required/pass for generated dev item,required before attributing concordant cross-tier failures,must report strongest-executor headroom,"key computed by tools/c_ladder.py, not asserted; recomputed by tools/audit_items.py"
C-C0-FACTU-03,C,C0,,factuality_calibration,3,static,"C0 Factuality Calibration #3 -- one source, or none that applies","What is the supported value, and which source supports it? A retracted source does not count, and neither does anything that rests on one. Answer ""unknown"" if nothing survives.","{""claim_field"": ""revenue"", ""sources"": [{""claims"": ""headcount"", ""id"": ""rep19"", ""value"": 90, ""year"": 2019}]}","{""answer"": ""unknown"", ""source"": null}",exact,1.0,1.0,deterministic,wrong_answer,all lower C levels for level certification,C-Standard,bound,True,required/pass for generated dev item,required before attributing concordant cross-tier failures,must report strongest-executor headroom,"key computed by tools/c_ladder.py, not asserted; recomputed by tools/audit_items.py"
C-C0-FACTU-04,C,C0,,factuality_calibration,4,static,"C0 Factuality Calibration #4 -- one source, or none that applies","What is the supported value, and which source supports it? A retracted source does not count, and neither does anything that rests on one. Answer ""unknown"" if nothing survives.","{""claim_field"": ""revenue"", ""sources"": []}","{""answer"": ""unknown"", ""source"": null}",exact,1.0,1.0,deterministic,wrong_answer,all lower C levels for level certification,C-Standard,bound,True,required/pass for generated dev item,required before attributing concordant cross-tier failures,must report strongest-executor headroom,"key computed by tools/c_ladder.py, not asserted; recomputed by tools/audit_items.py"
C-C0-LONG_-01,C,C0,,long_context,1,static,C0 Long Context #1,Retrieve the value for query_id from the supplied record set.,"{""records"":[{""id"":0,""value"":3},{""id"":1,""value"":10},{""id"":2,""value"":17},{""id"":3,""value"":24},{""id"":4,""value"":31},{""id"":5,""value"":38},{""id"":6,""value"":45},{""id"":7,""value"":52},{""id"":8,""value"":59},{""id"":9,""value"":66},{""id"":10,""value"":73},{""id"":11,""value"":80},{""id"":12,""value"":87},{""id"":13,""value"":94},{""id"":14,""value"":0},{""id"":15,""value"":7},{""id"":16,""value"":14},{""id"":17,""value"":21},{""id"":18,""value"":28},{""id"":19,""value"":35},{""id"":20,""value"":42},{""id"":21,""value"":49},{""id"":22,""value"":56},{""id"":23,""value"":63},{""id"":24,""value"":70},{""id"":25,""value"":77},{""id"":26,""value"":84},{""id"":27,""value"":91},{""id"":28,""value"":98},{""id"":29,""value"":4},{""id"":30,""value"":11},{""id"":31,""value"":18},{""id"":32,""value"":25},{""id"":33,""value"":32},{""id"":34,""value"":39},{""id"":35,""value"":46},{""id"":36,""value"":53},{""id"":37,""value"":60},{""id"":38,""value"":67},{""id"":39,""value"":74},{""id"":40,""value"":81},{""id"":41,""value"":88},{""id"":42,""value"":95},{""id"":43,""value"":1},{""id"":44,""value"":8},{""id"":45,""value"":15},{""id"":46,""value"":22},{""id"":47,""value"":29},{""id"":48,""value"":36},{""id"":49,""value"":43},{""id"":50,""value"":50},{""id"":51,""value"":57},{""id"":52,""value"":64},{""id"":53,""value"":71},{""id"":54,""value"":78},{""id"":55,""value"":85},{""id"":56,""value"":92},{""id"":57,""value"":99},{""id"":58,""value"":5},{""id"":59,""value"":12},{""id"":60,""value"":19},{""id"":61,""value"":26},{""id"":62,""value"":33},{""id"":63,""value"":40},{""id"":64,""value"":47},{""id"":65,""value"":54},{""id"":66,""value"":61},{""id"":67,""value"":68},{""id"":68,""value"":75},{""id"":69,""value"":82}],""query_id"":38}","{""value"":67}",exact,1.0,1.0,deterministic,wrong_answer,all lower C levels for level certification,C-Standard,bound,True,required/pass for generated dev item,required before attributing concordant cross-tier failures,must report strongest-executor headroom,
C-C0-LONG_-02,C,C0,,long_context,2,static,C0 Long Context #2,Retrieve the value for query_id from the supplied record set.,"{""records"":[{""id"":0,""value"":3},{""id"":1,""value"":10},{""id"":2,""value"":17},{""id"":3,""value"":24},{""id"":4,""value"":31},{""id"":5,""value"":38},{""id"":6,""value"":45},{""id"":7,""value"":52},{""id"":8,""value"":59},{""id"":9,""value"":66},{""id"":10,""value"":73},{""id"":11,""value"":80},{""id"":12,""value"":87},{""id"":13,""value"":94},{""id"":14,""value"":0},{""id"":15,""value"":7},{""id"":16,""value"":14},{""id"":17,""value"":21},{""id"":18,""value"":28},{""id"":19,""value"":35},{""id"":20,""value"":42},{""id"":21,""value"":49},{""id"":22,""value"":56},{""id"":23,""value"":63},{""id"":24,""value"":70},{""id"":25,""value"":77},{""id"":26,""value"":84},{""id"":27,""value"":91},{""id"":28,""value"":98},{""id"":29,""value"":4},{""id"":30,""value"":11},{""id"":31,""value"":18},{""id"":32,""value"":25},{""id"":33,""value"":32},{""id"":34,""value"":39},{""id"":35,""value"":46},{""id"":36,""value"":53},{""id"":37,""value"":60},{""id"":38,""value"":67},{""id"":39,""value"":74},{""id"":40,""value"":81},{""id"":41,""value"":88},{""id"":42,""value"":95},{""id"":43,""value"":1},{""id"":44,""value"":8},{""id"":45,""value"":15},{""id"":46,""value"":22},{""id"":47,""value"":29},{""id"":48,""value"":36},{""id"":49,""value"":43},{""id"":50,""value"":50},{""id"":51,""value"":57},{""id"":52,""value"":64},{""id"":53,""value"":71},{""id"":54,""value"":78},{""id"":55,""value"":85},{""id"":56,""value"":92},{""id"":57,""value"":99},{""id"":58,""value"":5},{""id"":59,""value"":12},{""id"":60,""value"":19},{""id"":61,""value"":26},{""id"":62,""value"":33},{""id"":63,""value"":40},{""id"":64,""value"":47},{""id"":65,""value"":54},{""id"":66,""value"":61},{""id"":67,""value"":68},{""id"":68,""value"":75},{""id"":69,""value"":82}],""query_id"":39}","{""value"":74}",exact,1.0,1.0,deterministic,wrong_answer,all lower C levels for level certification,C-Standard,bound,True,required/pass for generated dev item,required before attributing concordant cross-tier failures,must report strongest-executor headroom,
C-C0-LONG_-03,C,C0,,long_context,3,static,C0 Long Context #3,Retrieve the value for query_id from the supplied record set.,"{""records"":[{""id"":0,""value"":3},{""id"":1,""value"":10},{""id"":2,""value"":17},{""id"":3,""value"":24},{""id"":4,""value"":31},{""id"":5,""value"":38},{""id"":6,""value"":45},{""id"":7,""value"":52},{""id"":8,""value"":59},{""id"":9,""value"":66},{""id"":10,""value"":73},{""id"":11,""value"":80},{""id"":12,""value"":87},{""id"":13,""value"":94},{""id"":14,""value"":0},{""id"":15,""value"":7},{""id"":16,""value"":14},{""id"":17,""value"":21},{""id"":18,""value"":28},{""id"":19,""value"":35},{""id"":20,""value"":42},{""id"":21,""value"":49},{""id"":22,""value"":56},{""id"":23,""value"":63},{""id"":24,""value"":70},{""id"":25,""value"":77},{""id"":26,""value"":84},{""id"":27,""value"":91},{""id"":28,""value"":98},{""id"":29,""value"":4},{""id"":30,""value"":11},{""id"":31,""value"":18},{""id"":32,""value"":25},{""id"":33,""value"":32},{""id"":34,""value"":39},{""id"":35,""value"":46},{""id"":36,""value"":53},{""id"":37,""value"":60},{""id"":38,""value"":67},{""id"":39,""value"":74},{""id"":40,""value"":81},{""id"":41,""value"":88},{""id"":42,""value"":95},{""id"":43,""value"":1},{""id"":44,""value"":8},{""id"":45,""value"":15},{""id"":46,""value"":22},{""id"":47,""value"":29},{""id"":48,""value"":36},{""id"":49,""value"":43},{""id"":50,""value"":50},{""id"":51,""value"":57},{""id"":52,""value"":64},{""id"":53,""value"":71},{""id"":54,""value"":78},{""id"":55,""value"":85},{""id"":56,""value"":92},{""id"":57,""value"":99},{""id"":58,""value"":5},{""id"":59,""value"":12},{""id"":60,""value"":19},{""id"":61,""value"":26},{""id"":62,""value"":33},{""id"":63,""value"":40},{""id"":64,""value"":47},{""id"":65,""value"":54},{""id"":66,""value"":61},{""id"":67,""value"":68},{""id"":68,""value"":75},{""id"":69,""value"":82}],""query_id"":40}","{""value"":81}",exact,1.0,1.0,deterministic,wrong_answer,all lower C levels for level certification,C-Standard,bound,True,required/pass for generated dev item,required before attributing concordant cross-tier failures,must report strongest-executor headroom,
C-C0-LONG_-04,C,C0,,long_context,4,static,C0 Long Context #4,Retrieve the value for query_id from the supplied record set.,"{""records"":[{""id"":0,""value"":3},{""id"":1,""value"":10},{""id"":2,""value"":17},{""id"":3,""value"":24},{""id"":4,""value"":31},{""id"":5,""value"":38},{""id"":6,""value"":45},{""id"":7,""value"":52},{""id"":8,""value"":59},{""id"":9,""value"":66},{""id"":10,""value"":73},{""id"":11,""value"":80},{""id"":12,""value"":87},{""id"":13,""value"":94},{""id"":14,""value"":0},{""id"":15,""value"":7},{""id"":16,""value"":14},{""id"":17,""value"":21},{""id"":18,""value"":28},{""id"":19,""value"":35},{""id"":20,""value"":42},{""id"":21,""value"":49},{""id"":22,""value"":56},{""id"":23,""value"":63},{""id"":24,""value"":70},{""id"":25,""value"":77},{""id"":26,""value"":84},{""id"":27,""value"":91},{""id"":28,""value"":98},{""id"":29,""value"":4},{""id"":30,""value"":11},{""id"":31,""value"":18},{""id"":32,""value"":25},{""id"":33,""value"":32},{""id"":34,""value"":39},{""id"":35,""value"":46},{""id"":36,""value"":53},{""id"":37,""value"":60},{""id"":38,""value"":67},{""id"":39,""value"":74},{""id"":40,""value"":81},{""id"":41,""value"":88},{""id"":42,""value"":95},{""id"":43,""value"":1},{""id"":44,""value"":8},{""id"":45,""value"":15},{""id"":46,""value"":22},{""id"":47,""value"":29},{""id"":48,""value"":36},{""id"":49,""value"":43},{""id"":50,""value"":50},{""id"":51,""value"":57},{""id"":52,""value"":64},{""id"":53,""value"":71},{""id"":54,""value"":78},{""id"":55,""value"":85},{""id"":56,""value"":92},{""id"":57,""value"":99},{""id"":58,""value"":5},{""id"":59,""value"":12},{""id"":60,""value"":19},{""id"":61,""value"":26},{""id"":62,""value"":33},{""id"":63,""value"":40},{""id"":64,""value"":47},{""id"":65,""value"":54},{""id"":66,""value"":61},{""id"":67,""value"":68},{""id"":68,""value"":75},{""id"":69,""value"":82}],""query_id"":41}","{""value"":88}",exact,1.0,1.0,deterministic,wrong_answer,all lower C levels for level certification,C-Standard,bound,True,required/pass for generated dev item,required before attributing concordant cross-tier failures,must report strongest-executor headroom,
C-C0-MULTI-01,C,C0,,multimodal_structured,1,static,C0 Multimodal Structured #1,Use the spatial object representation to answer the question.,"{""objects"":[{""id"":""r"",""shape"":""circle"",""x"":21,""y"":30},{""id"":""b"",""shape"":""square"",""x"":80,""y"":30},{""id"":""g"",""shape"":""triangle"",""x"":50,""y"":90}],""question"":""Which object is leftmost?""}","{""id"":""r""}",exact,1.0,1.0,deterministic,wrong_answer,all lower C levels for level certification,C-Standard,bound,True,required/pass for generated dev item,required before attributing concordant cross-tier failures,must report strongest-executor headroom,
C-C0-MULTI-02,C,C0,,multimodal_structured,2,static,C0 Multimodal Structured #2,Use the spatial object representation to answer the question.,"{""objects"":[{""id"":""r"",""shape"":""circle"",""x"":22,""y"":30},{""id"":""b"",""shape"":""square"",""x"":80,""y"":30},{""id"":""g"",""shape"":""triangle"",""x"":50,""y"":90}],""question"":""Which object is leftmost?""}","{""id"":""r""}",exact,1.0,1.0,deterministic,wrong_answer,all lower C levels for level certification,C-Standard,bound,True,required/pass for generated dev item,required before attributing concordant cross-tier failures,must report strongest-executor headroom,
C-C0-MULTI-03,C,C0,,multimodal_structured,3,static,C0 Multimodal Structured #3,Use the spatial object representation to answer the question.,"{""objects"":[{""id"":""r"",""shape"":""circle"",""x"":23,""y"":30},{""id"":""b"",""shape"":""square"",""x"":80,""y"":30},{""id"":""g"",""shape"":""triangle"",""x"":50,""y"":90}],""question"":""Which object is leftmost?""}","{""id"":""r""}",exact,1.0,1.0,deterministic,wrong_answer,all lower C levels for level certification,C-Standard,bound,True,required/pass for generated dev item,required before attributing concordant cross-tier failures,must report strongest-executor headroom,
C-C0-MULTI-04,C,C0,,multimodal_structured,4,static,C0 Multimodal Structured #4,Use the spatial object representation to answer the question.,"{""objects"":[{""id"":""r"",""shape"":""circle"",""x"":24,""y"":30},{""id"":""b"",""shape"":""square"",""x"":80,""y"":30},{""id"":""g"",""shape"":""triangle"",""x"":50,""y"":90}],""question"":""Which object is leftmost?""}","{""id"":""r""}",exact,1.0,1.0,deterministic,wrong_answer,all lower C levels for level certification,C-Standard,bound,True,required/pass for generated dev item,required before attributing concordant cross-tier failures,must report strongest-executor headroom,
C-C0-GUI_P-01,C,C0,GP0,gui_perception,1,static,C0 Gui Perception #1,Interpret the computer-screen image. Do not infer hidden state beyond visible evidence.,"{""image_file"":""gui_assets/C-C0-GUI_P-01.png"",""gp_level"":""GP0"",""questions"":{""text"":""What filename is shown?"",""element"":""What kind of control is labeled Submit?"",""grounding"":""Return Submit bounding box [x1,y1,x2,y2]."",""state"":""Is Submit enabled?"",""result_state"":""What status text is visible?""}}","{""filename"":""item-01.txt"",""submit_element_type"":""button"",""submit_bbox"":[420,125,580,165],""submit_enabled"":true,""status"":""Ready""}",component_fraction,1.0,1.0,bbox_iou_plus_exact_fields,ocr;text;element_type;grounding;state_interpretation,all lower C levels for level certification,C-Standard,bound,True,required/pass for generated dev item,required before attributing concordant cross-tier failures,must report strongest-executor headroom,"GP is a diagnostic subscale of C, not a C level: this is GP0 evidence and must not be read as C0 evidence. A previously unseen layout is legitimate static evidence for GP5; nothing static is evidence for C5."
C-C0-GUI_P-02,C,C0,GP0,gui_perception,2,static,C0 Gui Perception #2,Interpret the computer-screen image. Do not infer hidden state beyond visible evidence.,"{""image_file"":""gui_assets/C-C0-GUI_P-02.png"",""gp_level"":""GP0"",""questions"":{""text"":""What filename is shown?"",""element"":""What kind of control is labeled Submit?"",""grounding"":""Return Submit bounding box [x1,y1,x2,y2]."",""state"":""Is Submit enabled?"",""result_state"":""What status text is visible?""}}","{""filename"":""item-02.txt"",""submit_element_type"":""button"",""submit_bbox"":[420,125,580,165],""submit_enabled"":false,""status"":""ERROR: missing owner""}",component_fraction,1.0,1.0,bbox_iou_plus_exact_fields,ocr;text;element_type;grounding;state_interpretation,all lower C levels for level certification,C-Standard,bound,True,required/pass for generated dev item,required before attributing concordant cross-tier failures,must report strongest-executor headroom,"GP is a diagnostic subscale of C, not a C level: this is GP0 evidence and must not be read as C0 evidence. A previously unseen layout is legitimate static evidence for GP5; nothing static is evidence for C5."
C-C0-GUI_P-03,C,C0,GP0,gui_perception,3,static,C0 Gui Perception #3,Interpret the computer-screen image. Do not infer hidden state beyond visible evidence.,"{""image_file"":""gui_assets/C-C0-GUI_P-03.png"",""gp_level"":""GP0"",""questions"":{""text"":""What filename is shown?"",""element"":""What kind of control is labeled Submit?"",""grounding"":""Return Submit bounding box [x1,y1,x2,y2]."",""state"":""Is Submit enabled?"",""result_state"":""What status text is visible?""}}","{""filename"":""item-03.txt"",""submit_element_type"":""button"",""submit_bbox"":[420,125,580,165],""submit_enabled"":true,""status"":""Ready""}",component_fraction,1.0,1.0,bbox_iou_plus_exact_fields,ocr;text;element_type;grounding;state_interpretation,all lower C levels for level certification,C-Standard,bound,True,required/pass for generated dev item,required before attributing concordant cross-tier failures,must report strongest-executor headroom,"GP is a diagnostic subscale of C, not a C level: this is GP0 evidence and must not be read as C0 evidence. A previously unseen layout is legitimate static evidence for GP5; nothing static is evidence for C5."
C-C0-GUI_P-04,C,C0,GP0,gui_perception,4,static,C0 Gui Perception #4,Interpret the computer-screen image. Do not infer hidden state beyond visible evidence.,"{""image_file"":""gui_assets/C-C0-GUI_P-04.png"",""gp_level"":""GP0"",""questions"":{""text"":""What filename is shown?"",""element"":""What kind of control is labeled Submit?"",""grounding"":""Return Submit bounding box [x1,y1,x2,y2]."",""state"":""Is Submit enabled?"",""result_state"":""What status text is visible?""}}","{""filename"":""item-04.txt"",""submit_element_type"":""button"",""submit_bbox"":[420,125,580,165],""submit_enabled"":false,""status"":""ERROR: missing owner""}",component_fraction,1.0,1.0,bbox_iou_plus_exact_fields,ocr;text;element_type;grounding;state_interpretation,all lower C levels for level certification,C-Standard,bound,True,required/pass for generated dev item,required before attributing concordant cross-tier failures,must report strongest-executor headroom,"GP is a diagnostic subscale of C, not a C level: this is GP0 evidence and must not be read as C0 evidence. A previously unseen layout is legitimate static evidence for GP5; nothing static is evidence for C5."
C-C1-LOGIC-01,C,C1,,logical_reasoning,1,static,C1 Logical Reasoning #1 -- a chain of four,Is the query entailed?,"{""facts"": [""A""], ""query"": ""B"", ""rules"": [{""if"": [""A""], ""then"": ""B""}, {""if"": [""B""], ""then"": ""C""}, {""if"": [""C""], ""then"": ""D""}, {""if"": [""D""], ""then"": ""E""}]}","{""entailed"": true}",exact,1.0,1.0,deterministic,wrong_answer,all lower C levels for level certification,C-Standard,bound,True,required/pass for generated dev item,required before attributing concordant cross-tier failures,must report strongest-executor headroom,"key computed by tools/c_ladder.py, not asserted; recomputed by tools/audit_items.py"
C-C1-LOGIC-02,C,C1,,logical_reasoning,2,static,C1 Logical Reasoning #2 -- a chain of four,Is the query entailed?,"{""facts"": [""A""], ""query"": ""C"", ""rules"": [{""if"": [""A""], ""then"": ""B""}, {""if"": [""B""], ""then"": ""C""}, {""if"": [""C""], ""then"": ""D""}, {""if"": [""D""], ""then"": ""E""}]}","{""entailed"": true}",exact,1.0,1.0,deterministic,wrong_answer,all lower C levels for level certification,C-Standard,bound,True,required/pass for generated dev item,required before attributing concordant cross-tier failures,must report strongest-executor headroom,"key computed by tools/c_ladder.py, not asserted; recomputed by tools/audit_items.py"
C-C1-LOGIC-03,C,C1,,logical_reasoning,3,static,C1 Logical Reasoning #3 -- a chain of four,Is the query entailed?,"{""facts"": [""A""], ""query"": ""D"", ""rules"": [{""if"": [""A""], ""then"": ""B""}, {""if"": [""B""], ""then"": ""C""}, {""if"": [""C""], ""then"": ""D""}, {""if"": [""D""], ""then"": ""E""}]}","{""entailed"": true}",exact,1.0,1.0,deterministic,wrong_answer,all lower C levels for level certification,C-Standard,bound,True,required/pass for generated dev item,required before attributing concordant cross-tier failures,must report strongest-executor headroom,"key computed by tools/c_ladder.py, not asserted; recomputed by tools/audit_items.py"
C-C1-LOGIC-04,C,C1,,logical_reasoning,4,static,C1 Logical Reasoning #4 -- a chain of four,Is the query entailed?,"{""facts"": [""A""], ""query"": ""E"", ""rules"": [{""if"": [""A""], ""then"": ""B""}, {""if"": [""B""], ""then"": ""C""}, {""if"": [""C""], ""then"": ""D""}, {""if"": [""D""], ""then"": ""E""}]}","{""entailed"": true}",exact,1.0,1.0,deterministic,wrong_answer,all lower C levels for level certification,C-Standard,bound,True,required/pass for generated dev item,required before attributing concordant cross-tier failures,must report strongest-executor headroom,"key computed by tools/c_ladder.py, not asserted; recomputed by tools/audit_items.py"
C-C1-QUANT-01,C,C1,,quantitative_math,1,static,C1 Quantitative Math #1,Solve the equation exactly.,"{""equation"":""3*x + 2 = 17""}","{""x"":5}",exact,1.0,1.0,deterministic,wrong_answer,all lower C levels for level certification,C-Standard,bound,True,required/pass for generated dev item,required before attributing concordant cross-tier failures,must report strongest-executor headroom,
C-C1-QUANT-02,C,C1,,quantitative_math,2,static,C1 Quantitative Math #2,Solve the equation exactly.,"{""equation"":""3*x + 2 = 20""}","{""x"":6}",exact,1.0,1.0,deterministic,wrong_answer,all lower C levels for level certification,C-Standard,bound,True,required/pass for generated dev item,required before attributing concordant cross-tier failures,must report strongest-executor headroom,
C-C1-QUANT-03,C,C1,,quantitative_math,3,static,C1 Quantitative Math #3,Solve the equation exactly.,"{""equation"":""3*x + 2 = 23""}","{""x"":7}",exact,1.0,1.0,deterministic,wrong_answer,all lower C levels for level certification,C-Standard,bound,True,required/pass for generated dev item,required before attributing concordant cross-tier failures,must report strongest-executor headroom,
C-C1-QUANT-04,C,C1,,quantitative_math,4,static,C1 Quantitative Math #4,Solve the equation exactly.,"{""equation"":""3*x + 2 = 26""}","{""x"":8}",exact,1.0,1.0,deterministic,wrong_answer,all lower C levels for level certification,C-Standard,bound,True,required/pass for generated dev item,required before attributing concordant cross-tier failures,must report strongest-executor headroom,
C-C1-SCIEN-01,C,C1,,scientific_reasoning,1,static,C1 Scientific Reasoning #1,Choose the hypothesis best supported by the controlled observations.,"{""observations"":[{""condition"":""control"",""value"":11},{""condition"":""treatment"",""value"":17},{""condition"":""treatment_plus_blocker"",""value"":11}],""hypotheses"":[""treatment increases outcome through blocker-sensitive pathway"",""treatment has no effect""]}","{""best_hypothesis"":0}",exact,1.0,1.0,deterministic,wrong_answer,all lower C levels for level certification,C-Standard,bound,True,required/pass for generated dev item,required before attributing concordant cross-tier failures,must report strongest-executor headroom,
C-C1-SCIEN-02,C,C1,,scientific_reasoning,2,static,C1 Scientific Reasoning #2,Choose the hypothesis best supported by the controlled observations.,"{""observations"":[{""condition"":""control"",""value"":12},{""condition"":""treatment"",""value"":18},{""condition"":""treatment_plus_blocker"",""value"":12}],""hypotheses"":[""treatment increases outcome through blocker-sensitive pathway"",""treatment has no effect""]}","{""best_hypothesis"":0}",exact,1.0,1.0,deterministic,wrong_answer,all lower C levels for level certification,C-Standard,bound,True,required/pass for generated dev item,required before attributing concordant cross-tier failures,must report strongest-executor headroom,
C-C1-SCIEN-03,C,C1,,scientific_reasoning,3,static,C1 Scientific Reasoning #3,Choose the hypothesis best supported by the controlled observations.,"{""observations"":[{""condition"":""control"",""value"":13},{""condition"":""treatment"",""value"":19},{""condition"":""treatment_plus_blocker"",""value"":13}],""hypotheses"":[""treatment increases outcome through blocker-sensitive pathway"",""treatment has no effect""]}","{""best_hypothesis"":0}",exact,1.0,1.0,deterministic,wrong_answer,all lower C levels for level certification,C-Standard,bound,True,required/pass for generated dev item,required before attributing concordant cross-tier failures,must report strongest-executor headroom,
C-C1-SCIEN-04,C,C1,,scientific_reasoning,4,static,C1 Scientific Reasoning #4,Choose the hypothesis best supported by the controlled observations.,"{""observations"":[{""condition"":""control"",""value"":14},{""condition"":""treatment"",""value"":20},{""condition"":""treatment_plus_blocker"",""value"":14}],""hypotheses"":[""treatment increases outcome through blocker-sensitive pathway"",""treatment has no effect""]}","{""best_hypothesis"":0}",exact,1.0,1.0,deterministic,wrong_answer,all lower C levels for level certification,C-Standard,bound,True,required/pass for generated dev item,required before attributing concordant cross-tier failures,must report strongest-executor headroom,
C-C1-CAUSA-01,C,C1,,causal_reasoning,1,static,C1 Causal Reasoning #1 -- reachability in a branching graph,Which variables can change as a result of do(A)?,"{""graph"": {""A"": [""B"", ""E""], ""B"": [""C""], ""C"": [""D""], ""E"": [""F""], ""G"": [""D""]}, ""question_type"": ""descendants"", ""x"": ""A""}","{""descendants"": [""B"", ""C"", ""D"", ""E"", ""F""]}",exact,1.0,1.0,deterministic,wrong_answer,all lower C levels for level certification,C-Standard,bound,True,required/pass for generated dev item,required before attributing concordant cross-tier failures,must report strongest-executor headroom,"key computed by tools/c_ladder.py, not asserted; recomputed by tools/audit_items.py"
C-C1-CAUSA-02,C,C1,,causal_reasoning,2,static,C1 Causal Reasoning #2 -- reachability in a branching graph,Which variables can change as a result of do(B)?,"{""graph"": {""A"": [""B"", ""E""], ""B"": [""C""], ""C"": [""D""], ""E"": [""F""], ""G"": [""D""]}, ""question_type"": ""descendants"", ""x"": ""B""}","{""descendants"": [""C"", ""D""]}",exact,1.0,1.0,deterministic,wrong_answer,all lower C levels for level certification,C-Standard,bound,True,required/pass for generated dev item,required before attributing concordant cross-tier failures,must report strongest-executor headroom,"key computed by tools/c_ladder.py, not asserted; recomputed by tools/audit_items.py"
C-C1-CAUSA-03,C,C1,,causal_reasoning,3,static,C1 Causal Reasoning #3 -- reachability in a branching graph,Which variables can change as a result of do(E)?,"{""graph"": {""A"": [""B"", ""E""], ""B"": [""C""], ""C"": [""D""], ""E"": [""F""], ""G"": [""D""]}, ""question_type"": ""descendants"", ""x"": ""E""}","{""descendants"": [""F""]}",exact,1.0,1.0,deterministic,wrong_answer,all lower C levels for level certification,C-Standard,bound,True,required/pass for generated dev item,required before attributing concordant cross-tier failures,must report strongest-executor headroom,"key computed by tools/c_ladder.py, not asserted; recomputed by tools/audit_items.py"
C-C1-CAUSA-04,C,C1,,causal_reasoning,4,static,C1 Causal Reasoning #4 -- reachability in a branching graph,Which variables can change as a result of do(C)?,"{""graph"": {""A"": [""B"", ""E""], ""B"": [""C""], ""C"": [""D""], ""E"": [""F""], ""G"": [""D""]}, ""question_type"": ""descendants"", ""x"": ""C""}","{""descendants"": [""D""]}",exact,1.0,1.0,deterministic,wrong_answer,all lower C levels for level certification,C-Standard,bound,True,required/pass for generated dev item,required before attributing concordant cross-tier failures,must report strongest-executor headroom,"key computed by tools/c_ladder.py, not asserted; recomputed by tools/audit_items.py"
C-C1-CODIN-01,C,C1,,coding_reasoning,1,static,C1 Coding Reasoning #1,Produce the exact requested output.,"{""language"":""python"",""task"":""Return sorted unique values descending."",""values"":[4,2,6,2,8]}","{""result"":[8,6,4,2]}",exact,1.0,1.0,deterministic,wrong_answer,all lower C levels for level certification,C-Standard,bound,True,required/pass for generated dev item,required before attributing concordant cross-tier failures,must report strongest-executor headroom,
C-C1-CODIN-02,C,C1,,coding_reasoning,2,static,C1 Coding Reasoning #2,Produce the exact requested output.,"{""language"":""python"",""task"":""Return sorted unique values descending."",""values"":[5,2,7,2,8]}","{""result"":[8,7,5,2]}",exact,1.0,1.0,deterministic,wrong_answer,all lower C levels for level certification,C-Standard,bound,True,required/pass for generated dev item,required before attributing concordant cross-tier failures,must report strongest-executor headroom,
C-C1-CODIN-03,C,C1,,coding_reasoning,3,static,C1 Coding Reasoning #3,Produce the exact requested output.,"{""language"":""python"",""task"":""Return sorted unique values descending."",""values"":[6,2,8,2,8]}","{""result"":[8,6,2]}",exact,1.0,1.0,deterministic,wrong_answer,all lower C levels for level certification,C-Standard,bound,True,required/pass for generated dev item,required before attributing concordant cross-tier failures,must report strongest-executor headroom,
C-C1-CODIN-04,C,C1,,coding_reasoning,4,static,C1 Coding Reasoning #4,Produce the exact requested output.,"{""language"":""python"",""task"":""Return sorted unique values descending."",""values"":[7,2,9,2,8]}","{""result"":[9,8,7,2]}",exact,1.0,1.0,deterministic,wrong_answer,all lower C levels for level certification,C-Standard,bound,True,required/pass for generated dev item,required before attributing concordant cross-tier failures,must report strongest-executor headroom,
C-C1-ABSTR-01,C,C1,,abstract_rule_induction,1,static,C1 Abstract Rule Induction #1 -- constant ratio,Give the next term.,"{""rule"": ""geometric"", ""sequence"": [1, 2, 4, 8, 16]}","{""next"": 32}",exact,1.0,1.0,deterministic,wrong_answer,all lower C levels for level certification,C-Standard,bound,True,required/pass for generated dev item,required before attributing concordant cross-tier failures,must report strongest-executor headroom,"key computed by tools/c_ladder.py, not asserted; recomputed by tools/audit_items.py"
C-C1-ABSTR-02,C,C1,,abstract_rule_induction,2,static,C1 Abstract Rule Induction #2 -- constant ratio,Give the next term.,"{""rule"": ""geometric"", ""sequence"": [1, 3, 9, 27, 81]}","{""next"": 243}",exact,1.0,1.0,deterministic,wrong_answer,all lower C levels for level certification,C-Standard,bound,True,required/pass for generated dev item,required before attributing concordant cross-tier failures,must report strongest-executor headroom,"key computed by tools/c_ladder.py, not asserted; recomputed by tools/audit_items.py"
C-C1-ABSTR-03,C,C1,,abstract_rule_induction,3,static,C1 Abstract Rule Induction #3 -- constant ratio,Give the next term.,"{""rule"": ""geometric"", ""sequence"": [2, 4, 8, 16, 32]}","{""next"": 64}",exact,1.0,1.0,deterministic,wrong_answer,all lower C levels for level certification,C-Standard,bound,True,required/pass for generated dev item,required before attributing concordant cross-tier failures,must report strongest-executor headroom,"key computed by tools/c_ladder.py, not asserted; recomputed by tools/audit_items.py"
C-C1-ABSTR-04,C,C1,,abstract_rule_induction,4,static,C1 Abstract Rule Induction #4 -- constant ratio,Give the next term.,"{""rule"": ""geometric"", ""sequence"": [2, 6, 18, 54, 162]}","{""next"": 486}",exact,1.0,1.0,deterministic,wrong_answer,all lower C levels for level certification,C-Standard,bound,True,required/pass for generated dev item,required before attributing concordant cross-tier failures,must report strongest-executor headroom,"key computed by tools/c_ladder.py, not asserted; recomputed by tools/audit_items.py"
C-C1-FACTU-01,C,C1,,factuality_calibration,1,static,C1 Factuality Calibration #1 -- a retracted source,"What is the supported value, and which source supports it? A retracted source does not count, and neither does anything that rests on one. Answer ""unknown"" if nothing survives.","{""claim_field"": ""revenue"", ""sources"": [{""claims"": ""revenue"", ""id"": ""rep19"", ""value"": 4.0, ""year"": 2019}, {""claims"": ""revenue"", ""id"": ""memo"", ""retracted"": true, ""value"": 5.1, ""year"": 2020}]}","{""answer"": 4.0, ""source"": ""rep19""}",exact,1.0,1.0,deterministic,wrong_answer,all lower C levels for level certification,C-Standard,bound,True,required/pass for generated dev item,required before attributing concordant cross-tier failures,must report strongest-executor headroom,"key computed by tools/c_ladder.py, not asserted; recomputed by tools/audit_items.py"
C-C1-FACTU-02,C,C1,,factuality_calibration,2,static,C1 Factuality Calibration #2 -- a retracted source,"What is the supported value, and which source supports it? A retracted source does not count, and neither does anything that rests on one. Answer ""unknown"" if nothing survives.","{""claim_field"": ""revenue"", ""sources"": [{""claims"": ""revenue"", ""id"": ""rep19"", ""value"": 4.3, ""year"": 2019}, {""claims"": ""revenue"", ""id"": ""memo"", ""retracted"": true, ""value"": 6.1, ""year"": 2020}]}","{""answer"": 4.3, ""source"": ""rep19""}",exact,1.0,1.0,deterministic,wrong_answer,all lower C levels for level certification,C-Standard,bound,True,required/pass for generated dev item,required before attributing concordant cross-tier failures,must report strongest-executor headroom,"key computed by tools/c_ladder.py, not asserted; recomputed by tools/audit_items.py"
C-C1-FACTU-03,C,C1,,factuality_calibration,3,static,C1 Factuality Calibration #3 -- a retracted source,"What is the supported value, and which source supports it? A retracted source does not count, and neither does anything that rests on one. Answer ""unknown"" if nothing survives.","{""claim_field"": ""revenue"", ""sources"": [{""claims"": ""revenue"", ""id"": ""rep19"", ""value"": 4.6, ""year"": 2019}, {""claims"": ""revenue"", ""id"": ""memo"", ""retracted"": true, ""value"": 7.1, ""year"": 2020}]}","{""answer"": 4.6, ""source"": ""rep19""}",exact,1.0,1.0,deterministic,wrong_answer,all lower C levels for level certification,C-Standard,bound,True,required/pass for generated dev item,required before attributing concordant cross-tier failures,must report strongest-executor headroom,"key computed by tools/c_ladder.py, not asserted; recomputed by tools/audit_items.py"
C-C1-FACTU-04,C,C1,,factuality_calibration,4,static,C1 Factuality Calibration #4 -- a retracted source,"What is the supported value, and which source supports it? A retracted source does not count, and neither does anything that rests on one. Answer ""unknown"" if nothing survives.","{""claim_field"": ""revenue"", ""sources"": [{""claims"": ""revenue"", ""id"": ""rep19"", ""value"": 4.9, ""year"": 2019}, {""claims"": ""revenue"", ""id"": ""memo"", ""retracted"": true, ""value"": 8.1, ""year"": 2020}]}","{""answer"": 4.9, ""source"": ""rep19""}",exact,1.0,1.0,deterministic,wrong_answer,all lower C levels for level certification,C-Standard,bound,True,required/pass for generated dev item,required before attributing concordant cross-tier failures,must report strongest-executor headroom,"key computed by tools/c_ladder.py, not asserted; recomputed by tools/audit_items.py"
C-C1-LONG_-01,C,C1,,long_context,1,static,C1 Long Context #1,Retrieve the value for query_id from the supplied record set.,"{""records"":[{""id"":0,""value"":3},{""id"":1,""value"":10},{""id"":2,""value"":17},{""id"":3,""value"":24},{""id"":4,""value"":31},{""id"":5,""value"":38},{""id"":6,""value"":45},{""id"":7,""value"":52},{""id"":8,""value"":59},{""id"":9,""value"":66},{""id"":10,""value"":73},{""id"":11,""value"":80},{""id"":12,""value"":87},{""id"":13,""value"":94},{""id"":14,""value"":0},{""id"":15,""value"":7},{""id"":16,""value"":14},{""id"":17,""value"":21},{""id"":18,""value"":28},{""id"":19,""value"":35},{""id"":20,""value"":42},{""id"":21,""value"":49},{""id"":22,""value"":56},{""id"":23,""value"":63},{""id"":24,""value"":70},{""id"":25,""value"":77},{""id"":26,""value"":84},{""id"":27,""value"":91},{""id"":28,""value"":98},{""id"":29,""value"":4},{""id"":30,""value"":11},{""id"":31,""value"":18},{""id"":32,""value"":25},{""id"":33,""value"":32},{""id"":34,""value"":39},{""id"":35,""value"":46},{""id"":36,""value"":53},{""id"":37,""value"":60},{""id"":38,""value"":67},{""id"":39,""value"":74},{""id"":40,""value"":81},{""id"":41,""value"":88},{""id"":42,""value"":95},{""id"":43,""value"":1},{""id"":44,""value"":8},{""id"":45,""value"":15},{""id"":46,""value"":22},{""id"":47,""value"":29},{""id"":48,""value"":36},{""id"":49,""value"":43},{""id"":50,""value"":50},{""id"":51,""value"":57},{""id"":52,""value"":64},{""id"":53,""value"":71},{""id"":54,""value"":78},{""id"":55,""value"":85},{""id"":56,""value"":92},{""id"":57,""value"":99},{""id"":58,""value"":5},{""id"":59,""value"":12},{""id"":60,""value"":19},{""id"":61,""value"":26},{""id"":62,""value"":33},{""id"":63,""value"":40},{""id"":64,""value"":47},{""id"":65,""value"":54},{""id"":66,""value"":61},{""id"":67,""value"":68},{""id"":68,""value"":75},{""id"":69,""value"":82},{""id"":70,""value"":89},{""id"":71,""value"":96},{""id"":72,""value"":2},{""id"":73,""value"":9},{""id"":74,""value"":16},{""id"":75,""value"":23},{""id"":76,""value"":30},{""id"":77,""value"":37},{""id"":78,""value"":44},{""id"":79,""value"":51},{""id"":80,""value"":58},{""id"":81,""value"":65},{""id"":82,""value"":72},{""id"":83,""value"":79},{""id"":84,""value"":86},{""id"":85,""value"":93},{""id"":86,""value"":100},{""id"":87,""value"":6},{""id"":88,""value"":13},{""id"":89,""value"":20}],""query_id"":41}","{""value"":88}",exact,1.0,1.0,deterministic,wrong_answer,all lower C levels for level certification,C-Standard,bound,True,required/pass for generated dev item,required before attributing concordant cross-tier failures,must report strongest-executor headroom,
C-C1-LONG_-02,C,C1,,long_context,2,static,C1 Long Context #2,Retrieve the value for query_id from the supplied record set.,"{""records"":[{""id"":0,""value"":3},{""id"":1,""value"":10},{""id"":2,""value"":17},{""id"":3,""value"":24},{""id"":4,""value"":31},{""id"":5,""value"":38},{""id"":6,""value"":45},{""id"":7,""value"":52},{""id"":8,""value"":59},{""id"":9,""value"":66},{""id"":10,""value"":73},{""id"":11,""value"":80},{""id"":12,""value"":87},{""id"":13,""value"":94},{""id"":14,""value"":0},{""id"":15,""value"":7},{""id"":16,""value"":14},{""id"":17,""value"":21},{""id"":18,""value"":28},{""id"":19,""value"":35},{""id"":20,""value"":42},{""id"":21,""value"":49},{""id"":22,""value"":56},{""id"":23,""value"":63},{""id"":24,""value"":70},{""id"":25,""value"":77},{""id"":26,""value"":84},{""id"":27,""value"":91},{""id"":28,""value"":98},{""id"":29,""value"":4},{""id"":30,""value"":11},{""id"":31,""value"":18},{""id"":32,""value"":25},{""id"":33,""value"":32},{""id"":34,""value"":39},{""id"":35,""value"":46},{""id"":36,""value"":53},{""id"":37,""value"":60},{""id"":38,""value"":67},{""id"":39,""value"":74},{""id"":40,""value"":81},{""id"":41,""value"":88},{""id"":42,""value"":95},{""id"":43,""value"":1},{""id"":44,""value"":8},{""id"":45,""value"":15},{""id"":46,""value"":22},{""id"":47,""value"":29},{""id"":48,""value"":36},{""id"":49,""value"":43},{""id"":50,""value"":50},{""id"":51,""value"":57},{""id"":52,""value"":64},{""id"":53,""value"":71},{""id"":54,""value"":78},{""id"":55,""value"":85},{""id"":56,""value"":92},{""id"":57,""value"":99},{""id"":58,""value"":5},{""id"":59,""value"":12},{""id"":60,""value"":19},{""id"":61,""value"":26},{""id"":62,""value"":33},{""id"":63,""value"":40},{""id"":64,""value"":47},{""id"":65,""value"":54},{""id"":66,""value"":61},{""id"":67,""value"":68},{""id"":68,""value"":75},{""id"":69,""value"":82},{""id"":70,""value"":89},{""id"":71,""value"":96},{""id"":72,""value"":2},{""id"":73,""value"":9},{""id"":74,""value"":16},{""id"":75,""value"":23},{""id"":76,""value"":30},{""id"":77,""value"":37},{""id"":78,""value"":44},{""id"":79,""value"":51},{""id"":80,""value"":58},{""id"":81,""value"":65},{""id"":82,""value"":72},{""id"":83,""value"":79},{""id"":84,""value"":86},{""id"":85,""value"":93},{""id"":86,""value"":100},{""id"":87,""value"":6},{""id"":88,""value"":13},{""id"":89,""value"":20}],""query_id"":42}","{""value"":95}",exact,1.0,1.0,deterministic,wrong_answer,all lower C levels for level certification,C-Standard,bound,True,required/pass for generated dev item,required before attributing concordant cross-tier failures,must report strongest-executor headroom,
C-C1-LONG_-03,C,C1,,long_context,3,static,C1 Long Context #3,Retrieve the value for query_id from the supplied record set.,"{""records"":[{""id"":0,""value"":3},{""id"":1,""value"":10},{""id"":2,""value"":17},{""id"":3,""value"":24},{""id"":4,""value"":31},{""id"":5,""value"":38},{""id"":6,""value"":45},{""id"":7,""value"":52},{""id"":8,""value"":59},{""id"":9,""value"":66},{""id"":10,""value"":73},{""id"":11,""value"":80},{""id"":12,""value"":87},{""id"":13,""value"":94},{""id"":14,""value"":0},{""id"":15,""value"":7},{""id"":16,""value"":14},{""id"":17,""value"":21},{""id"":18,""value"":28},{""id"":19,""value"":35},{""id"":20,""value"":42},{""id"":21,""value"":49},{""id"":22,""value"":56},{""id"":23,""value"":63},{""id"":24,""value"":70},{""id"":25,""value"":77},{""id"":26,""value"":84},{""id"":27,""value"":91},{""id"":28,""value"":98},{""id"":29,""value"":4},{""id"":30,""value"":11},{""id"":31,""value"":18},{""id"":32,""value"":25},{""id"":33,""value"":32},{""id"":34,""value"":39},{""id"":35,""value"":46},{""id"":36,""value"":53},{""id"":37,""value"":60},{""id"":38,""value"":67},{""id"":39,""value"":74},{""id"":40,""value"":81},{""id"":41,""value"":88},{""id"":42,""value"":95},{""id"":43,""value"":1},{""id"":44,""value"":8},{""id"":45,""value"":15},{""id"":46,""value"":22},{""id"":47,""value"":29},{""id"":48,""value"":36},{""id"":49,""value"":43},{""id"":50,""value"":50},{""id"":51,""value"":57},{""id"":52,""value"":64},{""id"":53,""value"":71},{""id"":54,""value"":78},{""id"":55,""value"":85},{""id"":56,""value"":92},{""id"":57,""value"":99},{""id"":58,""value"":5},{""id"":59,""value"":12},{""id"":60,""value"":19},{""id"":61,""value"":26},{""id"":62,""value"":33},{""id"":63,""value"":40},{""id"":64,""value"":47},{""id"":65,""value"":54},{""id"":66,""value"":61},{""id"":67,""value"":68},{""id"":68,""value"":75},{""id"":69,""value"":82},{""id"":70,""value"":89},{""id"":71,""value"":96},{""id"":72,""value"":2},{""id"":73,""value"":9},{""id"":74,""value"":16},{""id"":75,""value"":23},{""id"":76,""value"":30},{""id"":77,""value"":37},{""id"":78,""value"":44},{""id"":79,""value"":51},{""id"":80,""value"":58},{""id"":81,""value"":65},{""id"":82,""value"":72},{""id"":83,""value"":79},{""id"":84,""value"":86},{""id"":85,""value"":93},{""id"":86,""value"":100},{""id"":87,""value"":6},{""id"":88,""value"":13},{""id"":89,""value"":20}],""query_id"":43}","{""value"":1}",exact,1.0,1.0,deterministic,wrong_answer,all lower C levels for level certification,C-Standard,bound,True,required/pass for generated dev item,required before attributing concordant cross-tier failures,must report strongest-executor headroom,
C-C1-LONG_-04,C,C1,,long_context,4,static,C1 Long Context #4,Retrieve the value for query_id from the supplied record set.,"{""records"":[{""id"":0,""value"":3},{""id"":1,""value"":10},{""id"":2,""value"":17},{""id"":3,""value"":24},{""id"":4,""value"":31},{""id"":5,""value"":38},{""id"":6,""value"":45},{""id"":7,""value"":52},{""id"":8,""value"":59},{""id"":9,""value"":66},{""id"":10,""value"":73},{""id"":11,""value"":80},{""id"":12,""value"":87},{""id"":13,""value"":94},{""id"":14,""value"":0},{""id"":15,""value"":7},{""id"":16,""value"":14},{""id"":17,""value"":21},{""id"":18,""value"":28},{""id"":19,""value"":35},{""id"":20,""value"":42},{""id"":21,""value"":49},{""id"":22,""value"":56},{""id"":23,""value"":63},{""id"":24,""value"":70},{""id"":25,""value"":77},{""id"":26,""value"":84},{""id"":27,""value"":91},{""id"":28,""value"":98},{""id"":29,""value"":4},{""id"":30,""value"":11},{""id"":31,""value"":18},{""id"":32,""value"":25},{""id"":33,""value"":32},{""id"":34,""value"":39},{""id"":35,""value"":46},{""id"":36,""value"":53},{""id"":37,""value"":60},{""id"":38,""value"":67},{""id"":39,""value"":74},{""id"":40,""value"":81},{""id"":41,""value"":88},{""id"":42,""value"":95},{""id"":43,""value"":1},{""id"":44,""value"":8},{""id"":45,""value"":15},{""id"":46,""value"":22},{""id"":47,""value"":29},{""id"":48,""value"":36},{""id"":49,""value"":43},{""id"":50,""value"":50},{""id"":51,""value"":57},{""id"":52,""value"":64},{""id"":53,""value"":71},{""id"":54,""value"":78},{""id"":55,""value"":85},{""id"":56,""value"":92},{""id"":57,""value"":99},{""id"":58,""value"":5},{""id"":59,""value"":12},{""id"":60,""value"":19},{""id"":61,""value"":26},{""id"":62,""value"":33},{""id"":63,""value"":40},{""id"":64,""value"":47},{""id"":65,""value"":54},{""id"":66,""value"":61},{""id"":67,""value"":68},{""id"":68,""value"":75},{""id"":69,""value"":82},{""id"":70,""value"":89},{""id"":71,""value"":96},{""id"":72,""value"":2},{""id"":73,""value"":9},{""id"":74,""value"":16},{""id"":75,""value"":23},{""id"":76,""value"":30},{""id"":77,""value"":37},{""id"":78,""value"":44},{""id"":79,""value"":51},{""id"":80,""value"":58},{""id"":81,""value"":65},{""id"":82,""value"":72},{""id"":83,""value"":79},{""id"":84,""value"":86},{""id"":85,""value"":93},{""id"":86,""value"":100},{""id"":87,""value"":6},{""id"":88,""value"":13},{""id"":89,""value"":20}],""query_id"":44}","{""value"":8}",exact,1.0,1.0,deterministic,wrong_answer,all lower C levels for level certification,C-Standard,bound,True,required/pass for generated dev item,required before attributing concordant cross-tier failures,must report strongest-executor headroom,
C-C1-MULTI-01,C,C1,,multimodal_structured,1,static,C1 Multimodal Structured #1,Use the spatial object representation to answer the question.,"{""objects"":[{""id"":""r"",""shape"":""circle"",""x"":21,""y"":30},{""id"":""b"",""shape"":""square"",""x"":80,""y"":31},{""id"":""g"",""shape"":""triangle"",""x"":50,""y"":90}],""question"":""Which object is leftmost?""}","{""id"":""r""}",exact,1.0,1.0,deterministic,wrong_answer,all lower C levels for level certification,C-Standard,bound,True,required/pass for generated dev item,required before attributing concordant cross-tier failures,must report strongest-executor headroom,
C-C1-MULTI-02,C,C1,,multimodal_structured,2,static,C1 Multimodal Structured #2,Use the spatial object representation to answer the question.,"{""objects"":[{""id"":""r"",""shape"":""circle"",""x"":22,""y"":30},{""id"":""b"",""shape"":""square"",""x"":80,""y"":31},{""id"":""g"",""shape"":""triangle"",""x"":50,""y"":90}],""question"":""Which object is leftmost?""}","{""id"":""r""}",exact,1.0,1.0,deterministic,wrong_answer,all lower C levels for level certification,C-Standard,bound,True,required/pass for generated dev item,required before attributing concordant cross-tier failures,must report strongest-executor headroom,
C-C1-MULTI-03,C,C1,,multimodal_structured,3,static,C1 Multimodal Structured #3,Use the spatial object representation to answer the question.,"{""objects"":[{""id"":""r"",""shape"":""circle"",""x"":23,""y"":30},{""id"":""b"",""shape"":""square"",""x"":80,""y"":31},{""id"":""g"",""shape"":""triangle"",""x"":50,""y"":90}],""question"":""Which object is leftmost?""}","{""id"":""r""}",exact,1.0,1.0,deterministic,wrong_answer,all lower C levels for level certification,C-Standard,bound,True,required/pass for generated dev item,required before attributing concordant cross-tier failures,must report strongest-executor headroom,
C-C1-MULTI-04,C,C1,,multimodal_structured,4,static,C1 Multimodal Structured #4,Use the spatial object representation to answer the question.,"{""objects"":[{""id"":""r"",""shape"":""circle"",""x"":24,""y"":30},{""id"":""b"",""shape"":""square"",""x"":80,""y"":31},{""id"":""g"",""shape"":""triangle"",""x"":50,""y"":90}],""question"":""Which object is leftmost?""}","{""id"":""r""}",exact,1.0,1.0,deterministic,wrong_answer,all lower C levels for level certification,C-Standard,bound,True,required/pass for generated dev item,required before attributing concordant cross-tier failures,must report strongest-executor headroom,
C-C1-GUI_P-01,C,C1,GP1,gui_perception,1,static,C1 Gui Perception #1,Interpret the computer-screen image. Do not infer hidden state beyond visible evidence.,"{""image_file"":""gui_assets/C-C1-GUI_P-01.png"",""gp_level"":""GP1"",""questions"":{""text"":""What filename is shown?"",""element"":""What kind of control is labeled Submit?"",""grounding"":""Return Submit bounding box [x1,y1,x2,y2]."",""state"":""Is Submit enabled?"",""result_state"":""What status text is visible?""}}","{""filename"":""item-01.txt"",""submit_element_type"":""button"",""submit_bbox"":[420,125,580,165],""submit_enabled"":true,""status"":""Ready""}",component_fraction,1.0,1.0,bbox_iou_plus_exact_fields,ocr;text;element_type;grounding;state_interpretation,all lower C levels for level certification,C-Standard,bound,True,required/pass for generated dev item,required before attributing concordant cross-tier failures,must report strongest-executor headroom,"GP is a diagnostic subscale of C, not a C level: this is GP1 evidence and must not be read as C1 evidence. A previously unseen layout is legitimate static evidence for GP5; nothing static is evidence for C5."
C-C1-GUI_P-02,C,C1,GP1,gui_perception,2,static,C1 Gui Perception #2,Interpret the computer-screen image. Do not infer hidden state beyond visible evidence.,"{""image_file"":""gui_assets/C-C1-GUI_P-02.png"",""gp_level"":""GP1"",""questions"":{""text"":""What filename is shown?"",""element"":""What kind of control is labeled Submit?"",""grounding"":""Return Submit bounding box [x1,y1,x2,y2]."",""state"":""Is Submit enabled?"",""result_state"":""What status text is visible?""}}","{""filename"":""item-02.txt"",""submit_element_type"":""button"",""submit_bbox"":[420,125,580,165],""submit_enabled"":false,""status"":""ERROR: missing owner""}",component_fraction,1.0,1.0,bbox_iou_plus_exact_fields,ocr;text;element_type;grounding;state_interpretation,all lower C levels for level certification,C-Standard,bound,True,required/pass for generated dev item,required before attributing concordant cross-tier failures,must report strongest-executor headroom,"GP is a diagnostic subscale of C, not a C level: this is GP1 evidence and must not be read as C1 evidence. A previously unseen layout is legitimate static evidence for GP5; nothing static is evidence for C5."
C-C1-GUI_P-03,C,C1,GP1,gui_perception,3,static,C1 Gui Perception #3,Interpret the computer-screen image. Do not infer hidden state beyond visible evidence.,"{""image_file"":""gui_assets/C-C1-GUI_P-03.png"",""gp_level"":""GP1"",""questions"":{""text"":""What filename is shown?"",""element"":""What kind of control is labeled Submit?"",""grounding"":""Return Submit bounding box [x1,y1,x2,y2]."",""state"":""Is Submit enabled?"",""result_state"":""What status text is visible?""}}","{""filename"":""item-03.txt"",""submit_element_type"":""button"",""submit_bbox"":[420,125,580,165],""submit_enabled"":true,""status"":""Ready""}",component_fraction,1.0,1.0,bbox_iou_plus_exact_fields,ocr;text;element_type;grounding;state_interpretation,all lower C levels for level certification,C-Standard,bound,True,required/pass for generated dev item,required before attributing concordant cross-tier failures,must report strongest-executor headroom,"GP is a diagnostic subscale of C, not a C level: this is GP1 evidence and must not be read as C1 evidence. A previously unseen layout is legitimate static evidence for GP5; nothing static is evidence for C5."
C-C1-GUI_P-04,C,C1,GP1,gui_perception,4,static,C1 Gui Perception #4,Interpret the computer-screen image. Do not infer hidden state beyond visible evidence.,"{""image_file"":""gui_assets/C-C1-GUI_P-04.png"",""gp_level"":""GP1"",""questions"":{""text"":""What filename is shown?"",""element"":""What kind of control is labeled Submit?"",""grounding"":""Return Submit bounding box [x1,y1,x2,y2]."",""state"":""Is Submit enabled?"",""result_state"":""What status text is visible?""}}","{""filename"":""item-04.txt"",""submit_element_type"":""button"",""submit_bbox"":[420,125,580,165],""submit_enabled"":false,""status"":""ERROR: missing owner""}",component_fraction,1.0,1.0,bbox_iou_plus_exact_fields,ocr;text;element_type;grounding;state_interpretation,all lower C levels for level certification,C-Standard,bound,True,required/pass for generated dev item,required before attributing concordant cross-tier failures,must report strongest-executor headroom,"GP is a diagnostic subscale of C, not a C level: this is GP1 evidence and must not be read as C1 evidence. A previously unseen layout is legitimate static evidence for GP5; nothing static is evidence for C5."
C-C2-LOGIC-01,C,C2,,logical_reasoning,1,static,C2 Logical Reasoning #1 -- conjunctive conditions,Is the query entailed? Every condition of a rule must hold.,"{""facts"": [""A"", ""B""], ""query"": ""E"", ""rules"": [{""if"": [""A"", ""B""], ""then"": ""C""}, {""if"": [""C"", ""D""], ""then"": ""E""}, {""if"": [""A""], ""then"": ""D""}]}","{""entailed"": true}",exact,1.0,1.0,deterministic,wrong_answer,all lower C levels for level certification,C-Standard,bound,True,required/pass for generated dev item,required before attributing concordant cross-tier failures,must report strongest-executor headroom,"key computed by tools/c_ladder.py, not asserted; recomputed by tools/audit_items.py"
C-C2-LOGIC-02,C,C2,,logical_reasoning,2,static,C2 Logical Reasoning #2 -- conjunctive conditions,Is the query entailed? Every condition of a rule must hold.,"{""facts"": [""A""], ""query"": ""E"", ""rules"": [{""if"": [""A"", ""B""], ""then"": ""C""}, {""if"": [""C"", ""D""], ""then"": ""E""}, {""if"": [""A""], ""then"": ""D""}]}","{""entailed"": false}",exact,1.0,1.0,deterministic,wrong_answer,all lower C levels for level certification,C-Standard,bound,True,required/pass for generated dev item,required before attributing concordant cross-tier failures,must report strongest-executor headroom,"key computed by tools/c_ladder.py, not asserted; recomputed by tools/audit_items.py"
C-C2-LOGIC-03,C,C2,,logical_reasoning,3,static,C2 Logical Reasoning #3 -- conjunctive conditions,Is the query entailed? Every condition of a rule must hold.,"{""facts"": [""B""], ""query"": ""E"", ""rules"": [{""if"": [""A"", ""B""], ""then"": ""C""}, {""if"": [""C"", ""D""], ""then"": ""E""}, {""if"": [""A""], ""then"": ""D""}]}","{""entailed"": false}",exact,1.0,1.0,deterministic,wrong_answer,all lower C levels for level certification,C-Standard,bound,True,required/pass for generated dev item,required before attributing concordant cross-tier failures,must report strongest-executor headroom,"key computed by tools/c_ladder.py, not asserted; recomputed by tools/audit_items.py"
C-C2-LOGIC-04,C,C2,,logical_reasoning,4,static,C2 Logical Reasoning #4 -- conjunctive conditions,Is the query entailed? Every condition of a rule must hold.,"{""facts"": [""B"", ""D""], ""query"": ""C"", ""rules"": [{""if"": [""A"", ""B""], ""then"": ""C""}, {""if"": [""C"", ""D""], ""then"": ""E""}, {""if"": [""A""], ""then"": ""D""}]}","{""entailed"": false}",exact,1.0,1.0,deterministic,wrong_answer,all lower C levels for level certification,C-Standard,bound,True,required/pass for generated dev item,required before attributing concordant cross-tier failures,must report strongest-executor headroom,"key computed by tools/c_ladder.py, not asserted; recomputed by tools/audit_items.py"
C-C2-QUANT-01,C,C2,,quantitative_math,1,static,C2 Quantitative Math #1,Solve the equation exactly.,"{""equation"":""4*x + 3 = 27""}","{""x"":6}",exact,1.0,1.0,deterministic,wrong_answer,all lower C levels for level certification,C-Standard,bound,True,required/pass for generated dev item,required before attributing concordant cross-tier failures,must report strongest-executor headroom,
C-C2-QUANT-02,C,C2,,quantitative_math,2,static,C2 Quantitative Math #2,Solve the equation exactly.,"{""equation"":""4*x + 3 = 31""}","{""x"":7}",exact,1.0,1.0,deterministic,wrong_answer,all lower C levels for level certification,C-Standard,bound,True,required/pass for generated dev item,required before attributing concordant cross-tier failures,must report strongest-executor headroom,
C-C2-QUANT-03,C,C2,,quantitative_math,3,static,C2 Quantitative Math #3,Solve the equation exactly.,"{""equation"":""4*x + 3 = 35""}","{""x"":8}",exact,1.0,1.0,deterministic,wrong_answer,all lower C levels for level certification,C-Standard,bound,True,required/pass for generated dev item,required before attributing concordant cross-tier failures,must report strongest-executor headroom,
C-C2-QUANT-04,C,C2,,quantitative_math,4,static,C2 Quantitative Math #4,Solve the equation exactly.,"{""equation"":""4*x + 3 = 39""}","{""x"":9}",exact,1.0,1.0,deterministic,wrong_answer,all lower C levels for level certification,C-Standard,bound,True,required/pass for generated dev item,required before attributing concordant cross-tier failures,must report strongest-executor headroom,
C-C2-SCIEN-01,C,C2,,scientific_reasoning,1,static,C2 Scientific Reasoning #1,Choose the hypothesis best supported by the controlled observations.,"{""observations"":[{""condition"":""control"",""value"":11},{""condition"":""treatment"",""value"":18},{""condition"":""treatment_plus_blocker"",""value"":11}],""hypotheses"":[""treatment increases outcome through blocker-sensitive pathway"",""treatment has no effect""]}","{""best_hypothesis"":0}",exact,1.0,1.0,deterministic,wrong_answer,all lower C levels for level certification,C-Standard,bound,True,required/pass for generated dev item,required before attributing concordant cross-tier failures,must report strongest-executor headroom,
C-C2-SCIEN-02,C,C2,,scientific_reasoning,2,static,C2 Scientific Reasoning #2,Choose the hypothesis best supported by the controlled observations.,"{""observations"":[{""condition"":""control"",""value"":12},{""condition"":""treatment"",""value"":19},{""condition"":""treatment_plus_blocker"",""value"":12}],""hypotheses"":[""treatment increases outcome through blocker-sensitive pathway"",""treatment has no effect""]}","{""best_hypothesis"":0}",exact,1.0,1.0,deterministic,wrong_answer,all lower C levels for level certification,C-Standard,bound,True,required/pass for generated dev item,required before attributing concordant cross-tier failures,must report strongest-executor headroom,
C-C2-SCIEN-03,C,C2,,scientific_reasoning,3,static,C2 Scientific Reasoning #3,Choose the hypothesis best supported by the controlled observations.,"{""observations"":[{""condition"":""control"",""value"":13},{""condition"":""treatment"",""value"":20},{""condition"":""treatment_plus_blocker"",""value"":13}],""hypotheses"":[""treatment increases outcome through blocker-sensitive pathway"",""treatment has no effect""]}","{""best_hypothesis"":0}",exact,1.0,1.0,deterministic,wrong_answer,all lower C levels for level certification,C-Standard,bound,True,required/pass for generated dev item,required before attributing concordant cross-tier failures,must report strongest-executor headroom,
C-C2-SCIEN-04,C,C2,,scientific_reasoning,4,static,C2 Scientific Reasoning #4,Choose the hypothesis best supported by the controlled observations.,"{""observations"":[{""condition"":""control"",""value"":14},{""condition"":""treatment"",""value"":21},{""condition"":""treatment_plus_blocker"",""value"":14}],""hypotheses"":[""treatment increases outcome through blocker-sensitive pathway"",""treatment has no effect""]}","{""best_hypothesis"":0}",exact,1.0,1.0,deterministic,wrong_answer,all lower C levels for level certification,C-Standard,bound,True,required/pass for generated dev item,required before attributing concordant cross-tier failures,must report strongest-executor headroom,
C-C2-CAUSA-01,C,C2,,causal_reasoning,1,static,C2 Causal Reasoning #1 -- identifying common causes,Which variables are common causes of X and Y? Return them sorted; correlation between X and Y is not the question.,"{""graph"": {""M"": [""Y""], ""U"": [""X"", ""Y""], ""W"": [""X"", ""Y""], ""X"": [""M""], ""Z"": [""Y""]}, ""question_type"": ""confounders"", ""x"": ""X"", ""y"": ""Y""}","{""confounders"": [""U"", ""W""]}",exact,1.0,1.0,deterministic,wrong_answer,all lower C levels for level certification,C-Standard,bound,True,required/pass for generated dev item,required before attributing concordant cross-tier failures,must report strongest-executor headroom,"key computed by tools/c_ladder.py, not asserted; recomputed by tools/audit_items.py"
C-C2-CAUSA-02,C,C2,,causal_reasoning,2,static,C2 Causal Reasoning #2 -- identifying common causes,Which variables are common causes of X and Y? Return them sorted; correlation between X and Y is not the question.,"{""graph"": {""Q"": [""X""], ""R"": [""Y""], ""U"": [""X"", ""Y""], ""X"": [""Y""]}, ""question_type"": ""confounders"", ""x"": ""X"", ""y"": ""Y""}","{""confounders"": [""Q"", ""U""]}",exact,1.0,1.0,deterministic,wrong_answer,all lower C levels for level certification,C-Standard,bound,True,required/pass for generated dev item,required before attributing concordant cross-tier failures,must report strongest-executor headroom,"key computed by tools/c_ladder.py, not asserted; recomputed by tools/audit_items.py"
C-C2-CAUSA-03,C,C2,,causal_reasoning,3,static,C2 Causal Reasoning #3 -- identifying common causes,Which variables are common causes of X and Y? Return them sorted; correlation between X and Y is not the question.,"{""graph"": {""A"": [""X"", ""Y""], ""U"": [""A""], ""X"": [""Y""]}, ""question_type"": ""confounders"", ""x"": ""X"", ""y"": ""Y""}","{""confounders"": [""A"", ""U""]}",exact,1.0,1.0,deterministic,wrong_answer,all lower C levels for level certification,C-Standard,bound,True,required/pass for generated dev item,required before attributing concordant cross-tier failures,must report strongest-executor headroom,"key computed by tools/c_ladder.py, not asserted; recomputed by tools/audit_items.py"
C-C2-CAUSA-04,C,C2,,causal_reasoning,4,static,C2 Causal Reasoning #4 -- identifying common causes,Which variables are common causes of X and Y? Return them sorted; correlation between X and Y is not the question.,"{""graph"": {""U"": [""X""], ""W"": [""Y""], ""X"": [""Y""]}, ""question_type"": ""confounders"", ""x"": ""X"", ""y"": ""Y""}","{""confounders"": [""U""]}",exact,1.0,1.0,deterministic,wrong_answer,all lower C levels for level certification,C-Standard,bound,True,required/pass for generated dev item,required before attributing concordant cross-tier failures,must report strongest-executor headroom,"key computed by tools/c_ladder.py, not asserted; recomputed by tools/audit_items.py"
C-C2-CODIN-01,C,C2,,coding_reasoning,1,static,C2 Coding Reasoning #1,Produce the exact requested output.,"{""language"":""python"",""task"":""Return sorted unique values descending."",""values"":[4,3,6,2,9]}","{""result"":[9,6,4,3,2]}",exact,1.0,1.0,deterministic,wrong_answer,all lower C levels for level certification,C-Standard,bound,True,required/pass for generated dev item,required before attributing concordant cross-tier failures,must report strongest-executor headroom,
C-C2-CODIN-02,C,C2,,coding_reasoning,2,static,C2 Coding Reasoning #2,Produce the exact requested output.,"{""language"":""python"",""task"":""Return sorted unique values descending."",""values"":[5,3,7,2,9]}","{""result"":[9,7,5,3,2]}",exact,1.0,1.0,deterministic,wrong_answer,all lower C levels for level certification,C-Standard,bound,True,required/pass for generated dev item,required before attributing concordant cross-tier failures,must report strongest-executor headroom,
C-C2-CODIN-03,C,C2,,coding_reasoning,3,static,C2 Coding Reasoning #3,Produce the exact requested output.,"{""language"":""python"",""task"":""Return sorted unique values descending."",""values"":[6,3,8,2,9]}","{""result"":[9,8,6,3,2]}",exact,1.0,1.0,deterministic,wrong_answer,all lower C levels for level certification,C-Standard,bound,True,required/pass for generated dev item,required before attributing concordant cross-tier failures,must report strongest-executor headroom,
C-C2-CODIN-04,C,C2,,coding_reasoning,4,static,C2 Coding Reasoning #4,Produce the exact requested output.,"{""language"":""python"",""task"":""Return sorted unique values descending."",""values"":[7,3,9,2,9]}","{""result"":[9,7,3,2]}",exact,1.0,1.0,deterministic,wrong_answer,all lower C levels for level certification,C-Standard,bound,True,required/pass for generated dev item,required before attributing concordant cross-tier failures,must report strongest-executor headroom,
C-C2-ABSTR-01,C,C2,,abstract_rule_induction,1,static,C2 Abstract Rule Induction #1 -- two alternating steps,Terms advance by two step sizes in alternation. Give the next term.,"{""params"": {""a"": 2, ""b"": 5}, ""rule"": ""alternating"", ""sequence"": [1, 3, 8, 10, 15]}","{""next"": 20}",exact,1.0,1.0,deterministic,wrong_answer,all lower C levels for level certification,C-Standard,bound,True,required/pass for generated dev item,required before attributing concordant cross-tier failures,must report strongest-executor headroom,"key computed by tools/c_ladder.py, not asserted; recomputed by tools/audit_items.py"
C-C2-ABSTR-02,C,C2,,abstract_rule_induction,2,static,C2 Abstract Rule Induction #2 -- two alternating steps,Terms advance by two step sizes in alternation. Give the next term.,"{""params"": {""a"": 3, ""b"": 6}, ""rule"": ""alternating"", ""sequence"": [1, 4, 10, 13, 19]}","{""next"": 25}",exact,1.0,1.0,deterministic,wrong_answer,all lower C levels for level certification,C-Standard,bound,True,required/pass for generated dev item,required before attributing concordant cross-tier failures,must report strongest-executor headroom,"key computed by tools/c_ladder.py, not asserted; recomputed by tools/audit_items.py"
C-C2-ABSTR-03,C,C2,,abstract_rule_induction,3,static,C2 Abstract Rule Induction #3 -- two alternating steps,Terms advance by two step sizes in alternation. Give the next term.,"{""params"": {""a"": 4, ""b"": 7}, ""rule"": ""alternating"", ""sequence"": [1, 5, 12, 16, 23]}","{""next"": 30}",exact,1.0,1.0,deterministic,wrong_answer,all lower C levels for level certification,C-Standard,bound,True,required/pass for generated dev item,required before attributing concordant cross-tier failures,must report strongest-executor headroom,"key computed by tools/c_ladder.py, not asserted; recomputed by tools/audit_items.py"
C-C2-ABSTR-04,C,C2,,abstract_rule_induction,4,static,C2 Abstract Rule Induction #4 -- two alternating steps,Terms advance by two step sizes in alternation. Give the next term.,"{""params"": {""a"": 5, ""b"": 8}, ""rule"": ""alternating"", ""sequence"": [1, 6, 14, 19, 27]}","{""next"": 35}",exact,1.0,1.0,deterministic,wrong_answer,all lower C levels for level certification,C-Standard,bound,True,required/pass for generated dev item,required before attributing concordant cross-tier failures,must report strongest-executor headroom,"key computed by tools/c_ladder.py, not asserted; recomputed by tools/audit_items.py"
C-C2-FACTU-01,C,C2,,factuality_calibration,1,static,C2 Factuality Calibration #1 -- two live sources of different dates,"What is the supported value, and which source supports it? A retracted source does not count, and neither does anything that rests on one. Answer ""unknown"" if nothing survives.","{""claim_field"": ""revenue"", ""sources"": [{""claims"": ""revenue"", ""id"": ""rep19"", ""value"": 4.0, ""year"": 2019}, {""claims"": ""revenue"", ""id"": ""rep21"", ""value"": 4.8, ""year"": 2021}]}","{""answer"": 4.8, ""source"": ""rep21""}",exact,1.0,1.0,deterministic,wrong_answer,all lower C levels for level certification,C-Standard,bound,True,required/pass for generated dev item,required before attributing concordant cross-tier failures,must report strongest-executor headroom,"key computed by tools/c_ladder.py, not asserted; recomputed by tools/audit_items.py"
C-C2-FACTU-02,C,C2,,factuality_calibration,2,static,C2 Factuality Calibration #2 -- two live sources of different dates,"What is the supported value, and which source supports it? A retracted source does not count, and neither does anything that rests on one. Answer ""unknown"" if nothing survives.","{""claim_field"": ""revenue"", ""sources"": [{""claims"": ""revenue"", ""id"": ""rep19"", ""value"": 4.2, ""year"": 2019}, {""claims"": ""revenue"", ""id"": ""rep21"", ""value"": 5.0, ""year"": 2021}]}","{""answer"": 5.0, ""source"": ""rep21""}",exact,1.0,1.0,deterministic,wrong_answer,all lower C levels for level certification,C-Standard,bound,True,required/pass for generated dev item,required before attributing concordant cross-tier failures,must report strongest-executor headroom,"key computed by tools/c_ladder.py, not asserted; recomputed by tools/audit_items.py"
C-C2-FACTU-03,C,C2,,factuality_calibration,3,static,C2 Factuality Calibration #3 -- two live sources of different dates,"What is the supported value, and which source supports it? A retracted source does not count, and neither does anything that rests on one. Answer ""unknown"" if nothing survives.","{""claim_field"": ""revenue"", ""sources"": [{""claims"": ""revenue"", ""id"": ""rep19"", ""value"": 4.4, ""year"": 2019}, {""claims"": ""revenue"", ""id"": ""rep21"", ""value"": 5.2, ""year"": 2021}]}","{""answer"": 5.2, ""source"": ""rep21""}",exact,1.0,1.0,deterministic,wrong_answer,all lower C levels for level certification,C-Standard,bound,True,required/pass for generated dev item,required before attributing concordant cross-tier failures,must report strongest-executor headroom,"key computed by tools/c_ladder.py, not asserted; recomputed by tools/audit_items.py"
C-C2-FACTU-04,C,C2,,factuality_calibration,4,static,C2 Factuality Calibration #4 -- two live sources of different dates,"What is the supported value, and which source supports it? A retracted source does not count, and neither does anything that rests on one. Answer ""unknown"" if nothing survives.","{""claim_field"": ""revenue"", ""sources"": [{""claims"": ""revenue"", ""id"": ""rep19"", ""value"": 4.6, ""year"": 2019}, {""claims"": ""revenue"", ""id"": ""rep21"", ""value"": 5.4, ""year"": 2021}]}","{""answer"": 5.4, ""source"": ""rep21""}",exact,1.0,1.0,deterministic,wrong_answer,all lower C levels for level certification,C-Standard,bound,True,required/pass for generated dev item,required before attributing concordant cross-tier failures,must report strongest-executor headroom,"key computed by tools/c_ladder.py, not asserted; recomputed by tools/audit_items.py"
C-C2-LONG_-01,C,C2,,long_context,1,static,C2 Long Context #1,Retrieve the value for query_id from the supplied record set.,"{""records"":[{""id"":0,""value"":3},{""id"":1,""value"":10},{""id"":2,""value"":17},{""id"":3,""value"":24},{""id"":4,""value"":31},{""id"":5,""value"":38},{""id"":6,""value"":45},{""id"":7,""value"":52},{""id"":8,""value"":59},{""id"":9,""value"":66},{""id"":10,""value"":73},{""id"":11,""value"":80},{""id"":12,""value"":87},{""id"":13,""value"":94},{""id"":14,""value"":0},{""id"":15,""value"":7},{""id"":16,""value"":14},{""id"":17,""value"":21},{""id"":18,""value"":28},{""id"":19,""value"":35},{""id"":20,""value"":42},{""id"":21,""value"":49},{""id"":22,""value"":56},{""id"":23,""value"":63},{""id"":24,""value"":70},{""id"":25,""value"":77},{""id"":26,""value"":84},{""id"":27,""value"":91},{""id"":28,""value"":98},{""id"":29,""value"":4},{""id"":30,""value"":11},{""id"":31,""value"":18},{""id"":32,""value"":25},{""id"":33,""value"":32},{""id"":34,""value"":39},{""id"":35,""value"":46},{""id"":36,""value"":53},{""id"":37,""value"":60},{""id"":38,""value"":67},{""id"":39,""value"":74},{""id"":40,""value"":81},{""id"":41,""value"":88},{""id"":42,""value"":95},{""id"":43,""value"":1},{""id"":44,""value"":8},{""id"":45,""value"":15},{""id"":46,""value"":22},{""id"":47,""value"":29},{""id"":48,""value"":36},{""id"":49,""value"":43},{""id"":50,""value"":50},{""id"":51,""value"":57},{""id"":52,""value"":64},{""id"":53,""value"":71},{""id"":54,""value"":78},{""id"":55,""value"":85},{""id"":56,""value"":92},{""id"":57,""value"":99},{""id"":58,""value"":5},{""id"":59,""value"":12},{""id"":60,""value"":19},{""id"":61,""value"":26},{""id"":62,""value"":33},{""id"":63,""value"":40},{""id"":64,""value"":47},{""id"":65,""value"":54},{""id"":66,""value"":61},{""id"":67,""value"":68},{""id"":68,""value"":75},{""id"":69,""value"":82},{""id"":70,""value"":89},{""id"":71,""value"":96},{""id"":72,""value"":2},{""id"":73,""value"":9},{""id"":74,""value"":16},{""id"":75,""value"":23},{""id"":76,""value"":30},{""id"":77,""value"":37},{""id"":78,""value"":44},{""id"":79,""value"":51},{""id"":80,""value"":58},{""id"":81,""value"":65},{""id"":82,""value"":72},{""id"":83,""value"":79},{""id"":84,""value"":86},{""id"":85,""value"":93},{""id"":86,""value"":100},{""id"":87,""value"":6},{""id"":88,""value"":13},{""id"":89,""value"":20},{""id"":90,""value"":27},{""id"":91,""value"":34},{""id"":92,""value"":41},{""id"":93,""value"":48},{""id"":94,""value"":55},{""id"":95,""value"":62},{""id"":96,""value"":69},{""id"":97,""value"":76},{""id"":98,""value"":83},{""id"":99,""value"":90},{""id"":100,""value"":97},{""id"":101,""value"":3},{""id"":102,""value"":10},{""id"":103,""value"":17},{""id"":104,""value"":24},{""id"":105,""value"":31},{""id"":106,""value"":38},{""id"":107,""value"":45},{""id"":108,""value"":52},{""id"":109,""value"":59}],""query_id"":44}","{""value"":8}",exact,1.0,1.0,deterministic,wrong_answer,all lower C levels for level certification,C-Standard,bound,True,required/pass for generated dev item,required before attributing concordant cross-tier failures,must report strongest-executor headroom,
C-C2-LONG_-02,C,C2,,long_context,2,static,C2 Long Context #2,Retrieve the value for query_id from the supplied record set.,"{""records"":[{""id"":0,""value"":3},{""id"":1,""value"":10},{""id"":2,""value"":17},{""id"":3,""value"":24},{""id"":4,""value"":31},{""id"":5,""value"":38},{""id"":6,""value"":45},{""id"":7,""value"":52},{""id"":8,""value"":59},{""id"":9,""value"":66},{""id"":10,""value"":73},{""id"":11,""value"":80},{""id"":12,""value"":87},{""id"":13,""value"":94},{""id"":14,""value"":0},{""id"":15,""value"":7},{""id"":16,""value"":14},{""id"":17,""value"":21},{""id"":18,""value"":28},{""id"":19,""value"":35},{""id"":20,""value"":42},{""id"":21,""value"":49},{""id"":22,""value"":56},{""id"":23,""value"":63},{""id"":24,""value"":70},{""id"":25,""value"":77},{""id"":26,""value"":84},{""id"":27,""value"":91},{""id"":28,""value"":98},{""id"":29,""value"":4},{""id"":30,""value"":11},{""id"":31,""value"":18},{""id"":32,""value"":25},{""id"":33,""value"":32},{""id"":34,""value"":39},{""id"":35,""value"":46},{""id"":36,""value"":53},{""id"":37,""value"":60},{""id"":38,""value"":67},{""id"":39,""value"":74},{""id"":40,""value"":81},{""id"":41,""value"":88},{""id"":42,""value"":95},{""id"":43,""value"":1},{""id"":44,""value"":8},{""id"":45,""value"":15},{""id"":46,""value"":22},{""id"":47,""value"":29},{""id"":48,""value"":36},{""id"":49,""value"":43},{""id"":50,""value"":50},{""id"":51,""value"":57},{""id"":52,""value"":64},{""id"":53,""value"":71},{""id"":54,""value"":78},{""id"":55,""value"":85},{""id"":56,""value"":92},{""id"":57,""value"":99},{""id"":58,""value"":5},{""id"":59,""value"":12},{""id"":60,""value"":19},{""id"":61,""value"":26},{""id"":62,""value"":33},{""id"":63,""value"":40},{""id"":64,""value"":47},{""id"":65,""value"":54},{""id"":66,""value"":61},{""id"":67,""value"":68},{""id"":68,""value"":75},{""id"":69,""value"":82},{""id"":70,""value"":89},{""id"":71,""value"":96},{""id"":72,""value"":2},{""id"":73,""value"":9},{""id"":74,""value"":16},{""id"":75,""value"":23},{""id"":76,""value"":30},{""id"":77,""value"":37},{""id"":78,""value"":44},{""id"":79,""value"":51},{""id"":80,""value"":58},{""id"":81,""value"":65},{""id"":82,""value"":72},{""id"":83,""value"":79},{""id"":84,""value"":86},{""id"":85,""value"":93},{""id"":86,""value"":100},{""id"":87,""value"":6},{""id"":88,""value"":13},{""id"":89,""value"":20},{""id"":90,""value"":27},{""id"":91,""value"":34},{""id"":92,""value"":41},{""id"":93,""value"":48},{""id"":94,""value"":55},{""id"":95,""value"":62},{""id"":96,""value"":69},{""id"":97,""value"":76},{""id"":98,""value"":83},{""id"":99,""value"":90},{""id"":100,""value"":97},{""id"":101,""value"":3},{""id"":102,""value"":10},{""id"":103,""value"":17},{""id"":104,""value"":24},{""id"":105,""value"":31},{""id"":106,""value"":38},{""id"":107,""value"":45},{""id"":108,""value"":52},{""id"":109,""value"":59}],""query_id"":45}","{""value"":15}",exact,1.0,1.0,deterministic,wrong_answer,all lower C levels for level certification,C-Standard,bound,True,required/pass for generated dev item,required before attributing concordant cross-tier failures,must report strongest-executor headroom,
C-C2-LONG_-03,C,C2,,long_context,3,static,C2 Long Context #3,Retrieve the value for query_id from the supplied record set.,"{""records"":[{""id"":0,""value"":3},{""id"":1,""value"":10},{""id"":2,""value"":17},{""id"":3,""value"":24},{""id"":4,""value"":31},{""id"":5,""value"":38},{""id"":6,""value"":45},{""id"":7,""value"":52},{""id"":8,""value"":59},{""id"":9,""value"":66},{""id"":10,""value"":73},{""id"":11,""value"":80},{""id"":12,""value"":87},{""id"":13,""value"":94},{""id"":14,""value"":0},{""id"":15,""value"":7},{""id"":16,""value"":14},{""id"":17,""value"":21},{""id"":18,""value"":28},{""id"":19,""value"":35},{""id"":20,""value"":42},{""id"":21,""value"":49},{""id"":22,""value"":56},{""id"":23,""value"":63},{""id"":24,""value"":70},{""id"":25,""value"":77},{""id"":26,""value"":84},{""id"":27,""value"":91},{""id"":28,""value"":98},{""id"":29,""value"":4},{""id"":30,""value"":11},{""id"":31,""value"":18},{""id"":32,""value"":25},{""id"":33,""value"":32},{""id"":34,""value"":39},{""id"":35,""value"":46},{""id"":36,""value"":53},{""id"":37,""value"":60},{""id"":38,""value"":67},{""id"":39,""value"":74},{""id"":40,""value"":81},{""id"":41,""value"":88},{""id"":42,""value"":95},{""id"":43,""value"":1},{""id"":44,""value"":8},{""id"":45,""value"":15},{""id"":46,""value"":22},{""id"":47,""value"":29},{""id"":48,""value"":36},{""id"":49,""value"":43},{""id"":50,""value"":50},{""id"":51,""value"":57},{""id"":52,""value"":64},{""id"":53,""value"":71},{""id"":54,""value"":78},{""id"":55,""value"":85},{""id"":56,""value"":92},{""id"":57,""value"":99},{""id"":58,""value"":5},{""id"":59,""value"":12},{""id"":60,""value"":19},{""id"":61,""value"":26},{""id"":62,""value"":33},{""id"":63,""value"":40},{""id"":64,""value"":47},{""id"":65,""value"":54},{""id"":66,""value"":61},{""id"":67,""value"":68},{""id"":68,""value"":75},{""id"":69,""value"":82},{""id"":70,""value"":89},{""id"":71,""value"":96},{""id"":72,""value"":2},{""id"":73,""value"":9},{""id"":74,""value"":16},{""id"":75,""value"":23},{""id"":76,""value"":30},{""id"":77,""value"":37},{""id"":78,""value"":44},{""id"":79,""value"":51},{""id"":80,""value"":58},{""id"":81,""value"":65},{""id"":82,""value"":72},{""id"":83,""value"":79},{""id"":84,""value"":86},{""id"":85,""value"":93},{""id"":86,""value"":100},{""id"":87,""value"":6},{""id"":88,""value"":13},{""id"":89,""value"":20},{""id"":90,""value"":27},{""id"":91,""value"":34},{""id"":92,""value"":41},{""id"":93,""value"":48},{""id"":94,""value"":55},{""id"":95,""value"":62},{""id"":96,""value"":69},{""id"":97,""value"":76},{""id"":98,""value"":83},{""id"":99,""value"":90},{""id"":100,""value"":97},{""id"":101,""value"":3},{""id"":102,""value"":10},{""id"":103,""value"":17},{""id"":104,""value"":24},{""id"":105,""value"":31},{""id"":106,""value"":38},{""id"":107,""value"":45},{""id"":108,""value"":52},{""id"":109,""value"":59}],""query_id"":46}","{""value"":22}",exact,1.0,1.0,deterministic,wrong_answer,all lower C levels for level certification,C-Standard,bound,True,required/pass for generated dev item,required before attributing concordant cross-tier failures,must report strongest-executor headroom,
C-C2-LONG_-04,C,C2,,long_context,4,static,C2 Long Context #4,Retrieve the value for query_id from the supplied record set.,"{""records"":[{""id"":0,""value"":3},{""id"":1,""value"":10},{""id"":2,""value"":17},{""id"":3,""value"":24},{""id"":4,""value"":31},{""id"":5,""value"":38},{""id"":6,""value"":45},{""id"":7,""value"":52},{""id"":8,""value"":59},{""id"":9,""value"":66},{""id"":10,""value"":73},{""id"":11,""value"":80},{""id"":12,""value"":87},{""id"":13,""value"":94},{""id"":14,""value"":0},{""id"":15,""value"":7},{""id"":16,""value"":14},{""id"":17,""value"":21},{""id"":18,""value"":28},{""id"":19,""value"":35},{""id"":20,""value"":42},{""id"":21,""value"":49},{""id"":22,""value"":56},{""id"":23,""value"":63},{""id"":24,""value"":70},{""id"":25,""value"":77},{""id"":26,""value"":84},{""id"":27,""value"":91},{""id"":28,""value"":98},{""id"":29,""value"":4},{""id"":30,""value"":11},{""id"":31,""value"":18},{""id"":32,""value"":25},{""id"":33,""value"":32},{""id"":34,""value"":39},{""id"":35,""value"":46},{""id"":36,""value"":53},{""id"":37,""value"":60},{""id"":38,""value"":67},{""id"":39,""value"":74},{""id"":40,""value"":81},{""id"":41,""value"":88},{""id"":42,""value"":95},{""id"":43,""value"":1},{""id"":44,""value"":8},{""id"":45,""value"":15},{""id"":46,""value"":22},{""id"":47,""value"":29},{""id"":48,""value"":36},{""id"":49,""value"":43},{""id"":50,""value"":50},{""id"":51,""value"":57},{""id"":52,""value"":64},{""id"":53,""value"":71},{""id"":54,""value"":78},{""id"":55,""value"":85},{""id"":56,""value"":92},{""id"":57,""value"":99},{""id"":58,""value"":5},{""id"":59,""value"":12},{""id"":60,""value"":19},{""id"":61,""value"":26},{""id"":62,""value"":33},{""id"":63,""value"":40},{""id"":64,""value"":47},{""id"":65,""value"":54},{""id"":66,""value"":61},{""id"":67,""value"":68},{""id"":68,""value"":75},{""id"":69,""value"":82},{""id"":70,""value"":89},{""id"":71,""value"":96},{""id"":72,""value"":2},{""id"":73,""value"":9},{""id"":74,""value"":16},{""id"":75,""value"":23},{""id"":76,""value"":30},{""id"":77,""value"":37},{""id"":78,""value"":44},{""id"":79,""value"":51},{""id"":80,""value"":58},{""id"":81,""value"":65},{""id"":82,""value"":72},{""id"":83,""value"":79},{""id"":84,""value"":86},{""id"":85,""value"":93},{""id"":86,""value"":100},{""id"":87,""value"":6},{""id"":88,""value"":13},{""id"":89,""value"":20},{""id"":90,""value"":27},{""id"":91,""value"":34},{""id"":92,""value"":41},{""id"":93,""value"":48},{""id"":94,""value"":55},{""id"":95,""value"":62},{""id"":96,""value"":69},{""id"":97,""value"":76},{""id"":98,""value"":83},{""id"":99,""value"":90},{""id"":100,""value"":97},{""id"":101,""value"":3},{""id"":102,""value"":10},{""id"":103,""value"":17},{""id"":104,""value"":24},{""id"":105,""value"":31},{""id"":106,""value"":38},{""id"":107,""value"":45},{""id"":108,""value"":52},{""id"":109,""value"":59}],""query_id"":47}","{""value"":29}",exact,1.0,1.0,deterministic,wrong_answer,all lower C levels for level certification,C-Standard,bound,True,required/pass for generated dev item,required before attributing concordant cross-tier failures,must report strongest-executor headroom,
C-C2-MULTI-01,C,C2,,multimodal_structured,1,static,C2 Multimodal Structured #1,Use the spatial object representation to answer the question.,"{""objects"":[{""id"":""r"",""shape"":""circle"",""x"":21,""y"":30},{""id"":""b"",""shape"":""square"",""x"":80,""y"":32},{""id"":""g"",""shape"":""triangle"",""x"":50,""y"":90}],""question"":""Which object is leftmost?""}","{""id"":""r""}",exact,1.0,1.0,deterministic,wrong_answer,all lower C levels for level certification,C-Standard,bound,True,required/pass for generated dev item,required before attributing concordant cross-tier failures,must report strongest-executor headroom,
C-C2-MULTI-02,C,C2,,multimodal_structured,2,static,C2 Multimodal Structured #2,Use the spatial object representation to answer the question.,"{""objects"":[{""id"":""r"",""shape"":""circle"",""x"":22,""y"":30},{""id"":""b"",""shape"":""square"",""x"":80,""y"":32},{""id"":""g"",""shape"":""triangle"",""x"":50,""y"":90}],""question"":""Which object is leftmost?""}","{""id"":""r""}",exact,1.0,1.0,deterministic,wrong_answer,all lower C levels for level certification,C-Standard,bound,True,required/pass for generated dev item,required before attributing concordant cross-tier failures,must report strongest-executor headroom,
C-C2-MULTI-03,C,C2,,multimodal_structured,3,static,C2 Multimodal Structured #3,Use the spatial object representation to answer the question.,"{""objects"":[{""id"":""r"",""shape"":""circle"",""x"":23,""y"":30},{""id"":""b"",""shape"":""square"",""x"":80,""y"":32},{""id"":""g"",""shape"":""triangle"",""x"":50,""y"":90}],""question"":""Which object is leftmost?""}","{""id"":""r""}",exact,1.0,1.0,deterministic,wrong_answer,all lower C levels for level certification,C-Standard,bound,True,required/pass for generated dev item,required before attributing concordant cross-tier failures,must report strongest-executor headroom,
C-C2-MULTI-04,C,C2,,multimodal_structured,4,static,C2 Multimodal Structured #4,Use the spatial object representation to answer the question.,"{""objects"":[{""id"":""r"",""shape"":""circle"",""x"":24,""y"":30},{""id"":""b"",""shape"":""square"",""x"":80,""y"":32},{""id"":""g"",""shape"":""triangle"",""x"":50,""y"":90}],""question"":""Which object is leftmost?""}","{""id"":""r""}",exact,1.0,1.0,deterministic,wrong_answer,all lower C levels for level certification,C-Standard,bound,True,required/pass for generated dev item,required before attributing concordant cross-tier failures,must report strongest-executor headroom,
C-C2-GUI_P-01,C,C2,GP2,gui_perception,1,static,C2 Gui Perception #1,Interpret the computer-screen image. Do not infer hidden state beyond visible evidence.,"{""image_file"":""gui_assets/C-C2-GUI_P-01.png"",""gp_level"":""GP2"",""questions"":{""text"":""What filename is shown?"",""element"":""What kind of control is labeled Submit?"",""grounding"":""Return Submit bounding box [x1,y1,x2,y2]."",""state"":""Is Submit enabled?"",""result_state"":""What status text is visible?""}}","{""filename"":""item-01.txt"",""submit_element_type"":""button"",""submit_bbox"":[420,125,580,165],""submit_enabled"":true,""status"":""Ready""}",component_fraction,1.0,1.0,bbox_iou_plus_exact_fields,ocr;text;element_type;grounding;state_interpretation,all lower C levels for level certification,C-Standard,bound,True,required/pass for generated dev item,required before attributing concordant cross-tier failures,must report strongest-executor headroom,"GP is a diagnostic subscale of C, not a C level: this is GP2 evidence and must not be read as C2 evidence. A previously unseen layout is legitimate static evidence for GP5; nothing static is evidence for C5."
C-C2-GUI_P-02,C,C2,GP2,gui_perception,2,static,C2 Gui Perception #2,Interpret the computer-screen image. Do not infer hidden state beyond visible evidence.,"{""image_file"":""gui_assets/C-C2-GUI_P-02.png"",""gp_level"":""GP2"",""questions"":{""text"":""What filename is shown?"",""element"":""What kind of control is labeled Submit?"",""grounding"":""Return Submit bounding box [x1,y1,x2,y2]."",""state"":""Is Submit enabled?"",""result_state"":""What status text is visible?""}}","{""filename"":""item-02.txt"",""submit_element_type"":""button"",""submit_bbox"":[420,125,580,165],""submit_enabled"":false,""status"":""ERROR: missing owner""}",component_fraction,1.0,1.0,bbox_iou_plus_exact_fields,ocr;text;element_type;grounding;state_interpretation,all lower C levels for level certification,C-Standard,bound,True,required/pass for generated dev item,required before attributing concordant cross-tier failures,must report strongest-executor headroom,"GP is a diagnostic subscale of C, not a C level: this is GP2 evidence and must not be read as C2 evidence. A previously unseen layout is legitimate static evidence for GP5; nothing static is evidence for C5."
C-C2-GUI_P-03,C,C2,GP2,gui_perception,3,static,C2 Gui Perception #3,Interpret the computer-screen image. Do not infer hidden state beyond visible evidence.,"{""image_file"":""gui_assets/C-C2-GUI_P-03.png"",""gp_level"":""GP2"",""questions"":{""text"":""What filename is shown?"",""element"":""What kind of control is labeled Submit?"",""grounding"":""Return Submit bounding box [x1,y1,x2,y2]."",""state"":""Is Submit enabled?"",""result_state"":""What status text is visible?""}}","{""filename"":""item-03.txt"",""submit_element_type"":""button"",""submit_bbox"":[420,125,580,165],""submit_enabled"":true,""status"":""Ready""}",component_fraction,1.0,1.0,bbox_iou_plus_exact_fields,ocr;text;element_type;grounding;state_interpretation,all lower C levels for level certification,C-Standard,bound,True,required/pass for generated dev item,required before attributing concordant cross-tier failures,must report strongest-executor headroom,"GP is a diagnostic subscale of C, not a C level: this is GP2 evidence and must not be read as C2 evidence. A previously unseen layout is legitimate static evidence for GP5; nothing static is evidence for C5."
C-C2-GUI_P-04,C,C2,GP2,gui_perception,4,static,C2 Gui Perception #4,Interpret the computer-screen image. Do not infer hidden state beyond visible evidence.,"{""image_file"":""gui_assets/C-C2-GUI_P-04.png"",""gp_level"":""GP2"",""questions"":{""text"":""What filename is shown?"",""element"":""What kind of control is labeled Submit?"",""grounding"":""Return Submit bounding box [x1,y1,x2,y2]."",""state"":""Is Submit enabled?"",""result_state"":""What status text is visible?""}}","{""filename"":""item-04.txt"",""submit_element_type"":""button"",""submit_bbox"":[420,125,580,165],""submit_enabled"":false,""status"":""ERROR: missing owner""}",component_fraction,1.0,1.0,bbox_iou_plus_exact_fields,ocr;text;element_type;grounding;state_interpretation,all lower C levels for level certification,C-Standard,bound,True,required/pass for generated dev item,required before attributing concordant cross-tier failures,must report strongest-executor headroom,"GP is a diagnostic subscale of C, not a C level: this is GP2 evidence and must not be read as C2 evidence. A previously unseen layout is legitimate static evidence for GP5; nothing static is evidence for C5."
C-C3-LOGIC-01,C,C3,,logical_reasoning,1,static,C3 Logical Reasoning #1 -- non-entailment from a missing fact,Is the query entailed? Absence of a fact is not permission to assume it.,"{""facts"": [""A""], ""query"": ""D"", ""rules"": [{""if"": [""A""], ""then"": ""B""}, {""if"": [""B"", ""C""], ""then"": ""D""}]}","{""entailed"": false}",exact,1.0,0.85,deterministic,wrong_answer,all lower C levels for level certification,C-Standard,bound,True,required/pass for generated dev item,required before attributing concordant cross-tier failures,must report strongest-executor headroom,"key computed by tools/c_ladder.py, not asserted; recomputed by tools/audit_items.py"
C-C3-LOGIC-02,C,C3,,logical_reasoning,2,static,C3 Logical Reasoning #2 -- non-entailment from a missing fact,Is the query entailed? Absence of a fact is not permission to assume it.,"{""facts"": [""A"", ""C""], ""query"": ""D"", ""rules"": [{""if"": [""A""], ""then"": ""B""}, {""if"": [""B"", ""C""], ""then"": ""D""}]}","{""entailed"": true}",exact,1.0,0.85,deterministic,wrong_answer,all lower C levels for level certification,C-Standard,bound,True,required/pass for generated dev item,required before attributing concordant cross-tier failures,must report strongest-executor headroom,"key computed by tools/c_ladder.py, not asserted; recomputed by tools/audit_items.py"
C-C3-LOGIC-03,C,C3,,logical_reasoning,3,static,C3 Logical Reasoning #3 -- non-entailment from a missing fact,Is the query entailed? Absence of a fact is not permission to assume it.,"{""facts"": [""C""], ""query"": ""D"", ""rules"": [{""if"": [""A""], ""then"": ""B""}, {""if"": [""B"", ""C""], ""then"": ""D""}]}","{""entailed"": false}",exact,1.0,0.85,deterministic,wrong_answer,all lower C levels for level certification,C-Standard,bound,True,required/pass for generated dev item,required before attributing concordant cross-tier failures,must report strongest-executor headroom,"key computed by tools/c_ladder.py, not asserted; recomputed by tools/audit_items.py"
C-C3-LOGIC-04,C,C3,,logical_reasoning,4,static,C3 Logical Reasoning #4 -- non-entailment from a missing fact,Is the query entailed? Absence of a fact is not permission to assume it.,"{""facts"": [], ""query"": ""D"", ""rules"": [{""if"": [""A""], ""then"": ""B""}, {""if"": [""B"", ""C""], ""then"": ""D""}]}","{""entailed"": false}",exact,1.0,0.85,deterministic,wrong_answer,all lower C levels for level certification,C-Standard,bound,True,required/pass for generated dev item,required before attributing concordant cross-tier failures,must report strongest-executor headroom,"key computed by tools/c_ladder.py, not asserted; recomputed by tools/audit_items.py"
C-C3-QUANT-01,C,C3,,quantitative_math,1,static,C3 Quantitative Math #1,Solve the equation exactly.,"{""equation"":""5*x + 4 = 39""}","{""x"":7}",exact,1.0,0.85,deterministic,wrong_answer,all lower C levels for level certification,C-Standard,bound,True,required/pass for generated dev item,required before attributing concordant cross-tier failures,must report strongest-executor headroom,
C-C3-QUANT-02,C,C3,,quantitative_math,2,static,C3 Quantitative Math #2,Solve the equation exactly.,"{""equation"":""5*x + 4 = 44""}","{""x"":8}",exact,1.0,0.85,deterministic,wrong_answer,all lower C levels for level certification,C-Standard,bound,True,required/pass for generated dev item,required before attributing concordant cross-tier failures,must report strongest-executor headroom,
C-C3-QUANT-03,C,C3,,quantitative_math,3,static,C3 Quantitative Math #3,Solve the equation exactly.,"{""equation"":""5*x + 4 = 49""}","{""x"":9}",exact,1.0,0.85,deterministic,wrong_answer,all lower C levels for level certification,C-Standard,bound,True,required/pass for generated dev item,required before attributing concordant cross-tier failures,must report strongest-executor headroom,
C-C3-QUANT-04,C,C3,,quantitative_math,4,static,C3 Quantitative Math #4,Solve the equation exactly.,"{""equation"":""5*x + 4 = 54""}","{""x"":10}",exact,1.0,0.85,deterministic,wrong_answer,all lower C levels for level certification,C-Standard,bound,True,required/pass for generated dev item,required before attributing concordant cross-tier failures,must report strongest-executor headroom,
C-C3-SCIEN-01,C,C3,,scientific_reasoning,1,static,C3 Scientific Reasoning #1,Choose the hypothesis best supported by the controlled observations.,"{""observations"":[{""condition"":""control"",""value"":11},{""condition"":""treatment"",""value"":19},{""condition"":""treatment_plus_blocker"",""value"":12}],""hypotheses"":[""treatment increases outcome through blocker-sensitive pathway"",""treatment has no effect""]}","{""best_hypothesis"":0}",exact,1.0,0.85,deterministic,wrong_answer,all lower C levels for level certification,C-Standard,bound,True,required/pass for generated dev item,required before attributing concordant cross-tier failures,must report strongest-executor headroom,
C-C3-SCIEN-02,C,C3,,scientific_reasoning,2,static,C3 Scientific Reasoning #2,Choose the hypothesis best supported by the controlled observations.,"{""observations"":[{""condition"":""control"",""value"":12},{""condition"":""treatment"",""value"":20},{""condition"":""treatment_plus_blocker"",""value"":13}],""hypotheses"":[""treatment increases outcome through blocker-sensitive pathway"",""treatment has no effect""]}","{""best_hypothesis"":0}",exact,1.0,0.85,deterministic,wrong_answer,all lower C levels for level certification,C-Standard,bound,True,required/pass for generated dev item,required before attributing concordant cross-tier failures,must report strongest-executor headroom,
C-C3-SCIEN-03,C,C3,,scientific_reasoning,3,static,C3 Scientific Reasoning #3,Choose the hypothesis best supported by the controlled observations.,"{""observations"":[{""condition"":""control"",""value"":13},{""condition"":""treatment"",""value"":21},{""condition"":""treatment_plus_blocker"",""value"":14}],""hypotheses"":[""treatment increases outcome through blocker-sensitive pathway"",""treatment has no effect""]}","{""best_hypothesis"":0}",exact,1.0,0.85,deterministic,wrong_answer,all lower C levels for level certification,C-Standard,bound,True,required/pass for generated dev item,required before attributing concordant cross-tier failures,must report strongest-executor headroom,
C-C3-SCIEN-04,C,C3,,scientific_reasoning,4,static,C3 Scientific Reasoning #4,Choose the hypothesis best supported by the controlled observations.,"{""observations"":[{""condition"":""control"",""value"":14},{""condition"":""treatment"",""value"":22},{""condition"":""treatment_plus_blocker"",""value"":15}],""hypotheses"":[""treatment increases outcome through blocker-sensitive pathway"",""treatment has no effect""]}","{""best_hypothesis"":0}",exact,1.0,0.85,deterministic,wrong_answer,all lower C levels for level certification,C-Standard,bound,True,required/pass for generated dev item,required before attributing concordant cross-tier failures,must report strongest-executor headroom,
C-C3-CAUSA-01,C,C3,,causal_reasoning,1,static,C3 Causal Reasoning #1 -- choosing an adjustment set,Give the adjustment set for estimating the effect of X on Y. This family defines it as the parents of X.,"{""graph"": {""U"": [""X"", ""Y""], ""V"": [""Y""], ""W"": [""X""], ""X"": [""Y""]}, ""question_type"": ""backdoor"", ""x"": ""X""}","{""adjust_for"": [""U"", ""W""]}",exact,1.0,0.85,deterministic,wrong_answer,all lower C levels for level certification,C-Standard,bound,True,required/pass for generated dev item,required before attributing concordant cross-tier failures,must report strongest-executor headroom,"key computed by tools/c_ladder.py, not asserted; recomputed by tools/audit_items.py"
C-C3-CAUSA-02,C,C3,,causal_reasoning,2,static,C3 Causal Reasoning #2 -- choosing an adjustment set,Give the adjustment set for estimating the effect of X on Y. This family defines it as the parents of X.,"{""graph"": {""M"": [""Y""], ""P"": [""X""], ""Q"": [""X"", ""Y""], ""X"": [""M""]}, ""question_type"": ""backdoor"", ""x"": ""X""}","{""adjust_for"": [""P"", ""Q""]}",exact,1.0,0.85,deterministic,wrong_answer,all lower C levels for level certification,C-Standard,bound,True,required/pass for generated dev item,required before attributing concordant cross-tier failures,must report strongest-executor headroom,"key computed by tools/c_ladder.py, not asserted; recomputed by tools/audit_items.py"
C-C3-CAUSA-03,C,C3,,causal_reasoning,3,static,C3 Causal Reasoning #3 -- choosing an adjustment set,Give the adjustment set for estimating the effect of X on Y. This family defines it as the parents of X.,"{""graph"": {""X"": [""Y""], ""Z"": [""Y""]}, ""question_type"": ""backdoor"", ""x"": ""X""}","{""adjust_for"": []}",exact,1.0,0.85,deterministic,wrong_answer,all lower C levels for level certification,C-Standard,bound,True,required/pass for generated dev item,required before attributing concordant cross-tier failures,must report strongest-executor headroom,"key computed by tools/c_ladder.py, not asserted; recomputed by tools/audit_items.py"
C-C3-CAUSA-04,C,C3,,causal_reasoning,4,static,C3 Causal Reasoning #4 -- choosing an adjustment set,Give the adjustment set for estimating the effect of X on Y. This family defines it as the parents of X.,"{""graph"": {""A"": [""X""], ""B"": [""X""], ""C"": [""X""], ""X"": [""Y""]}, ""question_type"": ""backdoor"", ""x"": ""X""}","{""adjust_for"": [""A"", ""B"", ""C""]}",exact,1.0,0.85,deterministic,wrong_answer,all lower C levels for level certification,C-Standard,bound,True,required/pass for generated dev item,required before attributing concordant cross-tier failures,must report strongest-executor headroom,"key computed by tools/c_ladder.py, not asserted; recomputed by tools/audit_items.py"
C-C3-CODIN-01,C,C3,,coding_reasoning,1,static,C3 Coding Reasoning #1,Produce the exact requested output.,"{""language"":""python"",""task"":""Return sorted unique values descending."",""values"":[4,4,6,2,10]}","{""result"":[10,6,4,2]}",exact,1.0,0.85,deterministic,wrong_answer,all lower C levels for level certification,C-Standard,bound,True,required/pass for generated dev item,required before attributing concordant cross-tier failures,must report strongest-executor headroom,
C-C3-CODIN-02,C,C3,,coding_reasoning,2,static,C3 Coding Reasoning #2,Produce the exact requested output.,"{""language"":""python"",""task"":""Return sorted unique values descending."",""values"":[5,4,7,2,10]}","{""result"":[10,7,5,4,2]}",exact,1.0,0.85,deterministic,wrong_answer,all lower C levels for level certification,C-Standard,bound,True,required/pass for generated dev item,required before attributing concordant cross-tier failures,must report strongest-executor headroom,
C-C3-CODIN-03,C,C3,,coding_reasoning,3,static,C3 Coding Reasoning #3,Produce the exact requested output.,"{""language"":""python"",""task"":""Return sorted unique values descending."",""values"":[6,4,8,2,10]}","{""result"":[10,8,6,4,2]}",exact,1.0,0.85,deterministic,wrong_answer,all lower C levels for level certification,C-Standard,bound,True,required/pass for generated dev item,required before attributing concordant cross-tier failures,must report strongest-executor headroom,
C-C3-CODIN-04,C,C3,,coding_reasoning,4,static,C3 Coding Reasoning #4,Produce the exact requested output.,"{""language"":""python"",""task"":""Return sorted unique values descending."",""values"":[7,4,9,2,10]}","{""result"":[10,9,7,4,2]}",exact,1.0,0.85,deterministic,wrong_answer,all lower C levels for level certification,C-Standard,bound,True,required/pass for generated dev item,required before attributing concordant cross-tier failures,must report strongest-executor headroom,
C-C3-ABSTR-01,C,C3,,abstract_rule_induction,1,static,C3 Abstract Rule Induction #1 -- each term from the previous two,Give the next term.,"{""rule"": ""second_order"", ""sequence"": [1, 1, 2, 3, 5, 8]}","{""next"": 13}",exact,1.0,0.85,deterministic,wrong_answer,all lower C levels for level certification,C-Standard,bound,True,required/pass for generated dev item,required before attributing concordant cross-tier failures,must report strongest-executor headroom,"key computed by tools/c_ladder.py, not asserted; recomputed by tools/audit_items.py"
C-C3-ABSTR-02,C,C3,,abstract_rule_induction,2,static,C3 Abstract Rule Induction #2 -- each term from the previous two,Give the next term.,"{""rule"": ""second_order"", ""sequence"": [1, 2, 3, 5, 8, 13]}","{""next"": 21}",exact,1.0,0.85,deterministic,wrong_answer,all lower C levels for level certification,C-Standard,bound,True,required/pass for generated dev item,required before attributing concordant cross-tier failures,must report strongest-executor headroom,"key computed by tools/c_ladder.py, not asserted; recomputed by tools/audit_items.py"
C-C3-ABSTR-03,C,C3,,abstract_rule_induction,3,static,C3 Abstract Rule Induction #3 -- each term from the previous two,Give the next term.,"{""rule"": ""second_order"", ""sequence"": [1, 3, 4, 7, 11, 18]}","{""next"": 29}",exact,1.0,0.85,deterministic,wrong_answer,all lower C levels for level certification,C-Standard,bound,True,required/pass for generated dev item,required before attributing concordant cross-tier failures,must report strongest-executor headroom,"key computed by tools/c_ladder.py, not asserted; recomputed by tools/audit_items.py"
C-C3-ABSTR-04,C,C3,,abstract_rule_induction,4,static,C3 Abstract Rule Induction #4 -- each term from the previous two,Give the next term.,"{""rule"": ""second_order"", ""sequence"": [1, 4, 5, 9, 14, 23]}","{""next"": 37}",exact,1.0,0.85,deterministic,wrong_answer,all lower C levels for level certification,C-Standard,bound,True,required/pass for generated dev item,required before attributing concordant cross-tier failures,must report strongest-executor headroom,"key computed by tools/c_ladder.py, not asserted; recomputed by tools/audit_items.py"
C-C3-FACTU-01,C,C3,,factuality_calibration,1,static,C3 Factuality Calibration #1 -- a source that cites a retracted one,"What is the supported value, and which source supports it? A retracted source does not count, and neither does anything that rests on one. Answer ""unknown"" if nothing survives.","{""claim_field"": ""revenue"", ""sources"": [{""claims"": ""revenue"", ""id"": ""rep19"", ""value"": 4.0, ""year"": 2019}, {""claims"": ""revenue"", ""id"": ""memo"", ""retracted"": true, ""value"": 5.1, ""year"": 2020}, {""cites"": [""memo""], ""claims"": ""revenue"", ""id"": ""blog"", ""value"": 5.1, ""year"": 2022}]}","{""answer"": 4.0, ""source"": ""rep19""}",exact,1.0,0.85,deterministic,wrong_answer,all lower C levels for level certification,C-Standard,bound,True,required/pass for generated dev item,required before attributing concordant cross-tier failures,must report strongest-executor headroom,"key computed by tools/c_ladder.py, not asserted; recomputed by tools/audit_items.py"
C-C3-FACTU-02,C,C3,,factuality_calibration,2,static,C3 Factuality Calibration #2 -- a source that cites a retracted one,"What is the supported value, and which source supports it? A retracted source does not count, and neither does anything that rests on one. Answer ""unknown"" if nothing survives.","{""claim_field"": ""revenue"", ""sources"": [{""claims"": ""revenue"", ""id"": ""rep19"", ""value"": 4.25, ""year"": 2019}, {""claims"": ""revenue"", ""id"": ""memo"", ""retracted"": true, ""value"": 5.1, ""year"": 2020}, {""cites"": [""memo""], ""claims"": ""revenue"", ""id"": ""blog"", ""value"": 5.1, ""year"": 2023}]}","{""answer"": 4.25, ""source"": ""rep19""}",exact,1.0,0.85,deterministic,wrong_answer,all lower C levels for level certification,C-Standard,bound,True,required/pass for generated dev item,required before attributing concordant cross-tier failures,must report strongest-executor headroom,"key computed by tools/c_ladder.py, not asserted; recomputed by tools/audit_items.py"
C-C3-FACTU-03,C,C3,,factuality_calibration,3,static,C3 Factuality Calibration #3 -- a source that cites a retracted one,"What is the supported value, and which source supports it? A retracted source does not count, and neither does anything that rests on one. Answer ""unknown"" if nothing survives.","{""claim_field"": ""revenue"", ""sources"": [{""claims"": ""revenue"", ""id"": ""rep19"", ""value"": 4.5, ""year"": 2019}, {""claims"": ""revenue"", ""id"": ""memo"", ""retracted"": true, ""value"": 5.1, ""year"": 2020}, {""cites"": [""memo""], ""claims"": ""revenue"", ""id"": ""blog"", ""value"": 5.1, ""year"": 2024}]}","{""answer"": 4.5, ""source"": ""rep19""}",exact,1.0,0.85,deterministic,wrong_answer,all lower C levels for level certification,C-Standard,bound,True,required/pass for generated dev item,required before attributing concordant cross-tier failures,must report strongest-executor headroom,"key computed by tools/c_ladder.py, not asserted; recomputed by tools/audit_items.py"
C-C3-FACTU-04,C,C3,,factuality_calibration,4,static,C3 Factuality Calibration #4 -- a source that cites a retracted one,"What is the supported value, and which source supports it? A retracted source does not count, and neither does anything that rests on one. Answer ""unknown"" if nothing survives.","{""claim_field"": ""revenue"", ""sources"": [{""claims"": ""revenue"", ""id"": ""rep19"", ""value"": 4.75, ""year"": 2019}, {""claims"": ""revenue"", ""id"": ""memo"", ""retracted"": true, ""value"": 5.1, ""year"": 2020}, {""cites"": [""memo""], ""claims"": ""revenue"", ""id"": ""blog"", ""value"": 5.1, ""year"": 2025}]}","{""answer"": 4.75, ""source"": ""rep19""}",exact,1.0,0.85,deterministic,wrong_answer,all lower C levels for level certification,C-Standard,bound,True,required/pass for generated dev item,required before attributing concordant cross-tier failures,must report strongest-executor headroom,"key computed by tools/c_ladder.py, not asserted; recomputed by tools/audit_items.py"
C-C3-LONG_-01,C,C3,,long_context,1,static,C3 Long Context #1,Retrieve the value for query_id from the supplied record set.,"{""records"":[{""id"":0,""value"":3},{""id"":1,""value"":10},{""id"":2,""value"":17},{""id"":3,""value"":24},{""id"":4,""value"":31},{""id"":5,""value"":38},{""id"":6,""value"":45},{""id"":7,""value"":52},{""id"":8,""value"":59},{""id"":9,""value"":66},{""id"":10,""value"":73},{""id"":11,""value"":80},{""id"":12,""value"":87},{""id"":13,""value"":94},{""id"":14,""value"":0},{""id"":15,""value"":7},{""id"":16,""value"":14},{""id"":17,""value"":21},{""id"":18,""value"":28},{""id"":19,""value"":35},{""id"":20,""value"":42},{""id"":21,""value"":49},{""id"":22,""value"":56},{""id"":23,""value"":63},{""id"":24,""value"":70},{""id"":25,""value"":77},{""id"":26,""value"":84},{""id"":27,""value"":91},{""id"":28,""value"":98},{""id"":29,""value"":4},{""id"":30,""value"":11},{""id"":31,""value"":18},{""id"":32,""value"":25},{""id"":33,""value"":32},{""id"":34,""value"":39},{""id"":35,""value"":46},{""id"":36,""value"":53},{""id"":37,""value"":60},{""id"":38,""value"":67},{""id"":39,""value"":74},{""id"":40,""value"":81},{""id"":41,""value"":88},{""id"":42,""value"":95},{""id"":43,""value"":1},{""id"":44,""value"":8},{""id"":45,""value"":15},{""id"":46,""value"":22},{""id"":47,""value"":29},{""id"":48,""value"":36},{""id"":49,""value"":43},{""id"":50,""value"":50},{""id"":51,""value"":57},{""id"":52,""value"":64},{""id"":53,""value"":71},{""id"":54,""value"":78},{""id"":55,""value"":85},{""id"":56,""value"":92},{""id"":57,""value"":99},{""id"":58,""value"":5},{""id"":59,""value"":12},{""id"":60,""value"":19},{""id"":61,""value"":26},{""id"":62,""value"":33},{""id"":63,""value"":40},{""id"":64,""value"":47},{""id"":65,""value"":54},{""id"":66,""value"":61},{""id"":67,""value"":68},{""id"":68,""value"":75},{""id"":69,""value"":82},{""id"":70,""value"":89},{""id"":71,""value"":96},{""id"":72,""value"":2},{""id"":73,""value"":9},{""id"":74,""value"":16},{""id"":75,""value"":23},{""id"":76,""value"":30},{""id"":77,""value"":37},{""id"":78,""value"":44},{""id"":79,""value"":51},{""id"":80,""value"":58},{""id"":81,""value"":65},{""id"":82,""value"":72},{""id"":83,""value"":79},{""id"":84,""value"":86},{""id"":85,""value"":93},{""id"":86,""value"":100},{""id"":87,""value"":6},{""id"":88,""value"":13},{""id"":89,""value"":20},{""id"":90,""value"":27},{""id"":91,""value"":34},{""id"":92,""value"":41},{""id"":93,""value"":48},{""id"":94,""value"":55},{""id"":95,""value"":62},{""id"":96,""value"":69},{""id"":97,""value"":76},{""id"":98,""value"":83},{""id"":99,""value"":90},{""id"":100,""value"":97},{""id"":101,""value"":3},{""id"":102,""value"":10},{""id"":103,""value"":17},{""id"":104,""value"":24},{""id"":105,""value"":31},{""id"":106,""value"":38},{""id"":107,""value"":45},{""id"":108,""value"":52},{""id"":109,""value"":59},{""id"":110,""value"":66},{""id"":111,""value"":73},{""id"":112,""value"":80},{""id"":113,""value"":87},{""id"":114,""value"":94},{""id"":115,""value"":0},{""id"":116,""value"":7},{""id"":117,""value"":14},{""id"":118,""value"":21},{""id"":119,""value"":28},{""id"":120,""value"":35},{""id"":121,""value"":42},{""id"":122,""value"":49},{""id"":123,""value"":56},{""id"":124,""value"":63},{""id"":125,""value"":70},{""id"":126,""value"":77},{""id"":127,""value"":84},{""id"":128,""value"":91},{""id"":129,""value"":98}],""query_id"":47}","{""value"":29}",exact,1.0,0.85,deterministic,wrong_answer,all lower C levels for level certification,C-Standard,bound,True,required/pass for generated dev item,required before attributing concordant cross-tier failures,must report strongest-executor headroom,
C-C3-LONG_-02,C,C3,,long_context,2,static,C3 Long Context #2,Retrieve the value for query_id from the supplied record set.,"{""records"":[{""id"":0,""value"":3},{""id"":1,""value"":10},{""id"":2,""value"":17},{""id"":3,""value"":24},{""id"":4,""value"":31},{""id"":5,""value"":38},{""id"":6,""value"":45},{""id"":7,""value"":52},{""id"":8,""value"":59},{""id"":9,""value"":66},{""id"":10,""value"":73},{""id"":11,""value"":80},{""id"":12,""value"":87},{""id"":13,""value"":94},{""id"":14,""value"":0},{""id"":15,""value"":7},{""id"":16,""value"":14},{""id"":17,""value"":21},{""id"":18,""value"":28},{""id"":19,""value"":35},{""id"":20,""value"":42},{""id"":21,""value"":49},{""id"":22,""value"":56},{""id"":23,""value"":63},{""id"":24,""value"":70},{""id"":25,""value"":77},{""id"":26,""value"":84},{""id"":27,""value"":91},{""id"":28,""value"":98},{""id"":29,""value"":4},{""id"":30,""value"":11},{""id"":31,""value"":18},{""id"":32,""value"":25},{""id"":33,""value"":32},{""id"":34,""value"":39},{""id"":35,""value"":46},{""id"":36,""value"":53},{""id"":37,""value"":60},{""id"":38,""value"":67},{""id"":39,""value"":74},{""id"":40,""value"":81},{""id"":41,""value"":88},{""id"":42,""value"":95},{""id"":43,""value"":1},{""id"":44,""value"":8},{""id"":45,""value"":15},{""id"":46,""value"":22},{""id"":47,""value"":29},{""id"":48,""value"":36},{""id"":49,""value"":43},{""id"":50,""value"":50},{""id"":51,""value"":57},{""id"":52,""value"":64},{""id"":53,""value"":71},{""id"":54,""value"":78},{""id"":55,""value"":85},{""id"":56,""value"":92},{""id"":57,""value"":99},{""id"":58,""value"":5},{""id"":59,""value"":12},{""id"":60,""value"":19},{""id"":61,""value"":26},{""id"":62,""value"":33},{""id"":63,""value"":40},{""id"":64,""value"":47},{""id"":65,""value"":54},{""id"":66,""value"":61},{""id"":67,""value"":68},{""id"":68,""value"":75},{""id"":69,""value"":82},{""id"":70,""value"":89},{""id"":71,""value"":96},{""id"":72,""value"":2},{""id"":73,""value"":9},{""id"":74,""value"":16},{""id"":75,""value"":23},{""id"":76,""value"":30},{""id"":77,""value"":37},{""id"":78,""value"":44},{""id"":79,""value"":51},{""id"":80,""value"":58},{""id"":81,""value"":65},{""id"":82,""value"":72},{""id"":83,""value"":79},{""id"":84,""value"":86},{""id"":85,""value"":93},{""id"":86,""value"":100},{""id"":87,""value"":6},{""id"":88,""value"":13},{""id"":89,""value"":20},{""id"":90,""value"":27},{""id"":91,""value"":34},{""id"":92,""value"":41},{""id"":93,""value"":48},{""id"":94,""value"":55},{""id"":95,""value"":62},{""id"":96,""value"":69},{""id"":97,""value"":76},{""id"":98,""value"":83},{""id"":99,""value"":90},{""id"":100,""value"":97},{""id"":101,""value"":3},{""id"":102,""value"":10},{""id"":103,""value"":17},{""id"":104,""value"":24},{""id"":105,""value"":31},{""id"":106,""value"":38},{""id"":107,""value"":45},{""id"":108,""value"":52},{""id"":109,""value"":59},{""id"":110,""value"":66},{""id"":111,""value"":73},{""id"":112,""value"":80},{""id"":113,""value"":87},{""id"":114,""value"":94},{""id"":115,""value"":0},{""id"":116,""value"":7},{""id"":117,""value"":14},{""id"":118,""value"":21},{""id"":119,""value"":28},{""id"":120,""value"":35},{""id"":121,""value"":42},{""id"":122,""value"":49},{""id"":123,""value"":56},{""id"":124,""value"":63},{""id"":125,""value"":70},{""id"":126,""value"":77},{""id"":127,""value"":84},{""id"":128,""value"":91},{""id"":129,""value"":98}],""query_id"":48}","{""value"":36}",exact,1.0,0.85,deterministic,wrong_answer,all lower C levels for level certification,C-Standard,bound,True,required/pass for generated dev item,required before attributing concordant cross-tier failures,must report strongest-executor headroom,
C-C3-LONG_-03,C,C3,,long_context,3,static,C3 Long Context #3,Retrieve the value for query_id from the supplied record set.,"{""records"":[{""id"":0,""value"":3},{""id"":1,""value"":10},{""id"":2,""value"":17},{""id"":3,""value"":24},{""id"":4,""value"":31},{""id"":5,""value"":38},{""id"":6,""value"":45},{""id"":7,""value"":52},{""id"":8,""value"":59},{""id"":9,""value"":66},{""id"":10,""value"":73},{""id"":11,""value"":80},{""id"":12,""value"":87},{""id"":13,""value"":94},{""id"":14,""value"":0},{""id"":15,""value"":7},{""id"":16,""value"":14},{""id"":17,""value"":21},{""id"":18,""value"":28},{""id"":19,""value"":35},{""id"":20,""value"":42},{""id"":21,""value"":49},{""id"":22,""value"":56},{""id"":23,""value"":63},{""id"":24,""value"":70},{""id"":25,""value"":77},{""id"":26,""value"":84},{""id"":27,""value"":91},{""id"":28,""value"":98},{""id"":29,""value"":4},{""id"":30,""value"":11},{""id"":31,""value"":18},{""id"":32,""value"":25},{""id"":33,""value"":32},{""id"":34,""value"":39},{""id"":35,""value"":46},{""id"":36,""value"":53},{""id"":37,""value"":60},{""id"":38,""value"":67},{""id"":39,""value"":74},{""id"":40,""value"":81},{""id"":41,""value"":88},{""id"":42,""value"":95},{""id"":43,""value"":1},{""id"":44,""value"":8},{""id"":45,""value"":15},{""id"":46,""value"":22},{""id"":47,""value"":29},{""id"":48,""value"":36},{""id"":49,""value"":43},{""id"":50,""value"":50},{""id"":51,""value"":57},{""id"":52,""value"":64},{""id"":53,""value"":71},{""id"":54,""value"":78},{""id"":55,""value"":85},{""id"":56,""value"":92},{""id"":57,""value"":99},{""id"":58,""value"":5},{""id"":59,""value"":12},{""id"":60,""value"":19},{""id"":61,""value"":26},{""id"":62,""value"":33},{""id"":63,""value"":40},{""id"":64,""value"":47},{""id"":65,""value"":54},{""id"":66,""value"":61},{""id"":67,""value"":68},{""id"":68,""value"":75},{""id"":69,""value"":82},{""id"":70,""value"":89},{""id"":71,""value"":96},{""id"":72,""value"":2},{""id"":73,""value"":9},{""id"":74,""value"":16},{""id"":75,""value"":23},{""id"":76,""value"":30},{""id"":77,""value"":37},{""id"":78,""value"":44},{""id"":79,""value"":51},{""id"":80,""value"":58},{""id"":81,""value"":65},{""id"":82,""value"":72},{""id"":83,""value"":79},{""id"":84,""value"":86},{""id"":85,""value"":93},{""id"":86,""value"":100},{""id"":87,""value"":6},{""id"":88,""value"":13},{""id"":89,""value"":20},{""id"":90,""value"":27},{""id"":91,""value"":34},{""id"":92,""value"":41},{""id"":93,""value"":48},{""id"":94,""value"":55},{""id"":95,""value"":62},{""id"":96,""value"":69},{""id"":97,""value"":76},{""id"":98,""value"":83},{""id"":99,""value"":90},{""id"":100,""value"":97},{""id"":101,""value"":3},{""id"":102,""value"":10},{""id"":103,""value"":17},{""id"":104,""value"":24},{""id"":105,""value"":31},{""id"":106,""value"":38},{""id"":107,""value"":45},{""id"":108,""value"":52},{""id"":109,""value"":59},{""id"":110,""value"":66},{""id"":111,""value"":73},{""id"":112,""value"":80},{""id"":113,""value"":87},{""id"":114,""value"":94},{""id"":115,""value"":0},{""id"":116,""value"":7},{""id"":117,""value"":14},{""id"":118,""value"":21},{""id"":119,""value"":28},{""id"":120,""value"":35},{""id"":121,""value"":42},{""id"":122,""value"":49},{""id"":123,""value"":56},{""id"":124,""value"":63},{""id"":125,""value"":70},{""id"":126,""value"":77},{""id"":127,""value"":84},{""id"":128,""value"":91},{""id"":129,""value"":98}],""query_id"":49}","{""value"":43}",exact,1.0,0.85,deterministic,wrong_answer,all lower C levels for level certification,C-Standard,bound,True,required/pass for generated dev item,required before attributing concordant cross-tier failures,must report strongest-executor headroom,
C-C3-LONG_-04,C,C3,,long_context,4,static,C3 Long Context #4,Retrieve the value for query_id from the supplied record set.,"{""records"":[{""id"":0,""value"":3},{""id"":1,""value"":10},{""id"":2,""value"":17},{""id"":3,""value"":24},{""id"":4,""value"":31},{""id"":5,""value"":38},{""id"":6,""value"":45},{""id"":7,""value"":52},{""id"":8,""value"":59},{""id"":9,""value"":66},{""id"":10,""value"":73},{""id"":11,""value"":80},{""id"":12,""value"":87},{""id"":13,""value"":94},{""id"":14,""value"":0},{""id"":15,""value"":7},{""id"":16,""value"":14},{""id"":17,""value"":21},{""id"":18,""value"":28},{""id"":19,""value"":35},{""id"":20,""value"":42},{""id"":21,""value"":49},{""id"":22,""value"":56},{""id"":23,""value"":63},{""id"":24,""value"":70},{""id"":25,""value"":77},{""id"":26,""value"":84},{""id"":27,""value"":91},{""id"":28,""value"":98},{""id"":29,""value"":4},{""id"":30,""value"":11},{""id"":31,""value"":18},{""id"":32,""value"":25},{""id"":33,""value"":32},{""id"":34,""value"":39},{""id"":35,""value"":46},{""id"":36,""value"":53},{""id"":37,""value"":60},{""id"":38,""value"":67},{""id"":39,""value"":74},{""id"":40,""value"":81},{""id"":41,""value"":88},{""id"":42,""value"":95},{""id"":43,""value"":1},{""id"":44,""value"":8},{""id"":45,""value"":15},{""id"":46,""value"":22},{""id"":47,""value"":29},{""id"":48,""value"":36},{""id"":49,""value"":43},{""id"":50,""value"":50},{""id"":51,""value"":57},{""id"":52,""value"":64},{""id"":53,""value"":71},{""id"":54,""value"":78},{""id"":55,""value"":85},{""id"":56,""value"":92},{""id"":57,""value"":99},{""id"":58,""value"":5},{""id"":59,""value"":12},{""id"":60,""value"":19},{""id"":61,""value"":26},{""id"":62,""value"":33},{""id"":63,""value"":40},{""id"":64,""value"":47},{""id"":65,""value"":54},{""id"":66,""value"":61},{""id"":67,""value"":68},{""id"":68,""value"":75},{""id"":69,""value"":82},{""id"":70,""value"":89},{""id"":71,""value"":96},{""id"":72,""value"":2},{""id"":73,""value"":9},{""id"":74,""value"":16},{""id"":75,""value"":23},{""id"":76,""value"":30},{""id"":77,""value"":37},{""id"":78,""value"":44},{""id"":79,""value"":51},{""id"":80,""value"":58},{""id"":81,""value"":65},{""id"":82,""value"":72},{""id"":83,""value"":79},{""id"":84,""value"":86},{""id"":85,""value"":93},{""id"":86,""value"":100},{""id"":87,""value"":6},{""id"":88,""value"":13},{""id"":89,""value"":20},{""id"":90,""value"":27},{""id"":91,""value"":34},{""id"":92,""value"":41},{""id"":93,""value"":48},{""id"":94,""value"":55},{""id"":95,""value"":62},{""id"":96,""value"":69},{""id"":97,""value"":76},{""id"":98,""value"":83},{""id"":99,""value"":90},{""id"":100,""value"":97},{""id"":101,""value"":3},{""id"":102,""value"":10},{""id"":103,""value"":17},{""id"":104,""value"":24},{""id"":105,""value"":31},{""id"":106,""value"":38},{""id"":107,""value"":45},{""id"":108,""value"":52},{""id"":109,""value"":59},{""id"":110,""value"":66},{""id"":111,""value"":73},{""id"":112,""value"":80},{""id"":113,""value"":87},{""id"":114,""value"":94},{""id"":115,""value"":0},{""id"":116,""value"":7},{""id"":117,""value"":14},{""id"":118,""value"":21},{""id"":119,""value"":28},{""id"":120,""value"":35},{""id"":121,""value"":42},{""id"":122,""value"":49},{""id"":123,""value"":56},{""id"":124,""value"":63},{""id"":125,""value"":70},{""id"":126,""value"":77},{""id"":127,""value"":84},{""id"":128,""value"":91},{""id"":129,""value"":98}],""query_id"":50}","{""value"":50}",exact,1.0,0.85,deterministic,wrong_answer,all lower C levels for level certification,C-Standard,bound,True,required/pass for generated dev item,required before attributing concordant cross-tier failures,must report strongest-executor headroom,
C-C3-MULTI-01,C,C3,,multimodal_structured,1,static,C3 Multimodal Structured #1,Use the spatial object representation to answer the question.,"{""objects"":[{""id"":""r"",""shape"":""circle"",""x"":21,""y"":30},{""id"":""b"",""shape"":""square"",""x"":80,""y"":33},{""id"":""g"",""shape"":""triangle"",""x"":50,""y"":90}],""question"":""Which object is leftmost?""}","{""id"":""r""}",exact,1.0,0.85,deterministic,wrong_answer,all lower C levels for level certification,C-Standard,bound,True,required/pass for generated dev item,required before attributing concordant cross-tier failures,must report strongest-executor headroom,
C-C3-MULTI-02,C,C3,,multimodal_structured,2,static,C3 Multimodal Structured #2,Use the spatial object representation to answer the question.,"{""objects"":[{""id"":""r"",""shape"":""circle"",""x"":22,""y"":30},{""id"":""b"",""shape"":""square"",""x"":80,""y"":33},{""id"":""g"",""shape"":""triangle"",""x"":50,""y"":90}],""question"":""Which object is leftmost?""}","{""id"":""r""}",exact,1.0,0.85,deterministic,wrong_answer,all lower C levels for level certification,C-Standard,bound,True,required/pass for generated dev item,required before attributing concordant cross-tier failures,must report strongest-executor headroom,
C-C3-MULTI-03,C,C3,,multimodal_structured,3,static,C3 Multimodal Structured #3,Use the spatial object representation to answer the question.,"{""objects"":[{""id"":""r"",""shape"":""circle"",""x"":23,""y"":30},{""id"":""b"",""shape"":""square"",""x"":80,""y"":33},{""id"":""g"",""shape"":""triangle"",""x"":50,""y"":90}],""question"":""Which object is leftmost?""}","{""id"":""r""}",exact,1.0,0.85,deterministic,wrong_answer,all lower C levels for level certification,C-Standard,bound,True,required/pass for generated dev item,required before attributing concordant cross-tier failures,must report strongest-executor headroom,
C-C3-MULTI-04,C,C3,,multimodal_structured,4,static,C3 Multimodal Structured #4,Use the spatial object representation to answer the question.,"{""objects"":[{""id"":""r"",""shape"":""circle"",""x"":24,""y"":30},{""id"":""b"",""shape"":""square"",""x"":80,""y"":33},{""id"":""g"",""shape"":""triangle"",""x"":50,""y"":90}],""question"":""Which object is leftmost?""}","{""id"":""r""}",exact,1.0,0.85,deterministic,wrong_answer,all lower C levels for level certification,C-Standard,bound,True,required/pass for generated dev item,required before attributing concordant cross-tier failures,must report strongest-executor headroom,
C-C3-GUI_P-01,C,C3,GP3,gui_perception,1,static,C3 Gui Perception #1,Interpret the computer-screen image. Do not infer hidden state beyond visible evidence.,"{""image_file"":""gui_assets/C-C3-GUI_P-01.png"",""gp_level"":""GP3"",""questions"":{""text"":""What filename is shown?"",""element"":""What kind of control is labeled Submit?"",""grounding"":""Return Submit bounding box [x1,y1,x2,y2]."",""state"":""Is Submit enabled?"",""result_state"":""What status text is visible?""}}","{""filename"":""item-01.txt"",""submit_element_type"":""button"",""submit_bbox"":[420,125,580,165],""submit_enabled"":true,""status"":""Ready""}",component_fraction,1.0,0.85,bbox_iou_plus_exact_fields,ocr;text;element_type;grounding;state_interpretation,all lower C levels for level certification,C-Standard,bound,True,required/pass for generated dev item,required before attributing concordant cross-tier failures,must report strongest-executor headroom,"GP is a diagnostic subscale of C, not a C level: this is GP3 evidence and must not be read as C3 evidence. A previously unseen layout is legitimate static evidence for GP5; nothing static is evidence for C5."
C-C3-GUI_P-02,C,C3,GP3,gui_perception,2,static,C3 Gui Perception #2,Interpret the computer-screen image. Do not infer hidden state beyond visible evidence.,"{""image_file"":""gui_assets/C-C3-GUI_P-02.png"",""gp_level"":""GP3"",""questions"":{""text"":""What filename is shown?"",""element"":""What kind of control is labeled Submit?"",""grounding"":""Return Submit bounding box [x1,y1,x2,y2]."",""state"":""Is Submit enabled?"",""result_state"":""What status text is visible?""}}","{""filename"":""item-02.txt"",""submit_element_type"":""button"",""submit_bbox"":[420,125,580,165],""submit_enabled"":false,""status"":""ERROR: missing owner""}",component_fraction,1.0,0.85,bbox_iou_plus_exact_fields,ocr;text;element_type;grounding;state_interpretation,all lower C levels for level certification,C-Standard,bound,True,required/pass for generated dev item,required before attributing concordant cross-tier failures,must report strongest-executor headroom,"GP is a diagnostic subscale of C, not a C level: this is GP3 evidence and must not be read as C3 evidence. A previously unseen layout is legitimate static evidence for GP5; nothing static is evidence for C5."
C-C3-GUI_P-03,C,C3,GP3,gui_perception,3,static,C3 Gui Perception #3,Interpret the computer-screen image. Do not infer hidden state beyond visible evidence.,"{""image_file"":""gui_assets/C-C3-GUI_P-03.png"",""gp_level"":""GP3"",""questions"":{""text"":""What filename is shown?"",""element"":""What kind of control is labeled Submit?"",""grounding"":""Return Submit bounding box [x1,y1,x2,y2]."",""state"":""Is Submit enabled?"",""result_state"":""What status text is visible?""}}","{""filename"":""item-03.txt"",""submit_element_type"":""button"",""submit_bbox"":[420,125,580,165],""submit_enabled"":true,""status"":""Ready""}",component_fraction,1.0,0.85,bbox_iou_plus_exact_fields,ocr;text;element_type;grounding;state_interpretation,all lower C levels for level certification,C-Standard,bound,True,required/pass for generated dev item,required before attributing concordant cross-tier failures,must report strongest-executor headroom,"GP is a diagnostic subscale of C, not a C level: this is GP3 evidence and must not be read as C3 evidence. A previously unseen layout is legitimate static evidence for GP5; nothing static is evidence for C5."
C-C3-GUI_P-04,C,C3,GP3,gui_perception,4,static,C3 Gui Perception #4,Interpret the computer-screen image. Do not infer hidden state beyond visible evidence.,"{""image_file"":""gui_assets/C-C3-GUI_P-04.png"",""gp_level"":""GP3"",""questions"":{""text"":""What filename is shown?"",""element"":""What kind of control is labeled Submit?"",""grounding"":""Return Submit bounding box [x1,y1,x2,y2]."",""state"":""Is Submit enabled?"",""result_state"":""What status text is visible?""}}","{""filename"":""item-04.txt"",""submit_element_type"":""button"",""submit_bbox"":[420,125,580,165],""submit_enabled"":false,""status"":""ERROR: missing owner""}",component_fraction,1.0,0.85,bbox_iou_plus_exact_fields,ocr;text;element_type;grounding;state_interpretation,all lower C levels for level certification,C-Standard,bound,True,required/pass for generated dev item,required before attributing concordant cross-tier failures,must report strongest-executor headroom,"GP is a diagnostic subscale of C, not a C level: this is GP3 evidence and must not be read as C3 evidence. A previously unseen layout is legitimate static evidence for GP5; nothing static is evidence for C5."
C-C4-LOGIC-01,C,C4,,logical_reasoning,1,static,C4 Logical Reasoning #1 -- case analysis over a disjunction,"Exactly one of the listed alternatives holds, and you are not told which. Is the query entailed on every case?","{""either"": [[""P"", ""Q""]], ""facts"": [], ""query"": ""Z"", ""rules"": [{""if"": [""P""], ""then"": ""Z""}, {""if"": [""Q""], ""then"": ""Z""}, {""if"": [""R""], ""then"": ""W""}]}","{""entailed"": true}",exact,1.0,0.85,deterministic,wrong_answer,all lower C levels for level certification,C-Standard,bound,True,required/pass for generated dev item,required before attributing concordant cross-tier failures,must report strongest-executor headroom,"key computed by tools/c_ladder.py, not asserted; recomputed by tools/audit_items.py"
C-C4-LOGIC-02,C,C4,,logical_reasoning,2,static,C4 Logical Reasoning #2 -- case analysis over a disjunction,"Exactly one of the listed alternatives holds, and you are not told which. Is the query entailed on every case?","{""either"": [[""P"", ""R""]], ""facts"": [], ""query"": ""Z"", ""rules"": [{""if"": [""P""], ""then"": ""Z""}, {""if"": [""Q""], ""then"": ""Z""}, {""if"": [""R""], ""then"": ""W""}]}","{""entailed"": false}",exact,1.0,0.85,deterministic,wrong_answer,all lower C levels for level certification,C-Standard,bound,True,required/pass for generated dev item,required before attributing concordant cross-tier failures,must report strongest-executor headroom,"key computed by tools/c_ladder.py, not asserted; recomputed by tools/audit_items.py"
C-C4-LOGIC-03,C,C4,,logical_reasoning,3,static,C4 Logical Reasoning #3 -- case analysis over a disjunction,"Exactly one of the listed alternatives holds, and you are not told which. Is the query entailed on every case?","{""either"": [[""Q"", ""R""]], ""facts"": [], ""query"": ""Z"", ""rules"": [{""if"": [""P""], ""then"": ""Z""}, {""if"": [""Q""], ""then"": ""Z""}, {""if"": [""R""], ""then"": ""W""}]}","{""entailed"": false}",exact,1.0,0.85,deterministic,wrong_answer,all lower C levels for level certification,C-Standard,bound,True,required/pass for generated dev item,required before attributing concordant cross-tier failures,must report strongest-executor headroom,"key computed by tools/c_ladder.py, not asserted; recomputed by tools/audit_items.py"
C-C4-LOGIC-04,C,C4,,logical_reasoning,4,static,C4 Logical Reasoning #4 -- case analysis over a disjunction,"Exactly one of the listed alternatives holds, and you are not told which. Is the query entailed on every case?","{""either"": [[""P"", ""Q""]], ""facts"": [], ""query"": ""W"", ""rules"": [{""if"": [""P""], ""then"": ""Z""}, {""if"": [""Q""], ""then"": ""Z""}, {""if"": [""R""], ""then"": ""W""}]}","{""entailed"": false}",exact,1.0,0.85,deterministic,wrong_answer,all lower C levels for level certification,C-Standard,bound,True,required/pass for generated dev item,required before attributing concordant cross-tier failures,must report strongest-executor headroom,"key computed by tools/c_ladder.py, not asserted; recomputed by tools/audit_items.py"
C-C4-QUANT-01,C,C4,,quantitative_math,1,static,C4 Quantitative Math #1,Solve the equation exactly.,"{""equation"":""6*x + 5 = 53""}","{""x"":8}",exact,1.0,0.85,deterministic,wrong_answer,all lower C levels for level certification,C-Standard,bound,True,required/pass for generated dev item,required before attributing concordant cross-tier failures,must report strongest-executor headroom,
C-C4-QUANT-02,C,C4,,quantitative_math,2,static,C4 Quantitative Math #2,Solve the equation exactly.,"{""equation"":""6*x + 5 = 59""}","{""x"":9}",exact,1.0,0.85,deterministic,wrong_answer,all lower C levels for level certification,C-Standard,bound,True,required/pass for generated dev item,required before attributing concordant cross-tier failures,must report strongest-executor headroom,
C-C4-QUANT-03,C,C4,,quantitative_math,3,static,C4 Quantitative Math #3,Solve the equation exactly.,"{""equation"":""6*x + 5 = 65""}","{""x"":10}",exact,1.0,0.85,deterministic,wrong_answer,all lower C levels for level certification,C-Standard,bound,True,required/pass for generated dev item,required before attributing concordant cross-tier failures,must report strongest-executor headroom,
C-C4-QUANT-04,C,C4,,quantitative_math,4,static,C4 Quantitative Math #4,Solve the equation exactly.,"{""equation"":""6*x + 5 = 71""}","{""x"":11}",exact,1.0,0.85,deterministic,wrong_answer,all lower C levels for level certification,C-Standard,bound,True,required/pass for generated dev item,required before attributing concordant cross-tier failures,must report strongest-executor headroom,
C-C4-SCIEN-01,C,C4,,scientific_reasoning,1,static,C4 Scientific Reasoning #1,Choose the hypothesis best supported by the controlled observations.,"{""observations"":[{""condition"":""control"",""value"":11},{""condition"":""treatment"",""value"":20},{""condition"":""treatment_plus_blocker"",""value"":12}],""hypotheses"":[""treatment increases outcome through blocker-sensitive pathway"",""treatment has no effect""]}","{""best_hypothesis"":0}",exact,1.0,0.85,deterministic,wrong_answer,all lower C levels for level certification,C-Standard,bound,True,required/pass for generated dev item,required before attributing concordant cross-tier failures,must report strongest-executor headroom,
C-C4-SCIEN-02,C,C4,,scientific_reasoning,2,static,C4 Scientific Reasoning #2,Choose the hypothesis best supported by the controlled observations.,"{""observations"":[{""condition"":""control"",""value"":12},{""condition"":""treatment"",""value"":21},{""condition"":""treatment_plus_blocker"",""value"":13}],""hypotheses"":[""treatment increases outcome through blocker-sensitive pathway"",""treatment has no effect""]}","{""best_hypothesis"":0}",exact,1.0,0.85,deterministic,wrong_answer,all lower C levels for level certification,C-Standard,bound,True,required/pass for generated dev item,required before attributing concordant cross-tier failures,must report strongest-executor headroom,
C-C4-SCIEN-03,C,C4,,scientific_reasoning,3,static,C4 Scientific Reasoning #3,Choose the hypothesis best supported by the controlled observations.,"{""observations"":[{""condition"":""control"",""value"":13},{""condition"":""treatment"",""value"":22},{""condition"":""treatment_plus_blocker"",""value"":14}],""hypotheses"":[""treatment increases outcome through blocker-sensitive pathway"",""treatment has no effect""]}","{""best_hypothesis"":0}",exact,1.0,0.85,deterministic,wrong_answer,all lower C levels for level certification,C-Standard,bound,True,required/pass for generated dev item,required before attributing concordant cross-tier failures,must report strongest-executor headroom,
C-C4-SCIEN-04,C,C4,,scientific_reasoning,4,static,C4 Scientific Reasoning #4,Choose the hypothesis best supported by the controlled observations.,"{""observations"":[{""condition"":""control"",""value"":14},{""condition"":""treatment"",""value"":23},{""condition"":""treatment_plus_blocker"",""value"":15}],""hypotheses"":[""treatment increases outcome through blocker-sensitive pathway"",""treatment has no effect""]}","{""best_hypothesis"":0}",exact,1.0,0.85,deterministic,wrong_answer,all lower C levels for level certification,C-Standard,bound,True,required/pass for generated dev item,required before attributing concordant cross-tier failures,must report strongest-executor headroom,
C-C4-CAUSA-01,C,C4,,causal_reasoning,1,static,C4 Causal Reasoning #1 -- recognising what must not be conditioned on,"Estimating the total effect of X on Y, which variables must NOT be conditioned on because they lie on the path being measured?","{""graph"": {""M"": [""Y""], ""U"": [""X"", ""Y""], ""X"": [""M""], ""X2"": [""Y""]}, ""question_type"": ""colliders"", ""x"": ""X"", ""y"": ""Y""}","{""do_not_condition_on"": [""M""]}",exact,1.0,0.85,deterministic,wrong_answer,all lower C levels for level certification,C-Standard,bound,True,required/pass for generated dev item,required before attributing concordant cross-tier failures,must report strongest-executor headroom,"key computed by tools/c_ladder.py, not asserted; recomputed by tools/audit_items.py"
C-C4-CAUSA-02,C,C4,,causal_reasoning,2,static,C4 Causal Reasoning #2 -- recognising what must not be conditioned on,"Estimating the total effect of X on Y, which variables must NOT be conditioned on because they lie on the path being measured?","{""graph"": {""M"": [""Y""], ""N"": [""Y""], ""S"": [""Y""], ""X"": [""M"", ""N""]}, ""question_type"": ""colliders"", ""x"": ""X"", ""y"": ""Y""}","{""do_not_condition_on"": [""M"", ""N""]}",exact,1.0,0.85,deterministic,wrong_answer,all lower C levels for level certification,C-Standard,bound,True,required/pass for generated dev item,required before attributing concordant cross-tier failures,must report strongest-executor headroom,"key computed by tools/c_ladder.py, not asserted; recomputed by tools/audit_items.py"
C-C4-CAUSA-03,C,C4,,causal_reasoning,3,static,C4 Causal Reasoning #3 -- recognising what must not be conditioned on,"Estimating the total effect of X on Y, which variables must NOT be conditioned on because they lie on the path being measured?","{""graph"": {""T"": [""Y""], ""X"": [""Y""]}, ""question_type"": ""colliders"", ""x"": ""X"", ""y"": ""Y""}","{""do_not_condition_on"": []}",exact,1.0,0.85,deterministic,wrong_answer,all lower C levels for level certification,C-Standard,bound,True,required/pass for generated dev item,required before attributing concordant cross-tier failures,must report strongest-executor headroom,"key computed by tools/c_ladder.py, not asserted; recomputed by tools/audit_items.py"
C-C4-CAUSA-04,C,C4,,causal_reasoning,4,static,C4 Causal Reasoning #4 -- recognising what must not be conditioned on,"Estimating the total effect of X on Y, which variables must NOT be conditioned on because they lie on the path being measured?","{""graph"": {""M"": [""N""], ""N"": [""Y""], ""X"": [""M""]}, ""question_type"": ""colliders"", ""x"": ""X"", ""y"": ""Y""}","{""do_not_condition_on"": [""M"", ""N""]}",exact,1.0,0.85,deterministic,wrong_answer,all lower C levels for level certification,C-Standard,bound,True,required/pass for generated dev item,required before attributing concordant cross-tier failures,must report strongest-executor headroom,"key computed by tools/c_ladder.py, not asserted; recomputed by tools/audit_items.py"
C-C4-CODIN-01,C,C4,,coding_reasoning,1,static,C4 Coding Reasoning #1,Produce the exact requested output.,"{""language"":""python"",""task"":""Return sorted unique values descending."",""values"":[4,5,6,2,11]}","{""result"":[11,6,5,4,2]}",exact,1.0,0.85,deterministic,wrong_answer,all lower C levels for level certification,C-Standard,bound,True,required/pass for generated dev item,required before attributing concordant cross-tier failures,must report strongest-executor headroom,
C-C4-CODIN-02,C,C4,,coding_reasoning,2,static,C4 Coding Reasoning #2,Produce the exact requested output.,"{""language"":""python"",""task"":""Return sorted unique values descending."",""values"":[5,5,7,2,11]}","{""result"":[11,7,5,2]}",exact,1.0,0.85,deterministic,wrong_answer,all lower C levels for level certification,C-Standard,bound,True,required/pass for generated dev item,required before attributing concordant cross-tier failures,must report strongest-executor headroom,
C-C4-CODIN-03,C,C4,,coding_reasoning,3,static,C4 Coding Reasoning #3,Produce the exact requested output.,"{""language"":""python"",""task"":""Return sorted unique values descending."",""values"":[6,5,8,2,11]}","{""result"":[11,8,6,5,2]}",exact,1.0,0.85,deterministic,wrong_answer,all lower C levels for level certification,C-Standard,bound,True,required/pass for generated dev item,required before attributing concordant cross-tier failures,must report strongest-executor headroom,
C-C4-CODIN-04,C,C4,,coding_reasoning,4,static,C4 Coding Reasoning #4,Produce the exact requested output.,"{""language"":""python"",""task"":""Return sorted unique values descending."",""values"":[7,5,9,2,11]}","{""result"":[11,9,7,5,2]}",exact,1.0,0.85,deterministic,wrong_answer,all lower C levels for level certification,C-Standard,bound,True,required/pass for generated dev item,required before attributing concordant cross-tier failures,must report strongest-executor headroom,
C-C4-ABSTR-01,C,C4,,abstract_rule_induction,1,static,C4 Abstract Rule Induction #1 -- a conditional step rule,Each term is derived from the previous one. Give the next term.,"{""rule"": ""piecewise"", ""sequence"": [3, 6, 12, 24, 48]}","{""next"": 96}",exact,1.0,0.85,deterministic,wrong_answer,all lower C levels for level certification,C-Standard,bound,True,required/pass for generated dev item,required before attributing concordant cross-tier failures,must report strongest-executor headroom,"key computed by tools/c_ladder.py, not asserted; recomputed by tools/audit_items.py"
C-C4-ABSTR-02,C,C4,,abstract_rule_induction,2,static,C4 Abstract Rule Induction #2 -- a conditional step rule,Each term is derived from the previous one. Give the next term.,"{""rule"": ""piecewise"", ""sequence"": [4, 8, 16, 32, 64]}","{""next"": 128}",exact,1.0,0.85,deterministic,wrong_answer,all lower C levels for level certification,C-Standard,bound,True,required/pass for generated dev item,required before attributing concordant cross-tier failures,must report strongest-executor headroom,"key computed by tools/c_ladder.py, not asserted; recomputed by tools/audit_items.py"
C-C4-ABSTR-03,C,C4,,abstract_rule_induction,3,static,C4 Abstract Rule Induction #3 -- a conditional step rule,Each term is derived from the previous one. Give the next term.,"{""rule"": ""piecewise"", ""sequence"": [5, 8, 16, 32, 64]}","{""next"": 128}",exact,1.0,0.85,deterministic,wrong_answer,all lower C levels for level certification,C-Standard,bound,True,required/pass for generated dev item,required before attributing concordant cross-tier failures,must report strongest-executor headroom,"key computed by tools/c_ladder.py, not asserted; recomputed by tools/audit_items.py"
C-C4-ABSTR-04,C,C4,,abstract_rule_induction,4,static,C4 Abstract Rule Induction #4 -- a conditional step rule,Each term is derived from the previous one. Give the next term.,"{""rule"": ""piecewise"", ""sequence"": [6, 12, 24, 48, 96]}","{""next"": 192}",exact,1.0,0.85,deterministic,wrong_answer,all lower C levels for level certification,C-Standard,bound,True,required/pass for generated dev item,required before attributing concordant cross-tier failures,must report strongest-executor headroom,"key computed by tools/c_ladder.py, not asserted; recomputed by tools/audit_items.py"
C-C4-FACTU-01,C,C4,,factuality_calibration,1,static,C4 Factuality Calibration #1 -- nothing survives the citation chain,"What is the supported value, and which source supports it? A retracted source does not count, and neither does anything that rests on one. Answer ""unknown"" if nothing survives.","{""claim_field"": ""revenue"", ""sources"": [{""claims"": ""revenue"", ""id"": ""memo"", ""retracted"": true, ""value"": 5.0, ""year"": 2020}, {""cites"": [""memo""], ""claims"": ""revenue"", ""id"": ""blog"", ""value"": 5.0, ""year"": 2022}, {""cites"": [""blog""], ""claims"": ""revenue"", ""id"": ""wiki"", ""value"": 5.0, ""year"": 2023}]}","{""answer"": ""unknown"", ""source"": null}",exact,1.0,0.85,deterministic,wrong_answer,all lower C levels for level certification,C-Standard,bound,True,required/pass for generated dev item,required before attributing concordant cross-tier failures,must report strongest-executor headroom,"key computed by tools/c_ladder.py, not asserted; recomputed by tools/audit_items.py"
C-C4-FACTU-02,C,C4,,factuality_calibration,2,static,C4 Factuality Calibration #2 -- nothing survives the citation chain,"What is the supported value, and which source supports it? A retracted source does not count, and neither does anything that rests on one. Answer ""unknown"" if nothing survives.","{""claim_field"": ""revenue"", ""sources"": [{""claims"": ""revenue"", ""id"": ""memo"", ""retracted"": true, ""value"": 6.0, ""year"": 2020}, {""cites"": [""memo""], ""claims"": ""revenue"", ""id"": ""blog"", ""value"": 6.0, ""year"": 2022}, {""cites"": [""blog""], ""claims"": ""revenue"", ""id"": ""wiki"", ""value"": 6.0, ""year"": 2024}]}","{""answer"": ""unknown"", ""source"": null}",exact,1.0,0.85,deterministic,wrong_answer,all lower C levels for level certification,C-Standard,bound,True,required/pass for generated dev item,required before attributing concordant cross-tier failures,must report strongest-executor headroom,"key computed by tools/c_ladder.py, not asserted; recomputed by tools/audit_items.py"
C-C4-FACTU-03,C,C4,,factuality_calibration,3,static,C4 Factuality Calibration #3 -- nothing survives the citation chain,"What is the supported value, and which source supports it? A retracted source does not count, and neither does anything that rests on one. Answer ""unknown"" if nothing survives.","{""claim_field"": ""revenue"", ""sources"": [{""claims"": ""revenue"", ""id"": ""memo"", ""retracted"": true, ""value"": 7.0, ""year"": 2020}, {""cites"": [""memo""], ""claims"": ""revenue"", ""id"": ""blog"", ""value"": 7.0, ""year"": 2022}, {""cites"": [""blog""], ""claims"": ""revenue"", ""id"": ""wiki"", ""value"": 7.0, ""year"": 2025}]}","{""answer"": ""unknown"", ""source"": null}",exact,1.0,0.85,deterministic,wrong_answer,all lower C levels for level certification,C-Standard,bound,True,required/pass for generated dev item,required before attributing concordant cross-tier failures,must report strongest-executor headroom,"key computed by tools/c_ladder.py, not asserted; recomputed by tools/audit_items.py"
C-C4-FACTU-04,C,C4,,factuality_calibration,4,static,C4 Factuality Calibration #4 -- nothing survives the citation chain,"What is the supported value, and which source supports it? A retracted source does not count, and neither does anything that rests on one. Answer ""unknown"" if nothing survives.","{""claim_field"": ""revenue"", ""sources"": [{""claims"": ""revenue"", ""id"": ""memo"", ""retracted"": true, ""value"": 8.0, ""year"": 2020}, {""cites"": [""memo""], ""claims"": ""revenue"", ""id"": ""blog"", ""value"": 8.0, ""year"": 2022}, {""cites"": [""blog""], ""claims"": ""revenue"", ""id"": ""wiki"", ""value"": 8.0, ""year"": 2026}]}","{""answer"": ""unknown"", ""source"": null}",exact,1.0,0.85,deterministic,wrong_answer,all lower C levels for level certification,C-Standard,bound,True,required/pass for generated dev item,required before attributing concordant cross-tier failures,must report strongest-executor headroom,"key computed by tools/c_ladder.py, not asserted; recomputed by tools/audit_items.py"
C-C4-LONG_-01,C,C4,,long_context,1,static,C4 Long Context #1,Retrieve the value for query_id from the supplied record set.,"{""records"":[{""id"":0,""value"":3},{""id"":1,""value"":10},{""id"":2,""value"":17},{""id"":3,""value"":24},{""id"":4,""value"":31},{""id"":5,""value"":38},{""id"":6,""value"":45},{""id"":7,""value"":52},{""id"":8,""value"":59},{""id"":9,""value"":66},{""id"":10,""value"":73},{""id"":11,""value"":80},{""id"":12,""value"":87},{""id"":13,""value"":94},{""id"":14,""value"":0},{""id"":15,""value"":7},{""id"":16,""value"":14},{""id"":17,""value"":21},{""id"":18,""value"":28},{""id"":19,""value"":35},{""id"":20,""value"":42},{""id"":21,""value"":49},{""id"":22,""value"":56},{""id"":23,""value"":63},{""id"":24,""value"":70},{""id"":25,""value"":77},{""id"":26,""value"":84},{""id"":27,""value"":91},{""id"":28,""value"":98},{""id"":29,""value"":4},{""id"":30,""value"":11},{""id"":31,""value"":18},{""id"":32,""value"":25},{""id"":33,""value"":32},{""id"":34,""value"":39},{""id"":35,""value"":46},{""id"":36,""value"":53},{""id"":37,""value"":60},{""id"":38,""value"":67},{""id"":39,""value"":74},{""id"":40,""value"":81},{""id"":41,""value"":88},{""id"":42,""value"":95},{""id"":43,""value"":1},{""id"":44,""value"":8},{""id"":45,""value"":15},{""id"":46,""value"":22},{""id"":47,""value"":29},{""id"":48,""value"":36},{""id"":49,""value"":43},{""id"":50,""value"":50},{""id"":51,""value"":57},{""id"":52,""value"":64},{""id"":53,""value"":71},{""id"":54,""value"":78},{""id"":55,""value"":85},{""id"":56,""value"":92},{""id"":57,""value"":99},{""id"":58,""value"":5},{""id"":59,""value"":12},{""id"":60,""value"":19},{""id"":61,""value"":26},{""id"":62,""value"":33},{""id"":63,""value"":40},{""id"":64,""value"":47},{""id"":65,""value"":54},{""id"":66,""value"":61},{""id"":67,""value"":68},{""id"":68,""value"":75},{""id"":69,""value"":82},{""id"":70,""value"":89},{""id"":71,""value"":96},{""id"":72,""value"":2},{""id"":73,""value"":9},{""id"":74,""value"":16},{""id"":75,""value"":23},{""id"":76,""value"":30},{""id"":77,""value"":37},{""id"":78,""value"":44},{""id"":79,""value"":51},{""id"":80,""value"":58},{""id"":81,""value"":65},{""id"":82,""value"":72},{""id"":83,""value"":79},{""id"":84,""value"":86},{""id"":85,""value"":93},{""id"":86,""value"":100},{""id"":87,""value"":6},{""id"":88,""value"":13},{""id"":89,""value"":20},{""id"":90,""value"":27},{""id"":91,""value"":34},{""id"":92,""value"":41},{""id"":93,""value"":48},{""id"":94,""value"":55},{""id"":95,""value"":62},{""id"":96,""value"":69},{""id"":97,""value"":76},{""id"":98,""value"":83},{""id"":99,""value"":90},{""id"":100,""value"":97},{""id"":101,""value"":3},{""id"":102,""value"":10},{""id"":103,""value"":17},{""id"":104,""value"":24},{""id"":105,""value"":31},{""id"":106,""value"":38},{""id"":107,""value"":45},{""id"":108,""value"":52},{""id"":109,""value"":59},{""id"":110,""value"":66},{""id"":111,""value"":73},{""id"":112,""value"":80},{""id"":113,""value"":87},{""id"":114,""value"":94},{""id"":115,""value"":0},{""id"":116,""value"":7},{""id"":117,""value"":14},{""id"":118,""value"":21},{""id"":119,""value"":28},{""id"":120,""value"":35},{""id"":121,""value"":42},{""id"":122,""value"":49},{""id"":123,""value"":56},{""id"":124,""value"":63},{""id"":125,""value"":70},{""id"":126,""value"":77},{""id"":127,""value"":84},{""id"":128,""value"":91},{""id"":129,""value"":98},{""id"":130,""value"":4},{""id"":131,""value"":11},{""id"":132,""value"":18},{""id"":133,""value"":25},{""id"":134,""value"":32},{""id"":135,""value"":39},{""id"":136,""value"":46},{""id"":137,""value"":53},{""id"":138,""value"":60},{""id"":139,""value"":67},{""id"":140,""value"":74},{""id"":141,""value"":81},{""id"":142,""value"":88},{""id"":143,""value"":95},{""id"":144,""value"":1},{""id"":145,""value"":8},{""id"":146,""value"":15},{""id"":147,""value"":22},{""id"":148,""value"":29},{""id"":149,""value"":36}],""query_id"":50}","{""value"":50}",exact,1.0,0.85,deterministic,wrong_answer,all lower C levels for level certification,C-Standard,bound,True,required/pass for generated dev item,required before attributing concordant cross-tier failures,must report strongest-executor headroom,
C-C4-LONG_-02,C,C4,,long_context,2,static,C4 Long Context #2,Retrieve the value for query_id from the supplied record set.,"{""records"":[{""id"":0,""value"":3},{""id"":1,""value"":10},{""id"":2,""value"":17},{""id"":3,""value"":24},{""id"":4,""value"":31},{""id"":5,""value"":38},{""id"":6,""value"":45},{""id"":7,""value"":52},{""id"":8,""value"":59},{""id"":9,""value"":66},{""id"":10,""value"":73},{""id"":11,""value"":80},{""id"":12,""value"":87},{""id"":13,""value"":94},{""id"":14,""value"":0},{""id"":15,""value"":7},{""id"":16,""value"":14},{""id"":17,""value"":21},{""id"":18,""value"":28},{""id"":19,""value"":35},{""id"":20,""value"":42},{""id"":21,""value"":49},{""id"":22,""value"":56},{""id"":23,""value"":63},{""id"":24,""value"":70},{""id"":25,""value"":77},{""id"":26,""value"":84},{""id"":27,""value"":91},{""id"":28,""value"":98},{""id"":29,""value"":4},{""id"":30,""value"":11},{""id"":31,""value"":18},{""id"":32,""value"":25},{""id"":33,""value"":32},{""id"":34,""value"":39},{""id"":35,""value"":46},{""id"":36,""value"":53},{""id"":37,""value"":60},{""id"":38,""value"":67},{""id"":39,""value"":74},{""id"":40,""value"":81},{""id"":41,""value"":88},{""id"":42,""value"":95},{""id"":43,""value"":1},{""id"":44,""value"":8},{""id"":45,""value"":15},{""id"":46,""value"":22},{""id"":47,""value"":29},{""id"":48,""value"":36},{""id"":49,""value"":43},{""id"":50,""value"":50},{""id"":51,""value"":57},{""id"":52,""value"":64},{""id"":53,""value"":71},{""id"":54,""value"":78},{""id"":55,""value"":85},{""id"":56,""value"":92},{""id"":57,""value"":99},{""id"":58,""value"":5},{""id"":59,""value"":12},{""id"":60,""value"":19},{""id"":61,""value"":26},{""id"":62,""value"":33},{""id"":63,""value"":40},{""id"":64,""value"":47},{""id"":65,""value"":54},{""id"":66,""value"":61},{""id"":67,""value"":68},{""id"":68,""value"":75},{""id"":69,""value"":82},{""id"":70,""value"":89},{""id"":71,""value"":96},{""id"":72,""value"":2},{""id"":73,""value"":9},{""id"":74,""value"":16},{""id"":75,""value"":23},{""id"":76,""value"":30},{""id"":77,""value"":37},{""id"":78,""value"":44},{""id"":79,""value"":51},{""id"":80,""value"":58},{""id"":81,""value"":65},{""id"":82,""value"":72},{""id"":83,""value"":79},{""id"":84,""value"":86},{""id"":85,""value"":93},{""id"":86,""value"":100},{""id"":87,""value"":6},{""id"":88,""value"":13},{""id"":89,""value"":20},{""id"":90,""value"":27},{""id"":91,""value"":34},{""id"":92,""value"":41},{""id"":93,""value"":48},{""id"":94,""value"":55},{""id"":95,""value"":62},{""id"":96,""value"":69},{""id"":97,""value"":76},{""id"":98,""value"":83},{""id"":99,""value"":90},{""id"":100,""value"":97},{""id"":101,""value"":3},{""id"":102,""value"":10},{""id"":103,""value"":17},{""id"":104,""value"":24},{""id"":105,""value"":31},{""id"":106,""value"":38},{""id"":107,""value"":45},{""id"":108,""value"":52},{""id"":109,""value"":59},{""id"":110,""value"":66},{""id"":111,""value"":73},{""id"":112,""value"":80},{""id"":113,""value"":87},{""id"":114,""value"":94},{""id"":115,""value"":0},{""id"":116,""value"":7},{""id"":117,""value"":14},{""id"":118,""value"":21},{""id"":119,""value"":28},{""id"":120,""value"":35},{""id"":121,""value"":42},{""id"":122,""value"":49},{""id"":123,""value"":56},{""id"":124,""value"":63},{""id"":125,""value"":70},{""id"":126,""value"":77},{""id"":127,""value"":84},{""id"":128,""value"":91},{""id"":129,""value"":98},{""id"":130,""value"":4},{""id"":131,""value"":11},{""id"":132,""value"":18},{""id"":133,""value"":25},{""id"":134,""value"":32},{""id"":135,""value"":39},{""id"":136,""value"":46},{""id"":137,""value"":53},{""id"":138,""value"":60},{""id"":139,""value"":67},{""id"":140,""value"":74},{""id"":141,""value"":81},{""id"":142,""value"":88},{""id"":143,""value"":95},{""id"":144,""value"":1},{""id"":145,""value"":8},{""id"":146,""value"":15},{""id"":147,""value"":22},{""id"":148,""value"":29},{""id"":149,""value"":36}],""query_id"":51}","{""value"":57}",exact,1.0,0.85,deterministic,wrong_answer,all lower C levels for level certification,C-Standard,bound,True,required/pass for generated dev item,required before attributing concordant cross-tier failures,must report strongest-executor headroom,
C-C4-LONG_-03,C,C4,,long_context,3,static,C4 Long Context #3,Retrieve the value for query_id from the supplied record set.,"{""records"":[{""id"":0,""value"":3},{""id"":1,""value"":10},{""id"":2,""value"":17},{""id"":3,""value"":24},{""id"":4,""value"":31},{""id"":5,""value"":38},{""id"":6,""value"":45},{""id"":7,""value"":52},{""id"":8,""value"":59},{""id"":9,""value"":66},{""id"":10,""value"":73},{""id"":11,""value"":80},{""id"":12,""value"":87},{""id"":13,""value"":94},{""id"":14,""value"":0},{""id"":15,""value"":7},{""id"":16,""value"":14},{""id"":17,""value"":21},{""id"":18,""value"":28},{""id"":19,""value"":35},{""id"":20,""value"":42},{""id"":21,""value"":49},{""id"":22,""value"":56},{""id"":23,""value"":63},{""id"":24,""value"":70},{""id"":25,""value"":77},{""id"":26,""value"":84},{""id"":27,""value"":91},{""id"":28,""value"":98},{""id"":29,""value"":4},{""id"":30,""value"":11},{""id"":31,""value"":18},{""id"":32,""value"":25},{""id"":33,""value"":32},{""id"":34,""value"":39},{""id"":35,""value"":46},{""id"":36,""value"":53},{""id"":37,""value"":60},{""id"":38,""value"":67},{""id"":39,""value"":74},{""id"":40,""value"":81},{""id"":41,""value"":88},{""id"":42,""value"":95},{""id"":43,""value"":1},{""id"":44,""value"":8},{""id"":45,""value"":15},{""id"":46,""value"":22},{""id"":47,""value"":29},{""id"":48,""value"":36},{""id"":49,""value"":43},{""id"":50,""value"":50},{""id"":51,""value"":57},{""id"":52,""value"":64},{""id"":53,""value"":71},{""id"":54,""value"":78},{""id"":55,""value"":85},{""id"":56,""value"":92},{""id"":57,""value"":99},{""id"":58,""value"":5},{""id"":59,""value"":12},{""id"":60,""value"":19},{""id"":61,""value"":26},{""id"":62,""value"":33},{""id"":63,""value"":40},{""id"":64,""value"":47},{""id"":65,""value"":54},{""id"":66,""value"":61},{""id"":67,""value"":68},{""id"":68,""value"":75},{""id"":69,""value"":82},{""id"":70,""value"":89},{""id"":71,""value"":96},{""id"":72,""value"":2},{""id"":73,""value"":9},{""id"":74,""value"":16},{""id"":75,""value"":23},{""id"":76,""value"":30},{""id"":77,""value"":37},{""id"":78,""value"":44},{""id"":79,""value"":51},{""id"":80,""value"":58},{""id"":81,""value"":65},{""id"":82,""value"":72},{""id"":83,""value"":79},{""id"":84,""value"":86},{""id"":85,""value"":93},{""id"":86,""value"":100},{""id"":87,""value"":6},{""id"":88,""value"":13},{""id"":89,""value"":20},{""id"":90,""value"":27},{""id"":91,""value"":34},{""id"":92,""value"":41},{""id"":93,""value"":48},{""id"":94,""value"":55},{""id"":95,""value"":62},{""id"":96,""value"":69},{""id"":97,""value"":76},{""id"":98,""value"":83},{""id"":99,""value"":90},{""id"":100,""value"":97},{""id"":101,""value"":3},{""id"":102,""value"":10},{""id"":103,""value"":17},{""id"":104,""value"":24},{""id"":105,""value"":31},{""id"":106,""value"":38},{""id"":107,""value"":45},{""id"":108,""value"":52},{""id"":109,""value"":59},{""id"":110,""value"":66},{""id"":111,""value"":73},{""id"":112,""value"":80},{""id"":113,""value"":87},{""id"":114,""value"":94},{""id"":115,""value"":0},{""id"":116,""value"":7},{""id"":117,""value"":14},{""id"":118,""value"":21},{""id"":119,""value"":28},{""id"":120,""value"":35},{""id"":121,""value"":42},{""id"":122,""value"":49},{""id"":123,""value"":56},{""id"":124,""value"":63},{""id"":125,""value"":70},{""id"":126,""value"":77},{""id"":127,""value"":84},{""id"":128,""value"":91},{""id"":129,""value"":98},{""id"":130,""value"":4},{""id"":131,""value"":11},{""id"":132,""value"":18},{""id"":133,""value"":25},{""id"":134,""value"":32},{""id"":135,""value"":39},{""id"":136,""value"":46},{""id"":137,""value"":53},{""id"":138,""value"":60},{""id"":139,""value"":67},{""id"":140,""value"":74},{""id"":141,""value"":81},{""id"":142,""value"":88},{""id"":143,""value"":95},{""id"":144,""value"":1},{""id"":145,""value"":8},{""id"":146,""value"":15},{""id"":147,""value"":22},{""id"":148,""value"":29},{""id"":149,""value"":36}],""query_id"":52}","{""value"":64}",exact,1.0,0.85,deterministic,wrong_answer,all lower C levels for level certification,C-Standard,bound,True,required/pass for generated dev item,required before attributing concordant cross-tier failures,must report strongest-executor headroom,
C-C4-LONG_-04,C,C4,,long_context,4,static,C4 Long Context #4,Retrieve the value for query_id from the supplied record set.,"{""records"":[{""id"":0,""value"":3},{""id"":1,""value"":10},{""id"":2,""value"":17},{""id"":3,""value"":24},{""id"":4,""value"":31},{""id"":5,""value"":38},{""id"":6,""value"":45},{""id"":7,""value"":52},{""id"":8,""value"":59},{""id"":9,""value"":66},{""id"":10,""value"":73},{""id"":11,""value"":80},{""id"":12,""value"":87},{""id"":13,""value"":94},{""id"":14,""value"":0},{""id"":15,""value"":7},{""id"":16,""value"":14},{""id"":17,""value"":21},{""id"":18,""value"":28},{""id"":19,""value"":35},{""id"":20,""value"":42},{""id"":21,""value"":49},{""id"":22,""value"":56},{""id"":23,""value"":63},{""id"":24,""value"":70},{""id"":25,""value"":77},{""id"":26,""value"":84},{""id"":27,""value"":91},{""id"":28,""value"":98},{""id"":29,""value"":4},{""id"":30,""value"":11},{""id"":31,""value"":18},{""id"":32,""value"":25},{""id"":33,""value"":32},{""id"":34,""value"":39},{""id"":35,""value"":46},{""id"":36,""value"":53},{""id"":37,""value"":60},{""id"":38,""value"":67},{""id"":39,""value"":74},{""id"":40,""value"":81},{""id"":41,""value"":88},{""id"":42,""value"":95},{""id"":43,""value"":1},{""id"":44,""value"":8},{""id"":45,""value"":15},{""id"":46,""value"":22},{""id"":47,""value"":29},{""id"":48,""value"":36},{""id"":49,""value"":43},{""id"":50,""value"":50},{""id"":51,""value"":57},{""id"":52,""value"":64},{""id"":53,""value"":71},{""id"":54,""value"":78},{""id"":55,""value"":85},{""id"":56,""value"":92},{""id"":57,""value"":99},{""id"":58,""value"":5},{""id"":59,""value"":12},{""id"":60,""value"":19},{""id"":61,""value"":26},{""id"":62,""value"":33},{""id"":63,""value"":40},{""id"":64,""value"":47},{""id"":65,""value"":54},{""id"":66,""value"":61},{""id"":67,""value"":68},{""id"":68,""value"":75},{""id"":69,""value"":82},{""id"":70,""value"":89},{""id"":71,""value"":96},{""id"":72,""value"":2},{""id"":73,""value"":9},{""id"":74,""value"":16},{""id"":75,""value"":23},{""id"":76,""value"":30},{""id"":77,""value"":37},{""id"":78,""value"":44},{""id"":79,""value"":51},{""id"":80,""value"":58},{""id"":81,""value"":65},{""id"":82,""value"":72},{""id"":83,""value"":79},{""id"":84,""value"":86},{""id"":85,""value"":93},{""id"":86,""value"":100},{""id"":87,""value"":6},{""id"":88,""value"":13},{""id"":89,""value"":20},{""id"":90,""value"":27},{""id"":91,""value"":34},{""id"":92,""value"":41},{""id"":93,""value"":48},{""id"":94,""value"":55},{""id"":95,""value"":62},{""id"":96,""value"":69},{""id"":97,""value"":76},{""id"":98,""value"":83},{""id"":99,""value"":90},{""id"":100,""value"":97},{""id"":101,""value"":3},{""id"":102,""value"":10},{""id"":103,""value"":17},{""id"":104,""value"":24},{""id"":105,""value"":31},{""id"":106,""value"":38},{""id"":107,""value"":45},{""id"":108,""value"":52},{""id"":109,""value"":59},{""id"":110,""value"":66},{""id"":111,""value"":73},{""id"":112,""value"":80},{""id"":113,""value"":87},{""id"":114,""value"":94},{""id"":115,""value"":0},{""id"":116,""value"":7},{""id"":117,""value"":14},{""id"":118,""value"":21},{""id"":119,""value"":28},{""id"":120,""value"":35},{""id"":121,""value"":42},{""id"":122,""value"":49},{""id"":123,""value"":56},{""id"":124,""value"":63},{""id"":125,""value"":70},{""id"":126,""value"":77},{""id"":127,""value"":84},{""id"":128,""value"":91},{""id"":129,""value"":98},{""id"":130,""value"":4},{""id"":131,""value"":11},{""id"":132,""value"":18},{""id"":133,""value"":25},{""id"":134,""value"":32},{""id"":135,""value"":39},{""id"":136,""value"":46},{""id"":137,""value"":53},{""id"":138,""value"":60},{""id"":139,""value"":67},{""id"":140,""value"":74},{""id"":141,""value"":81},{""id"":142,""value"":88},{""id"":143,""value"":95},{""id"":144,""value"":1},{""id"":145,""value"":8},{""id"":146,""value"":15},{""id"":147,""value"":22},{""id"":148,""value"":29},{""id"":149,""value"":36}],""query_id"":53}","{""value"":71}",exact,1.0,0.85,deterministic,wrong_answer,all lower C levels for level certification,C-Standard,bound,True,required/pass for generated dev item,required before attributing concordant cross-tier failures,must report strongest-executor headroom,
C-C4-MULTI-01,C,C4,,multimodal_structured,1,static,C4 Multimodal Structured #1,Use the spatial object representation to answer the question.,"{""objects"":[{""id"":""r"",""shape"":""circle"",""x"":21,""y"":30},{""id"":""b"",""shape"":""square"",""x"":80,""y"":34},{""id"":""g"",""shape"":""triangle"",""x"":50,""y"":90}],""question"":""Which object is leftmost?""}","{""id"":""r""}",exact,1.0,0.85,deterministic,wrong_answer,all lower C levels for level certification,C-Standard,bound,True,required/pass for generated dev item,required before attributing concordant cross-tier failures,must report strongest-executor headroom,
C-C4-MULTI-02,C,C4,,multimodal_structured,2,static,C4 Multimodal Structured #2,Use the spatial object representation to answer the question.,"{""objects"":[{""id"":""r"",""shape"":""circle"",""x"":22,""y"":30},{""id"":""b"",""shape"":""square"",""x"":80,""y"":34},{""id"":""g"",""shape"":""triangle"",""x"":50,""y"":90}],""question"":""Which object is leftmost?""}","{""id"":""r""}",exact,1.0,0.85,deterministic,wrong_answer,all lower C levels for level certification,C-Standard,bound,True,required/pass for generated dev item,required before attributing concordant cross-tier failures,must report strongest-executor headroom,
C-C4-MULTI-03,C,C4,,multimodal_structured,3,static,C4 Multimodal Structured #3,Use the spatial object representation to answer the question.,"{""objects"":[{""id"":""r"",""shape"":""circle"",""x"":23,""y"":30},{""id"":""b"",""shape"":""square"",""x"":80,""y"":34},{""id"":""g"",""shape"":""triangle"",""x"":50,""y"":90}],""question"":""Which object is leftmost?""}","{""id"":""r""}",exact,1.0,0.85,deterministic,wrong_answer,all lower C levels for level certification,C-Standard,bound,True,required/pass for generated dev item,required before attributing concordant cross-tier failures,must report strongest-executor headroom,
C-C4-MULTI-04,C,C4,,multimodal_structured,4,static,C4 Multimodal Structured #4,Use the spatial object representation to answer the question.,"{""objects"":[{""id"":""r"",""shape"":""circle"",""x"":24,""y"":30},{""id"":""b"",""shape"":""square"",""x"":80,""y"":34},{""id"":""g"",""shape"":""triangle"",""x"":50,""y"":90}],""question"":""Which object is leftmost?""}","{""id"":""r""}",exact,1.0,0.85,deterministic,wrong_answer,all lower C levels for level certification,C-Standard,bound,True,required/pass for generated dev item,required before attributing concordant cross-tier failures,must report strongest-executor headroom,
C-C4-GUI_P-01,C,C4,GP4,gui_perception,1,static,C4 Gui Perception #1,Interpret the computer-screen image. Do not infer hidden state beyond visible evidence.,"{""image_file"":""gui_assets/C-C4-GUI_P-01.png"",""gp_level"":""GP4"",""questions"":{""text"":""What filename is shown?"",""element"":""What kind of control is labeled Submit?"",""grounding"":""Return Submit bounding box [x1,y1,x2,y2]."",""state"":""Is Submit enabled?"",""result_state"":""What status text is visible?""}}","{""filename"":""item-01.txt"",""submit_element_type"":""button"",""submit_bbox"":[420,125,580,165],""submit_enabled"":true,""status"":""Ready""}",component_fraction,1.0,0.85,bbox_iou_plus_exact_fields,ocr;text;element_type;grounding;state_interpretation,all lower C levels for level certification,C-Standard,bound,True,required/pass for generated dev item,required before attributing concordant cross-tier failures,must report strongest-executor headroom,"GP is a diagnostic subscale of C, not a C level: this is GP4 evidence and must not be read as C4 evidence. A previously unseen layout is legitimate static evidence for GP5; nothing static is evidence for C5."
C-C4-GUI_P-02,C,C4,GP4,gui_perception,2,static,C4 Gui Perception #2,Interpret the computer-screen image. Do not infer hidden state beyond visible evidence.,"{""image_file"":""gui_assets/C-C4-GUI_P-02.png"",""gp_level"":""GP4"",""questions"":{""text"":""What filename is shown?"",""element"":""What kind of control is labeled Submit?"",""grounding"":""Return Submit bounding box [x1,y1,x2,y2]."",""state"":""Is Submit enabled?"",""result_state"":""What status text is visible?""}}","{""filename"":""item-02.txt"",""submit_element_type"":""button"",""submit_bbox"":[420,125,580,165],""submit_enabled"":false,""status"":""ERROR: missing owner""}",component_fraction,1.0,0.85,bbox_iou_plus_exact_fields,ocr;text;element_type;grounding;state_interpretation,all lower C levels for level certification,C-Standard,bound,True,required/pass for generated dev item,required before attributing concordant cross-tier failures,must report strongest-executor headroom,"GP is a diagnostic subscale of C, not a C level: this is GP4 evidence and must not be read as C4 evidence. A previously unseen layout is legitimate static evidence for GP5; nothing static is evidence for C5."
C-C4-GUI_P-03,C,C4,GP4,gui_perception,3,static,C4 Gui Perception #3,Interpret the computer-screen image. Do not infer hidden state beyond visible evidence.,"{""image_file"":""gui_assets/C-C4-GUI_P-03.png"",""gp_level"":""GP4"",""questions"":{""text"":""What filename is shown?"",""element"":""What kind of control is labeled Submit?"",""grounding"":""Return Submit bounding box [x1,y1,x2,y2]."",""state"":""Is Submit enabled?"",""result_state"":""What status text is visible?""}}","{""filename"":""item-03.txt"",""submit_element_type"":""button"",""submit_bbox"":[420,125,580,165],""submit_enabled"":true,""status"":""Ready""}",component_fraction,1.0,0.85,bbox_iou_plus_exact_fields,ocr;text;element_type;grounding;state_interpretation,all lower C levels for level certification,C-Standard,bound,True,required/pass for generated dev item,required before attributing concordant cross-tier failures,must report strongest-executor headroom,"GP is a diagnostic subscale of C, not a C level: this is GP4 evidence and must not be read as C4 evidence. A previously unseen layout is legitimate static evidence for GP5; nothing static is evidence for C5."
C-C4-GUI_P-04,C,C4,GP4,gui_perception,4,static,C4 Gui Perception #4,Interpret the computer-screen image. Do not infer hidden state beyond visible evidence.,"{""image_file"":""gui_assets/C-C4-GUI_P-04.png"",""gp_level"":""GP4"",""questions"":{""text"":""What filename is shown?"",""element"":""What kind of control is labeled Submit?"",""grounding"":""Return Submit bounding box [x1,y1,x2,y2]."",""state"":""Is Submit enabled?"",""result_state"":""What status text is visible?""}}","{""filename"":""item-04.txt"",""submit_element_type"":""button"",""submit_bbox"":[420,125,580,165],""submit_enabled"":false,""status"":""ERROR: missing owner""}",component_fraction,1.0,0.85,bbox_iou_plus_exact_fields,ocr;text;element_type;grounding;state_interpretation,all lower C levels for level certification,C-Standard,bound,True,required/pass for generated dev item,required before attributing concordant cross-tier failures,must report strongest-executor headroom,"GP is a diagnostic subscale of C, not a C level: this is GP4 evidence and must not be read as C4 evidence. A previously unseen layout is legitimate static evidence for GP5; nothing static is evidence for C5."
C-C5-LOGIC-01,C,C5,,logical_reasoning,1,static,"C5 Logical Reasoning -- protocol, not a static item","Protocol item. C5 requires evidence that a fixed question cannot supply: a mechanism generated after the system was frozen, scored on prediction outside the range it was fitted on, or a longitudinal trial under sealed external evaluation.",,,protocol,1.0,0.7,sealed-longitudinal,wrong_answer,all lower C levels for level certification,C-Standard,specification-only,False,required/pass for generated dev item,required before attributing concordant cross-tier failures,must report strongest-executor headroom,"downgraded in v1.2: v1.1 filled this row by repeating a lower-level payload, which certified every level at once"
C-C5-LOGIC-02,C,C5,,logical_reasoning,2,static,"C5 Logical Reasoning -- protocol, not a static item","Protocol item. C5 requires evidence that a fixed question cannot supply: a mechanism generated after the system was frozen, scored on prediction outside the range it was fitted on, or a longitudinal trial under sealed external evaluation.",,,protocol,1.0,0.7,sealed-longitudinal,wrong_answer,all lower C levels for level certification,C-Standard,specification-only,False,required/pass for generated dev item,required before attributing concordant cross-tier failures,must report strongest-executor headroom,"downgraded in v1.2: v1.1 filled this row by repeating a lower-level payload, which certified every level at once"
C-C5-LOGIC-03,C,C5,,logical_reasoning,3,static,"C5 Logical Reasoning -- protocol, not a static item","Protocol item. C5 requires evidence that a fixed question cannot supply: a mechanism generated after the system was frozen, scored on prediction outside the range it was fitted on, or a longitudinal trial under sealed external evaluation.",,,protocol,1.0,0.7,sealed-longitudinal,wrong_answer,all lower C levels for level certification,C-Standard,specification-only,False,required/pass for generated dev item,required before attributing concordant cross-tier failures,must report strongest-executor headroom,"downgraded in v1.2: v1.1 filled this row by repeating a lower-level payload, which certified every level at once"
C-C5-LOGIC-04,C,C5,,logical_reasoning,4,static,"C5 Logical Reasoning -- protocol, not a static item","Protocol item. C5 requires evidence that a fixed question cannot supply: a mechanism generated after the system was frozen, scored on prediction outside the range it was fitted on, or a longitudinal trial under sealed external evaluation.",,,protocol,1.0,0.7,sealed-longitudinal,wrong_answer,all lower C levels for level certification,C-Standard,specification-only,False,required/pass for generated dev item,required before attributing concordant cross-tier failures,must report strongest-executor headroom,"downgraded in v1.2: v1.1 filled this row by repeating a lower-level payload, which certified every level at once"
C-C5-QUANT-01,C,C5,,quantitative_math,1,static,C5 Quantitative Math #1,Solve the equation exactly.,,,protocol,1.0,0.7,sealed-longitudinal,wrong_answer,all lower C levels for level certification,C-Standard,specification-only,False,required/pass for generated dev item,required before attributing concordant cross-tier failures,must report strongest-executor headroom,"downgraded in v1.2: a static exact-match item cannot supply evidence for a discovery or open-ended level, because the answer existing in advance is what those levels deny"
C-C5-QUANT-02,C,C5,,quantitative_math,2,static,C5 Quantitative Math #2,Solve the equation exactly.,,,protocol,1.0,0.7,sealed-longitudinal,wrong_answer,all lower C levels for level certification,C-Standard,specification-only,False,required/pass for generated dev item,required before attributing concordant cross-tier failures,must report strongest-executor headroom,"downgraded in v1.2: a static exact-match item cannot supply evidence for a discovery or open-ended level, because the answer existing in advance is what those levels deny"
C-C5-QUANT-03,C,C5,,quantitative_math,3,static,C5 Quantitative Math #3,Solve the equation exactly.,,,protocol,1.0,0.7,sealed-longitudinal,wrong_answer,all lower C levels for level certification,C-Standard,specification-only,False,required/pass for generated dev item,required before attributing concordant cross-tier failures,must report strongest-executor headroom,"downgraded in v1.2: a static exact-match item cannot supply evidence for a discovery or open-ended level, because the answer existing in advance is what those levels deny"
C-C5-QUANT-04,C,C5,,quantitative_math,4,static,C5 Quantitative Math #4,Solve the equation exactly.,,,protocol,1.0,0.7,sealed-longitudinal,wrong_answer,all lower C levels for level certification,C-Standard,specification-only,False,required/pass for generated dev item,required before attributing concordant cross-tier failures,must report strongest-executor headroom,"downgraded in v1.2: a static exact-match item cannot supply evidence for a discovery or open-ended level, because the answer existing in advance is what those levels deny"
C-C5-SCIEN-01,C,C5,,scientific_reasoning,1,static,C5 Scientific Reasoning #1,Choose the hypothesis best supported by the controlled observations.,,,protocol,1.0,0.7,sealed-longitudinal,wrong_answer,all lower C levels for level certification,C-Standard,specification-only,False,required/pass for generated dev item,required before attributing concordant cross-tier failures,must report strongest-executor headroom,"downgraded in v1.2: a static exact-match item cannot supply evidence for a discovery or open-ended level, because the answer existing in advance is what those levels deny"
C-C5-SCIEN-02,C,C5,,scientific_reasoning,2,static,C5 Scientific Reasoning #2,Choose the hypothesis best supported by the controlled observations.,,,protocol,1.0,0.7,sealed-longitudinal,wrong_answer,all lower C levels for level certification,C-Standard,specification-only,False,required/pass for generated dev item,required before attributing concordant cross-tier failures,must report strongest-executor headroom,"downgraded in v1.2: a static exact-match item cannot supply evidence for a discovery or open-ended level, because the answer existing in advance is what those levels deny"
C-C5-SCIEN-03,C,C5,,scientific_reasoning,3,static,C5 Scientific Reasoning #3,Choose the hypothesis best supported by the controlled observations.,,,protocol,1.0,0.7,sealed-longitudinal,wrong_answer,all lower C levels for level certification,C-Standard,specification-only,False,required/pass for generated dev item,required before attributing concordant cross-tier failures,must report strongest-executor headroom,"downgraded in v1.2: a static exact-match item cannot supply evidence for a discovery or open-ended level, because the answer existing in advance is what those levels deny"
C-C5-SCIEN-04,C,C5,,scientific_reasoning,4,static,C5 Scientific Reasoning #4,Choose the hypothesis best supported by the controlled observations.,,,protocol,1.0,0.7,sealed-longitudinal,wrong_answer,all lower C levels for level certification,C-Standard,specification-only,False,required/pass for generated dev item,required before attributing concordant cross-tier failures,must report strongest-executor headroom,"downgraded in v1.2: a static exact-match item cannot supply evidence for a discovery or open-ended level, because the answer existing in advance is what those levels deny"
C-C5-CAUSA-01,C,C5,,causal_reasoning,1,static,"C5 Causal Reasoning -- protocol, not a static item","Protocol item. C5 requires evidence that a fixed question cannot supply: a mechanism generated after the system was frozen, scored on prediction outside the range it was fitted on, or a longitudinal trial under sealed external evaluation.",,,protocol,1.0,0.7,sealed-longitudinal,wrong_answer,all lower C levels for level certification,C-Standard,specification-only,False,required/pass for generated dev item,required before attributing concordant cross-tier failures,must report strongest-executor headroom,"downgraded in v1.2: v1.1 filled this row by repeating a lower-level payload, which certified every level at once"
C-C5-CAUSA-02,C,C5,,causal_reasoning,2,static,"C5 Causal Reasoning -- protocol, not a static item","Protocol item. C5 requires evidence that a fixed question cannot supply: a mechanism generated after the system was frozen, scored on prediction outside the range it was fitted on, or a longitudinal trial under sealed external evaluation.",,,protocol,1.0,0.7,sealed-longitudinal,wrong_answer,all lower C levels for level certification,C-Standard,specification-only,False,required/pass for generated dev item,required before attributing concordant cross-tier failures,must report strongest-executor headroom,"downgraded in v1.2: v1.1 filled this row by repeating a lower-level payload, which certified every level at once"
C-C5-CAUSA-03,C,C5,,causal_reasoning,3,static,"C5 Causal Reasoning -- protocol, not a static item","Protocol item. C5 requires evidence that a fixed question cannot supply: a mechanism generated after the system was frozen, scored on prediction outside the range it was fitted on, or a longitudinal trial under sealed external evaluation.",,,protocol,1.0,0.7,sealed-longitudinal,wrong_answer,all lower C levels for level certification,C-Standard,specification-only,False,required/pass for generated dev item,required before attributing concordant cross-tier failures,must report strongest-executor headroom,"downgraded in v1.2: v1.1 filled this row by repeating a lower-level payload, which certified every level at once"
C-C5-CAUSA-04,C,C5,,causal_reasoning,4,static,"C5 Causal Reasoning -- protocol, not a static item","Protocol item. C5 requires evidence that a fixed question cannot supply: a mechanism generated after the system was frozen, scored on prediction outside the range it was fitted on, or a longitudinal trial under sealed external evaluation.",,,protocol,1.0,0.7,sealed-longitudinal,wrong_answer,all lower C levels for level certification,C-Standard,specification-only,False,required/pass for generated dev item,required before attributing concordant cross-tier failures,must report strongest-executor headroom,"downgraded in v1.2: v1.1 filled this row by repeating a lower-level payload, which certified every level at once"
C-C5-CODIN-01,C,C5,,coding_reasoning,1,static,C5 Coding Reasoning #1,Produce the exact requested output.,,,protocol,1.0,0.7,sealed-longitudinal,wrong_answer,all lower C levels for level certification,C-Standard,specification-only,False,required/pass for generated dev item,required before attributing concordant cross-tier failures,must report strongest-executor headroom,"downgraded in v1.2: a static exact-match item cannot supply evidence for a discovery or open-ended level, because the answer existing in advance is what those levels deny"
C-C5-CODIN-02,C,C5,,coding_reasoning,2,static,C5 Coding Reasoning #2,Produce the exact requested output.,,,protocol,1.0,0.7,sealed-longitudinal,wrong_answer,all lower C levels for level certification,C-Standard,specification-only,False,required/pass for generated dev item,required before attributing concordant cross-tier failures,must report strongest-executor headroom,"downgraded in v1.2: a static exact-match item cannot supply evidence for a discovery or open-ended level, because the answer existing in advance is what those levels deny"
C-C5-CODIN-03,C,C5,,coding_reasoning,3,static,C5 Coding Reasoning #3,Produce the exact requested output.,,,protocol,1.0,0.7,sealed-longitudinal,wrong_answer,all lower C levels for level certification,C-Standard,specification-only,False,required/pass for generated dev item,required before attributing concordant cross-tier failures,must report strongest-executor headroom,"downgraded in v1.2: a static exact-match item cannot supply evidence for a discovery or open-ended level, because the answer existing in advance is what those levels deny"
C-C5-CODIN-04,C,C5,,coding_reasoning,4,static,C5 Coding Reasoning #4,Produce the exact requested output.,,,protocol,1.0,0.7,sealed-longitudinal,wrong_answer,all lower C levels for level certification,C-Standard,specification-only,False,required/pass for generated dev item,required before attributing concordant cross-tier failures,must report strongest-executor headroom,"downgraded in v1.2: a static exact-match item cannot supply evidence for a discovery or open-ended level, because the answer existing in advance is what those levels deny"
C-C5-ABSTR-01,C,C5,,abstract_rule_induction,1,procedural_generated,"C5 Abstract Rule Induction -- protocol, not a static item","Protocol item. C5 requires evidence that a fixed question cannot supply: a mechanism generated after the system was frozen, scored on prediction outside the range it was fitted on, or a longitudinal trial under sealed external evaluation.",,,protocol,1.0,0.7,sealed-longitudinal,wrong_answer,all lower C levels for level certification,C-Standard,specification-only,False,required/pass for generated dev item,required before attributing concordant cross-tier failures,must report strongest-executor headroom,"downgraded in v1.2: v1.1 filled this row by repeating a lower-level payload, which certified every level at once"
C-C5-ABSTR-02,C,C5,,abstract_rule_induction,2,procedural_generated,"C5 Abstract Rule Induction -- protocol, not a static item","Protocol item. C5 requires evidence that a fixed question cannot supply: a mechanism generated after the system was frozen, scored on prediction outside the range it was fitted on, or a longitudinal trial under sealed external evaluation.",,,protocol,1.0,0.7,sealed-longitudinal,wrong_answer,all lower C levels for level certification,C-Standard,specification-only,False,required/pass for generated dev item,required before attributing concordant cross-tier failures,must report strongest-executor headroom,"downgraded in v1.2: v1.1 filled this row by repeating a lower-level payload, which certified every level at once"
C-C5-ABSTR-03,C,C5,,abstract_rule_induction,3,procedural_generated,"C5 Abstract Rule Induction -- protocol, not a static item","Protocol item. C5 requires evidence that a fixed question cannot supply: a mechanism generated after the system was frozen, scored on prediction outside the range it was fitted on, or a longitudinal trial under sealed external evaluation.",,,protocol,1.0,0.7,sealed-longitudinal,wrong_answer,all lower C levels for level certification,C-Standard,specification-only,False,required/pass for generated dev item,required before attributing concordant cross-tier failures,must report strongest-executor headroom,"downgraded in v1.2: v1.1 filled this row by repeating a lower-level payload, which certified every level at once"
C-C5-ABSTR-04,C,C5,,abstract_rule_induction,4,procedural_generated,"C5 Abstract Rule Induction -- protocol, not a static item","Protocol item. C5 requires evidence that a fixed question cannot supply: a mechanism generated after the system was frozen, scored on prediction outside the range it was fitted on, or a longitudinal trial under sealed external evaluation.",,,protocol,1.0,0.7,sealed-longitudinal,wrong_answer,all lower C levels for level certification,C-Standard,specification-only,False,required/pass for generated dev item,required before attributing concordant cross-tier failures,must report strongest-executor headroom,"downgraded in v1.2: v1.1 filled this row by repeating a lower-level payload, which certified every level at once"
C-C5-FACTU-01,C,C5,,factuality_calibration,1,static,"C5 Factuality Calibration -- protocol, not a static item","Protocol item. C5 requires evidence that a fixed question cannot supply: a mechanism generated after the system was frozen, scored on prediction outside the range it was fitted on, or a longitudinal trial under sealed external evaluation.",,,protocol,1.0,0.7,sealed-longitudinal,wrong_answer,all lower C levels for level certification,C-Standard,specification-only,False,required/pass for generated dev item,required before attributing concordant cross-tier failures,must report strongest-executor headroom,"downgraded in v1.2: v1.1 filled this row by repeating a lower-level payload, which certified every level at once"
C-C5-FACTU-02,C,C5,,factuality_calibration,2,static,"C5 Factuality Calibration -- protocol, not a static item","Protocol item. C5 requires evidence that a fixed question cannot supply: a mechanism generated after the system was frozen, scored on prediction outside the range it was fitted on, or a longitudinal trial under sealed external evaluation.",,,protocol,1.0,0.7,sealed-longitudinal,wrong_answer,all lower C levels for level certification,C-Standard,specification-only,False,required/pass for generated dev item,required before attributing concordant cross-tier failures,must report strongest-executor headroom,"downgraded in v1.2: v1.1 filled this row by repeating a lower-level payload, which certified every level at once"
C-C5-FACTU-03,C,C5,,factuality_calibration,3,static,"C5 Factuality Calibration -- protocol, not a static item","Protocol item. C5 requires evidence that a fixed question cannot supply: a mechanism generated after the system was frozen, scored on prediction outside the range it was fitted on, or a longitudinal trial under sealed external evaluation.",,,protocol,1.0,0.7,sealed-longitudinal,wrong_answer,all lower C levels for level certification,C-Standard,specification-only,False,required/pass for generated dev item,required before attributing concordant cross-tier failures,must report strongest-executor headroom,"downgraded in v1.2: v1.1 filled this row by repeating a lower-level payload, which certified every level at once"
C-C5-FACTU-04,C,C5,,factuality_calibration,4,static,"C5 Factuality Calibration -- protocol, not a static item","Protocol item. C5 requires evidence that a fixed question cannot supply: a mechanism generated after the system was frozen, scored on prediction outside the range it was fitted on, or a longitudinal trial under sealed external evaluation.",,,protocol,1.0,0.7,sealed-longitudinal,wrong_answer,all lower C levels for level certification,C-Standard,specification-only,False,required/pass for generated dev item,required before attributing concordant cross-tier failures,must report strongest-executor headroom,"downgraded in v1.2: v1.1 filled this row by repeating a lower-level payload, which certified every level at once"
C-C5-LONG_-01,C,C5,,long_context,1,static,C5 Long Context #1,Retrieve the value for query_id from the supplied record set.,,,protocol,1.0,0.7,sealed-longitudinal,wrong_answer,all lower C levels for level certification,C-Standard,specification-only,False,required/pass for generated dev item,required before attributing concordant cross-tier failures,must report strongest-executor headroom,"downgraded in v1.2: a static exact-match item cannot supply evidence for a discovery or open-ended level, because the answer existing in advance is what those levels deny"
C-C5-LONG_-02,C,C5,,long_context,2,static,C5 Long Context #2,Retrieve the value for query_id from the supplied record set.,,,protocol,1.0,0.7,sealed-longitudinal,wrong_answer,all lower C levels for level certification,C-Standard,specification-only,False,required/pass for generated dev item,required before attributing concordant cross-tier failures,must report strongest-executor headroom,"downgraded in v1.2: a static exact-match item cannot supply evidence for a discovery or open-ended level, because the answer existing in advance is what those levels deny"
C-C5-LONG_-03,C,C5,,long_context,3,static,C5 Long Context #3,Retrieve the value for query_id from the supplied record set.,,,protocol,1.0,0.7,sealed-longitudinal,wrong_answer,all lower C levels for level certification,C-Standard,specification-only,False,required/pass for generated dev item,required before attributing concordant cross-tier failures,must report strongest-executor headroom,"downgraded in v1.2: a static exact-match item cannot supply evidence for a discovery or open-ended level, because the answer existing in advance is what those levels deny"
C-C5-LONG_-04,C,C5,,long_context,4,static,C5 Long Context #4,Retrieve the value for query_id from the supplied record set.,,,protocol,1.0,0.7,sealed-longitudinal,wrong_answer,all lower C levels for level certification,C-Standard,specification-only,False,required/pass for generated dev item,required before attributing concordant cross-tier failures,must report strongest-executor headroom,"downgraded in v1.2: a static exact-match item cannot supply evidence for a discovery or open-ended level, because the answer existing in advance is what those levels deny"
C-C5-MULTI-01,C,C5,,multimodal_structured,1,static,C5 Multimodal Structured #1,Use the spatial object representation to answer the question.,,,protocol,1.0,0.7,sealed-longitudinal,wrong_answer,all lower C levels for level certification,C-Standard,specification-only,False,required/pass for generated dev item,required before attributing concordant cross-tier failures,must report strongest-executor headroom,"downgraded in v1.2: a static exact-match item cannot supply evidence for a discovery or open-ended level, because the answer existing in advance is what those levels deny"
C-C5-MULTI-02,C,C5,,multimodal_structured,2,static,C5 Multimodal Structured #2,Use the spatial object representation to answer the question.,,,protocol,1.0,0.7,sealed-longitudinal,wrong_answer,all lower C levels for level certification,C-Standard,specification-only,False,required/pass for generated dev item,required before attributing concordant cross-tier failures,must report strongest-executor headroom,"downgraded in v1.2: a static exact-match item cannot supply evidence for a discovery or open-ended level, because the answer existing in advance is what those levels deny"
C-C5-MULTI-03,C,C5,,multimodal_structured,3,static,C5 Multimodal Structured #3,Use the spatial object representation to answer the question.,,,protocol,1.0,0.7,sealed-longitudinal,wrong_answer,all lower C levels for level certification,C-Standard,specification-only,False,required/pass for generated dev item,required before attributing concordant cross-tier failures,must report strongest-executor headroom,"downgraded in v1.2: a static exact-match item cannot supply evidence for a discovery or open-ended level, because the answer existing in advance is what those levels deny"
C-C5-MULTI-04,C,C5,,multimodal_structured,4,static,C5 Multimodal Structured #4,Use the spatial object representation to answer the question.,,,protocol,1.0,0.7,sealed-longitudinal,wrong_answer,all lower C levels for level certification,C-Standard,specification-only,False,required/pass for generated dev item,required before attributing concordant cross-tier failures,must report strongest-executor headroom,"downgraded in v1.2: a static exact-match item cannot supply evidence for a discovery or open-ended level, because the answer existing in advance is what those levels deny"
C-C5-GUI_P-01,C,C5,GP5,gui_perception,1,static,C5 Gui Perception #1,Interpret the computer-screen image. Do not infer hidden state beyond visible evidence.,"{""image_file"":""gui_assets/C-C5-GUI_P-01.png"",""gp_level"":""GP5"",""questions"":{""text"":""What filename is shown?"",""element"":""What kind of control is labeled Submit?"",""grounding"":""Return Submit bounding box [x1,y1,x2,y2]."",""state"":""Is Submit enabled?"",""result_state"":""What status text is visible?""}}","{""filename"":""item-01.txt"",""submit_element_type"":""button"",""submit_bbox"":[420,125,580,165],""submit_enabled"":true,""status"":""Ready""}",component_fraction,1.0,0.7,bbox_iou_plus_exact_fields,ocr;text;element_type;grounding;state_interpretation,all lower C levels for level certification,C-Standard,bound,False,required/pass for generated dev item,required before attributing concordant cross-tier failures,must report strongest-executor headroom,"GP is a diagnostic subscale of C, not a C level: this is GP5 evidence and must not be read as C5 evidence. A previously unseen layout is legitimate static evidence for GP5; nothing static is evidence for C5."
C-C5-GUI_P-02,C,C5,GP5,gui_perception,2,static,C5 Gui Perception #2,Interpret the computer-screen image. Do not infer hidden state beyond visible evidence.,"{""image_file"":""gui_assets/C-C5-GUI_P-02.png"",""gp_level"":""GP5"",""questions"":{""text"":""What filename is shown?"",""element"":""What kind of control is labeled Submit?"",""grounding"":""Return Submit bounding box [x1,y1,x2,y2]."",""state"":""Is Submit enabled?"",""result_state"":""What status text is visible?""}}","{""filename"":""item-02.txt"",""submit_element_type"":""button"",""submit_bbox"":[420,125,580,165],""submit_enabled"":false,""status"":""ERROR: missing owner""}",component_fraction,1.0,0.7,bbox_iou_plus_exact_fields,ocr;text;element_type;grounding;state_interpretation,all lower C levels for level certification,C-Standard,bound,False,required/pass for generated dev item,required before attributing concordant cross-tier failures,must report strongest-executor headroom,"GP is a diagnostic subscale of C, not a C level: this is GP5 evidence and must not be read as C5 evidence. A previously unseen layout is legitimate static evidence for GP5; nothing static is evidence for C5."
C-C5-GUI_P-03,C,C5,GP5,gui_perception,3,static,C5 Gui Perception #3,Interpret the computer-screen image. Do not infer hidden state beyond visible evidence.,"{""image_file"":""gui_assets/C-C5-GUI_P-03.png"",""gp_level"":""GP5"",""questions"":{""text"":""What filename is shown?"",""element"":""What kind of control is labeled Submit?"",""grounding"":""Return Submit bounding box [x1,y1,x2,y2]."",""state"":""Is Submit enabled?"",""result_state"":""What status text is visible?""}}","{""filename"":""item-03.txt"",""submit_element_type"":""button"",""submit_bbox"":[420,125,580,165],""submit_enabled"":true,""status"":""Ready""}",component_fraction,1.0,0.7,bbox_iou_plus_exact_fields,ocr;text;element_type;grounding;state_interpretation,all lower C levels for level certification,C-Standard,bound,False,required/pass for generated dev item,required before attributing concordant cross-tier failures,must report strongest-executor headroom,"GP is a diagnostic subscale of C, not a C level: this is GP5 evidence and must not be read as C5 evidence. A previously unseen layout is legitimate static evidence for GP5; nothing static is evidence for C5."
C-C5-GUI_P-04,C,C5,GP5,gui_perception,4,static,C5 Gui Perception #4,Interpret the computer-screen image. Do not infer hidden state beyond visible evidence.,"{""image_file"":""gui_assets/C-C5-GUI_P-04.png"",""gp_level"":""GP5"",""questions"":{""text"":""What filename is shown?"",""element"":""What kind of control is labeled Submit?"",""grounding"":""Return Submit bounding box [x1,y1,x2,y2]."",""state"":""Is Submit enabled?"",""result_state"":""What status text is visible?""}}","{""filename"":""item-04.txt"",""submit_element_type"":""button"",""submit_bbox"":[420,125,580,165],""submit_enabled"":false,""status"":""ERROR: missing owner""}",component_fraction,1.0,0.7,bbox_iou_plus_exact_fields,ocr;text;element_type;grounding;state_interpretation,all lower C levels for level certification,C-Standard,bound,False,required/pass for generated dev item,required before attributing concordant cross-tier failures,must report strongest-executor headroom,"GP is a diagnostic subscale of C, not a C level: this is GP5 evidence and must not be read as C5 evidence. A previously unseen layout is legitimate static evidence for GP5; nothing static is evidence for C5."
C-C6-LOGIC-01,C,C6,,logical_reasoning,1,protocol,"C6 Logical Reasoning -- protocol, not a static item","Protocol item. C6 requires evidence that a fixed question cannot supply: a mechanism generated after the system was frozen, scored on prediction outside the range it was fitted on, or a longitudinal trial under sealed external evaluation.",,,protocol,1.0,0.7,sealed-longitudinal,wrong_answer,all lower C levels for level certification,C-Standard,specification-only,False,required/pass for generated dev item,required before attributing concordant cross-tier failures,must report strongest-executor headroom,"downgraded in v1.2: v1.1 filled this row by repeating a lower-level payload, which certified every level at once"
C-C6-LOGIC-02,C,C6,,logical_reasoning,2,protocol,"C6 Logical Reasoning -- protocol, not a static item","Protocol item. C6 requires evidence that a fixed question cannot supply: a mechanism generated after the system was frozen, scored on prediction outside the range it was fitted on, or a longitudinal trial under sealed external evaluation.",,,protocol,1.0,0.7,sealed-longitudinal,wrong_answer,all lower C levels for level certification,C-Standard,specification-only,False,required/pass for generated dev item,required before attributing concordant cross-tier failures,must report strongest-executor headroom,"downgraded in v1.2: v1.1 filled this row by repeating a lower-level payload, which certified every level at once"
C-C6-LOGIC-03,C,C6,,logical_reasoning,3,protocol,"C6 Logical Reasoning -- protocol, not a static item","Protocol item. C6 requires evidence that a fixed question cannot supply: a mechanism generated after the system was frozen, scored on prediction outside the range it was fitted on, or a longitudinal trial under sealed external evaluation.",,,protocol,1.0,0.7,sealed-longitudinal,wrong_answer,all lower C levels for level certification,C-Standard,specification-only,False,required/pass for generated dev item,required before attributing concordant cross-tier failures,must report strongest-executor headroom,"downgraded in v1.2: v1.1 filled this row by repeating a lower-level payload, which certified every level at once"
C-C6-LOGIC-04,C,C6,,logical_reasoning,4,protocol,"C6 Logical Reasoning -- protocol, not a static item","Protocol item. C6 requires evidence that a fixed question cannot supply: a mechanism generated after the system was frozen, scored on prediction outside the range it was fitted on, or a longitudinal trial under sealed external evaluation.",,,protocol,1.0,0.7,sealed-longitudinal,wrong_answer,all lower C levels for level certification,C-Standard,specification-only,False,required/pass for generated dev item,required before attributing concordant cross-tier failures,must report strongest-executor headroom,"downgraded in v1.2: v1.1 filled this row by repeating a lower-level payload, which certified every level at once"
C-C6-QUANT-01,C,C6,,quantitative_math,1,protocol,C6 Quantitative Math #1,Solve the equation exactly.,"{""equation"":""8*x + 7 = 87""}","{""x"":10}",exact,1.0,0.7,deterministic,wrong_answer,all lower C levels for level certification,C-Standard,specification-only,False,required/pass for generated dev item,required before attributing concordant cross-tier failures,must report strongest-executor headroom,C6/CΩ require cross-domain/frontier-generalization protocols and cannot be certified by a finite static item alone.
C-C6-QUANT-02,C,C6,,quantitative_math,2,protocol,C6 Quantitative Math #2,Solve the equation exactly.,"{""equation"":""8*x + 7 = 95""}","{""x"":11}",exact,1.0,0.7,deterministic,wrong_answer,all lower C levels for level certification,C-Standard,specification-only,False,required/pass for generated dev item,required before attributing concordant cross-tier failures,must report strongest-executor headroom,C6/CΩ require cross-domain/frontier-generalization protocols and cannot be certified by a finite static item alone.
C-C6-QUANT-03,C,C6,,quantitative_math,3,protocol,C6 Quantitative Math #3,Solve the equation exactly.,"{""equation"":""8*x + 7 = 103""}","{""x"":12}",exact,1.0,0.7,deterministic,wrong_answer,all lower C levels for level certification,C-Standard,specification-only,False,required/pass for generated dev item,required before attributing concordant cross-tier failures,must report strongest-executor headroom,C6/CΩ require cross-domain/frontier-generalization protocols and cannot be certified by a finite static item alone.
C-C6-QUANT-04,C,C6,,quantitative_math,4,protocol,C6 Quantitative Math #4,Solve the equation exactly.,"{""equation"":""8*x + 7 = 111""}","{""x"":13}",exact,1.0,0.7,deterministic,wrong_answer,all lower C levels for level certification,C-Standard,specification-only,False,required/pass for generated dev item,required before attributing concordant cross-tier failures,must report strongest-executor headroom,C6/CΩ require cross-domain/frontier-generalization protocols and cannot be certified by a finite static item alone.
C-C6-SCIEN-01,C,C6,,scientific_reasoning,1,protocol,C6 Scientific Reasoning #1,Choose the hypothesis best supported by the controlled observations.,"{""observations"":[{""condition"":""control"",""value"":11},{""condition"":""treatment"",""value"":22},{""condition"":""treatment_plus_blocker"",""value"":13}],""hypotheses"":[""treatment increases outcome through blocker-sensitive pathway"",""treatment has no effect""]}","{""best_hypothesis"":0}",exact,1.0,0.7,deterministic,wrong_answer,all lower C levels for level certification,C-Standard,specification-only,False,required/pass for generated dev item,required before attributing concordant cross-tier failures,must report strongest-executor headroom,C6/CΩ require cross-domain/frontier-generalization protocols and cannot be certified by a finite static item alone.
C-C6-SCIEN-02,C,C6,,scientific_reasoning,2,protocol,C6 Scientific Reasoning #2,Choose the hypothesis best supported by the controlled observations.,"{""observations"":[{""condition"":""control"",""value"":12},{""condition"":""treatment"",""value"":23},{""condition"":""treatment_plus_blocker"",""value"":14}],""hypotheses"":[""treatment increases outcome through blocker-sensitive pathway"",""treatment has no effect""]}","{""best_hypothesis"":0}",exact,1.0,0.7,deterministic,wrong_answer,all lower C levels for level certification,C-Standard,specification-only,False,required/pass for generated dev item,required before attributing concordant cross-tier failures,must report strongest-executor headroom,C6/CΩ require cross-domain/frontier-generalization protocols and cannot be certified by a finite static item alone.
C-C6-SCIEN-03,C,C6,,scientific_reasoning,3,protocol,C6 Scientific Reasoning #3,Choose the hypothesis best supported by the controlled observations.,"{""observations"":[{""condition"":""control"",""value"":13},{""condition"":""treatment"",""value"":24},{""condition"":""treatment_plus_blocker"",""value"":15}],""hypotheses"":[""treatment increases outcome through blocker-sensitive pathway"",""treatment has no effect""]}","{""best_hypothesis"":0}",exact,1.0,0.7,deterministic,wrong_answer,all lower C levels for level certification,C-Standard,specification-only,False,required/pass for generated dev item,required before attributing concordant cross-tier failures,must report strongest-executor headroom,C6/CΩ require cross-domain/frontier-generalization protocols and cannot be certified by a finite static item alone.
C-C6-SCIEN-04,C,C6,,scientific_reasoning,4,protocol,C6 Scientific Reasoning #4,Choose the hypothesis best supported by the controlled observations.,"{""observations"":[{""condition"":""control"",""value"":14},{""condition"":""treatment"",""value"":25},{""condition"":""treatment_plus_blocker"",""value"":16}],""hypotheses"":[""treatment increases outcome through blocker-sensitive pathway"",""treatment has no effect""]}","{""best_hypothesis"":0}",exact,1.0,0.7,deterministic,wrong_answer,all lower C levels for level certification,C-Standard,specification-only,False,required/pass for generated dev item,required before attributing concordant cross-tier failures,must report strongest-executor headroom,C6/CΩ require cross-domain/frontier-generalization protocols and cannot be certified by a finite static item alone.
C-C6-CAUSA-01,C,C6,,causal_reasoning,1,protocol,"C6 Causal Reasoning -- protocol, not a static item","Protocol item. C6 requires evidence that a fixed question cannot supply: a mechanism generated after the system was frozen, scored on prediction outside the range it was fitted on, or a longitudinal trial under sealed external evaluation.",,,protocol,1.0,0.7,sealed-longitudinal,wrong_answer,all lower C levels for level certification,C-Standard,specification-only,False,required/pass for generated dev item,required before attributing concordant cross-tier failures,must report strongest-executor headroom,"downgraded in v1.2: v1.1 filled this row by repeating a lower-level payload, which certified every level at once"
C-C6-CAUSA-02,C,C6,,causal_reasoning,2,protocol,"C6 Causal Reasoning -- protocol, not a static item","Protocol item. C6 requires evidence that a fixed question cannot supply: a mechanism generated after the system was frozen, scored on prediction outside the range it was fitted on, or a longitudinal trial under sealed external evaluation.",,,protocol,1.0,0.7,sealed-longitudinal,wrong_answer,all lower C levels for level certification,C-Standard,specification-only,False,required/pass for generated dev item,required before attributing concordant cross-tier failures,must report strongest-executor headroom,"downgraded in v1.2: v1.1 filled this row by repeating a lower-level payload, which certified every level at once"
C-C6-CAUSA-03,C,C6,,causal_reasoning,3,protocol,"C6 Causal Reasoning -- protocol, not a static item","Protocol item. C6 requires evidence that a fixed question cannot supply: a mechanism generated after the system was frozen, scored on prediction outside the range it was fitted on, or a longitudinal trial under sealed external evaluation.",,,protocol,1.0,0.7,sealed-longitudinal,wrong_answer,all lower C levels for level certification,C-Standard,specification-only,False,required/pass for generated dev item,required before attributing concordant cross-tier failures,must report strongest-executor headroom,"downgraded in v1.2: v1.1 filled this row by repeating a lower-level payload, which certified every level at once"
C-C6-CAUSA-04,C,C6,,causal_reasoning,4,protocol,"C6 Causal Reasoning -- protocol, not a static item","Protocol item. C6 requires evidence that a fixed question cannot supply: a mechanism generated after the system was frozen, scored on prediction outside the range it was fitted on, or a longitudinal trial under sealed external evaluation.",,,protocol,1.0,0.7,sealed-longitudinal,wrong_answer,all lower C levels for level certification,C-Standard,specification-only,False,required/pass for generated dev item,required before attributing concordant cross-tier failures,must report strongest-executor headroom,"downgraded in v1.2: v1.1 filled this row by repeating a lower-level payload, which certified every level at once"
C-C6-CODIN-01,C,C6,,coding_reasoning,1,protocol,C6 Coding Reasoning #1,Produce the exact requested output.,"{""language"":""python"",""task"":""Return sorted unique values descending."",""values"":[4,7,6,2,13]}","{""result"":[13,7,6,4,2]}",exact,1.0,0.7,deterministic,wrong_answer,all lower C levels for level certification,C-Standard,specification-only,False,required/pass for generated dev item,required before attributing concordant cross-tier failures,must report strongest-executor headroom,C6/CΩ require cross-domain/frontier-generalization protocols and cannot be certified by a finite static item alone.
C-C6-CODIN-02,C,C6,,coding_reasoning,2,protocol,C6 Coding Reasoning #2,Produce the exact requested output.,"{""language"":""python"",""task"":""Return sorted unique values descending."",""values"":[5,7,7,2,13]}","{""result"":[13,7,5,2]}",exact,1.0,0.7,deterministic,wrong_answer,all lower C levels for level certification,C-Standard,specification-only,False,required/pass for generated dev item,required before attributing concordant cross-tier failures,must report strongest-executor headroom,C6/CΩ require cross-domain/frontier-generalization protocols and cannot be certified by a finite static item alone.
C-C6-CODIN-03,C,C6,,coding_reasoning,3,protocol,C6 Coding Reasoning #3,Produce the exact requested output.,"{""language"":""python"",""task"":""Return sorted unique values descending."",""values"":[6,7,8,2,13]}","{""result"":[13,8,7,6,2]}",exact,1.0,0.7,deterministic,wrong_answer,all lower C levels for level certification,C-Standard,specification-only,False,required/pass for generated dev item,required before attributing concordant cross-tier failures,must report strongest-executor headroom,C6/CΩ require cross-domain/frontier-generalization protocols and cannot be certified by a finite static item alone.
C-C6-CODIN-04,C,C6,,coding_reasoning,4,protocol,C6 Coding Reasoning #4,Produce the exact requested output.,"{""language"":""python"",""task"":""Return sorted unique values descending."",""values"":[7,7,9,2,13]}","{""result"":[13,9,7,2]}",exact,1.0,0.7,deterministic,wrong_answer,all lower C levels for level certification,C-Standard,specification-only,False,required/pass for generated dev item,required before attributing concordant cross-tier failures,must report strongest-executor headroom,C6/CΩ require cross-domain/frontier-generalization protocols and cannot be certified by a finite static item alone.
C-C6-ABSTR-01,C,C6,,abstract_rule_induction,1,procedural_generated,"C6 Abstract Rule Induction -- protocol, not a static item","Protocol item. C6 requires evidence that a fixed question cannot supply: a mechanism generated after the system was frozen, scored on prediction outside the range it was fitted on, or a longitudinal trial under sealed external evaluation.",,,protocol,1.0,0.7,sealed-longitudinal,wrong_answer,all lower C levels for level certification,C-Standard,specification-only,False,required/pass for generated dev item,required before attributing concordant cross-tier failures,must report strongest-executor headroom,"downgraded in v1.2: v1.1 filled this row by repeating a lower-level payload, which certified every level at once"
C-C6-ABSTR-02,C,C6,,abstract_rule_induction,2,procedural_generated,"C6 Abstract Rule Induction -- protocol, not a static item","Protocol item. C6 requires evidence that a fixed question cannot supply: a mechanism generated after the system was frozen, scored on prediction outside the range it was fitted on, or a longitudinal trial under sealed external evaluation.",,,protocol,1.0,0.7,sealed-longitudinal,wrong_answer,all lower C levels for level certification,C-Standard,specification-only,False,required/pass for generated dev item,required before attributing concordant cross-tier failures,must report strongest-executor headroom,"downgraded in v1.2: v1.1 filled this row by repeating a lower-level payload, which certified every level at once"
C-C6-ABSTR-03,C,C6,,abstract_rule_induction,3,procedural_generated,"C6 Abstract Rule Induction -- protocol, not a static item","Protocol item. C6 requires evidence that a fixed question cannot supply: a mechanism generated after the system was frozen, scored on prediction outside the range it was fitted on, or a longitudinal trial under sealed external evaluation.",,,protocol,1.0,0.7,sealed-longitudinal,wrong_answer,all lower C levels for level certification,C-Standard,specification-only,False,required/pass for generated dev item,required before attributing concordant cross-tier failures,must report strongest-executor headroom,"downgraded in v1.2: v1.1 filled this row by repeating a lower-level payload, which certified every level at once"
C-C6-ABSTR-04,C,C6,,abstract_rule_induction,4,procedural_generated,"C6 Abstract Rule Induction -- protocol, not a static item","Protocol item. C6 requires evidence that a fixed question cannot supply: a mechanism generated after the system was frozen, scored on prediction outside the range it was fitted on, or a longitudinal trial under sealed external evaluation.",,,protocol,1.0,0.7,sealed-longitudinal,wrong_answer,all lower C levels for level certification,C-Standard,specification-only,False,required/pass for generated dev item,required before attributing concordant cross-tier failures,must report strongest-executor headroom,"downgraded in v1.2: v1.1 filled this row by repeating a lower-level payload, which certified every level at once"
C-C6-FACTU-01,C,C6,,factuality_calibration,1,protocol,"C6 Factuality Calibration -- protocol, not a static item","Protocol item. C6 requires evidence that a fixed question cannot supply: a mechanism generated after the system was frozen, scored on prediction outside the range it was fitted on, or a longitudinal trial under sealed external evaluation.",,,protocol,1.0,0.7,sealed-longitudinal,wrong_answer,all lower C levels for level certification,C-Standard,specification-only,False,required/pass for generated dev item,required before attributing concordant cross-tier failures,must report strongest-executor headroom,"downgraded in v1.2: v1.1 filled this row by repeating a lower-level payload, which certified every level at once"
C-C6-FACTU-02,C,C6,,factuality_calibration,2,protocol,"C6 Factuality Calibration -- protocol, not a static item","Protocol item. C6 requires evidence that a fixed question cannot supply: a mechanism generated after the system was frozen, scored on prediction outside the range it was fitted on, or a longitudinal trial under sealed external evaluation.",,,protocol,1.0,0.7,sealed-longitudinal,wrong_answer,all lower C levels for level certification,C-Standard,specification-only,False,required/pass for generated dev item,required before attributing concordant cross-tier failures,must report strongest-executor headroom,"downgraded in v1.2: v1.1 filled this row by repeating a lower-level payload, which certified every level at once"
C-C6-FACTU-03,C,C6,,factuality_calibration,3,protocol,"C6 Factuality Calibration -- protocol, not a static item","Protocol item. C6 requires evidence that a fixed question cannot supply: a mechanism generated after the system was frozen, scored on prediction outside the range it was fitted on, or a longitudinal trial under sealed external evaluation.",,,protocol,1.0,0.7,sealed-longitudinal,wrong_answer,all lower C levels for level certification,C-Standard,specification-only,False,required/pass for generated dev item,required before attributing concordant cross-tier failures,must report strongest-executor headroom,"downgraded in v1.2: v1.1 filled this row by repeating a lower-level payload, which certified every level at once"
C-C6-FACTU-04,C,C6,,factuality_calibration,4,protocol,"C6 Factuality Calibration -- protocol, not a static item","Protocol item. C6 requires evidence that a fixed question cannot supply: a mechanism generated after the system was frozen, scored on prediction outside the range it was fitted on, or a longitudinal trial under sealed external evaluation.",,,protocol,1.0,0.7,sealed-longitudinal,wrong_answer,all lower C levels for level certification,C-Standard,specification-only,False,required/pass for generated dev item,required before attributing concordant cross-tier failures,must report strongest-executor headroom,"downgraded in v1.2: v1.1 filled this row by repeating a lower-level payload, which certified every level at once"
C-C6-LONG_-01,C,C6,,long_context,1,protocol,C6 Long Context #1,Retrieve the value for query_id from the supplied record set.,"{""records"":[{""id"":0,""value"":3},{""id"":1,""value"":10},{""id"":2,""value"":17},{""id"":3,""value"":24},{""id"":4,""value"":31},{""id"":5,""value"":38},{""id"":6,""value"":45},{""id"":7,""value"":52},{""id"":8,""value"":59},{""id"":9,""value"":66},{""id"":10,""value"":73},{""id"":11,""value"":80},{""id"":12,""value"":87},{""id"":13,""value"":94},{""id"":14,""value"":0},{""id"":15,""value"":7},{""id"":16,""value"":14},{""id"":17,""value"":21},{""id"":18,""value"":28},{""id"":19,""value"":35},{""id"":20,""value"":42},{""id"":21,""value"":49},{""id"":22,""value"":56},{""id"":23,""value"":63},{""id"":24,""value"":70},{""id"":25,""value"":77},{""id"":26,""value"":84},{""id"":27,""value"":91},{""id"":28,""value"":98},{""id"":29,""value"":4},{""id"":30,""value"":11},{""id"":31,""value"":18},{""id"":32,""value"":25},{""id"":33,""value"":32},{""id"":34,""value"":39},{""id"":35,""value"":46},{""id"":36,""value"":53},{""id"":37,""value"":60},{""id"":38,""value"":67},{""id"":39,""value"":74},{""id"":40,""value"":81},{""id"":41,""value"":88},{""id"":42,""value"":95},{""id"":43,""value"":1},{""id"":44,""value"":8},{""id"":45,""value"":15},{""id"":46,""value"":22},{""id"":47,""value"":29},{""id"":48,""value"":36},{""id"":49,""value"":43},{""id"":50,""value"":50},{""id"":51,""value"":57},{""id"":52,""value"":64},{""id"":53,""value"":71},{""id"":54,""value"":78},{""id"":55,""value"":85},{""id"":56,""value"":92},{""id"":57,""value"":99},{""id"":58,""value"":5},{""id"":59,""value"":12},{""id"":60,""value"":19},{""id"":61,""value"":26},{""id"":62,""value"":33},{""id"":63,""value"":40},{""id"":64,""value"":47},{""id"":65,""value"":54},{""id"":66,""value"":61},{""id"":67,""value"":68},{""id"":68,""value"":75},{""id"":69,""value"":82},{""id"":70,""value"":89},{""id"":71,""value"":96},{""id"":72,""value"":2},{""id"":73,""value"":9},{""id"":74,""value"":16},{""id"":75,""value"":23},{""id"":76,""value"":30},{""id"":77,""value"":37},{""id"":78,""value"":44},{""id"":79,""value"":51},{""id"":80,""value"":58},{""id"":81,""value"":65},{""id"":82,""value"":72},{""id"":83,""value"":79},{""id"":84,""value"":86},{""id"":85,""value"":93},{""id"":86,""value"":100},{""id"":87,""value"":6},{""id"":88,""value"":13},{""id"":89,""value"":20},{""id"":90,""value"":27},{""id"":91,""value"":34},{""id"":92,""value"":41},{""id"":93,""value"":48},{""id"":94,""value"":55},{""id"":95,""value"":62},{""id"":96,""value"":69},{""id"":97,""value"":76},{""id"":98,""value"":83},{""id"":99,""value"":90},{""id"":100,""value"":97},{""id"":101,""value"":3},{""id"":102,""value"":10},{""id"":103,""value"":17},{""id"":104,""value"":24},{""id"":105,""value"":31},{""id"":106,""value"":38},{""id"":107,""value"":45},{""id"":108,""value"":52},{""id"":109,""value"":59},{""id"":110,""value"":66},{""id"":111,""value"":73},{""id"":112,""value"":80},{""id"":113,""value"":87},{""id"":114,""value"":94},{""id"":115,""value"":0},{""id"":116,""value"":7},{""id"":117,""value"":14},{""id"":118,""value"":21},{""id"":119,""value"":28},{""id"":120,""value"":35},{""id"":121,""value"":42},{""id"":122,""value"":49},{""id"":123,""value"":56},{""id"":124,""value"":63},{""id"":125,""value"":70},{""id"":126,""value"":77},{""id"":127,""value"":84},{""id"":128,""value"":91},{""id"":129,""value"":98},{""id"":130,""value"":4},{""id"":131,""value"":11},{""id"":132,""value"":18},{""id"":133,""value"":25},{""id"":134,""value"":32},{""id"":135,""value"":39},{""id"":136,""value"":46},{""id"":137,""value"":53},{""id"":138,""value"":60},{""id"":139,""value"":67},{""id"":140,""value"":74},{""id"":141,""value"":81},{""id"":142,""value"":88},{""id"":143,""value"":95},{""id"":144,""value"":1},{""id"":145,""value"":8},{""id"":146,""value"":15},{""id"":147,""value"":22},{""id"":148,""value"":29},{""id"":149,""value"":36},{""id"":150,""value"":43},{""id"":151,""value"":50},{""id"":152,""value"":57},{""id"":153,""value"":64},{""id"":154,""value"":71},{""id"":155,""value"":78},{""id"":156,""value"":85},{""id"":157,""value"":92},{""id"":158,""value"":99},{""id"":159,""value"":5},{""id"":160,""value"":12},{""id"":161,""value"":19},{""id"":162,""value"":26},{""id"":163,""value"":33},{""id"":164,""value"":40},{""id"":165,""value"":47},{""id"":166,""value"":54},{""id"":167,""value"":61},{""id"":168,""value"":68},{""id"":169,""value"":75},{""id"":170,""value"":82},{""id"":171,""value"":89},{""id"":172,""value"":96},{""id"":173,""value"":2},{""id"":174,""value"":9},{""id"":175,""value"":16},{""id"":176,""value"":23},{""id"":177,""value"":30},{""id"":178,""value"":37},{""id"":179,""value"":44},{""id"":180,""value"":51},{""id"":181,""value"":58},{""id"":182,""value"":65},{""id"":183,""value"":72},{""id"":184,""value"":79},{""id"":185,""value"":86},{""id"":186,""value"":93},{""id"":187,""value"":100},{""id"":188,""value"":6},{""id"":189,""value"":13}],""query_id"":56}","{""value"":92}",exact,1.0,0.7,deterministic,wrong_answer,all lower C levels for level certification,C-Standard,specification-only,False,required/pass for generated dev item,required before attributing concordant cross-tier failures,must report strongest-executor headroom,C6/CΩ require cross-domain/frontier-generalization protocols and cannot be certified by a finite static item alone.
C-C6-LONG_-02,C,C6,,long_context,2,protocol,C6 Long Context #2,Retrieve the value for query_id from the supplied record set.,"{""records"":[{""id"":0,""value"":3},{""id"":1,""value"":10},{""id"":2,""value"":17},{""id"":3,""value"":24},{""id"":4,""value"":31},{""id"":5,""value"":38},{""id"":6,""value"":45},{""id"":7,""value"":52},{""id"":8,""value"":59},{""id"":9,""value"":66},{""id"":10,""value"":73},{""id"":11,""value"":80},{""id"":12,""value"":87},{""id"":13,""value"":94},{""id"":14,""value"":0},{""id"":15,""value"":7},{""id"":16,""value"":14},{""id"":17,""value"":21},{""id"":18,""value"":28},{""id"":19,""value"":35},{""id"":20,""value"":42},{""id"":21,""value"":49},{""id"":22,""value"":56},{""id"":23,""value"":63},{""id"":24,""value"":70},{""id"":25,""value"":77},{""id"":26,""value"":84},{""id"":27,""value"":91},{""id"":28,""value"":98},{""id"":29,""value"":4},{""id"":30,""value"":11},{""id"":31,""value"":18},{""id"":32,""value"":25},{""id"":33,""value"":32},{""id"":34,""value"":39},{""id"":35,""value"":46},{""id"":36,""value"":53},{""id"":37,""value"":60},{""id"":38,""value"":67},{""id"":39,""value"":74},{""id"":40,""value"":81},{""id"":41,""value"":88},{""id"":42,""value"":95},{""id"":43,""value"":1},{""id"":44,""value"":8},{""id"":45,""value"":15},{""id"":46,""value"":22},{""id"":47,""value"":29},{""id"":48,""value"":36},{""id"":49,""value"":43},{""id"":50,""value"":50},{""id"":51,""value"":57},{""id"":52,""value"":64},{""id"":53,""value"":71},{""id"":54,""value"":78},{""id"":55,""value"":85},{""id"":56,""value"":92},{""id"":57,""value"":99},{""id"":58,""value"":5},{""id"":59,""value"":12},{""id"":60,""value"":19},{""id"":61,""value"":26},{""id"":62,""value"":33},{""id"":63,""value"":40},{""id"":64,""value"":47},{""id"":65,""value"":54},{""id"":66,""value"":61},{""id"":67,""value"":68},{""id"":68,""value"":75},{""id"":69,""value"":82},{""id"":70,""value"":89},{""id"":71,""value"":96},{""id"":72,""value"":2},{""id"":73,""value"":9},{""id"":74,""value"":16},{""id"":75,""value"":23},{""id"":76,""value"":30},{""id"":77,""value"":37},{""id"":78,""value"":44},{""id"":79,""value"":51},{""id"":80,""value"":58},{""id"":81,""value"":65},{""id"":82,""value"":72},{""id"":83,""value"":79},{""id"":84,""value"":86},{""id"":85,""value"":93},{""id"":86,""value"":100},{""id"":87,""value"":6},{""id"":88,""value"":13},{""id"":89,""value"":20},{""id"":90,""value"":27},{""id"":91,""value"":34},{""id"":92,""value"":41},{""id"":93,""value"":48},{""id"":94,""value"":55},{""id"":95,""value"":62},{""id"":96,""value"":69},{""id"":97,""value"":76},{""id"":98,""value"":83},{""id"":99,""value"":90},{""id"":100,""value"":97},{""id"":101,""value"":3},{""id"":102,""value"":10},{""id"":103,""value"":17},{""id"":104,""value"":24},{""id"":105,""value"":31},{""id"":106,""value"":38},{""id"":107,""value"":45},{""id"":108,""value"":52},{""id"":109,""value"":59},{""id"":110,""value"":66},{""id"":111,""value"":73},{""id"":112,""value"":80},{""id"":113,""value"":87},{""id"":114,""value"":94},{""id"":115,""value"":0},{""id"":116,""value"":7},{""id"":117,""value"":14},{""id"":118,""value"":21},{""id"":119,""value"":28},{""id"":120,""value"":35},{""id"":121,""value"":42},{""id"":122,""value"":49},{""id"":123,""value"":56},{""id"":124,""value"":63},{""id"":125,""value"":70},{""id"":126,""value"":77},{""id"":127,""value"":84},{""id"":128,""value"":91},{""id"":129,""value"":98},{""id"":130,""value"":4},{""id"":131,""value"":11},{""id"":132,""value"":18},{""id"":133,""value"":25},{""id"":134,""value"":32},{""id"":135,""value"":39},{""id"":136,""value"":46},{""id"":137,""value"":53},{""id"":138,""value"":60},{""id"":139,""value"":67},{""id"":140,""value"":74},{""id"":141,""value"":81},{""id"":142,""value"":88},{""id"":143,""value"":95},{""id"":144,""value"":1},{""id"":145,""value"":8},{""id"":146,""value"":15},{""id"":147,""value"":22},{""id"":148,""value"":29},{""id"":149,""value"":36},{""id"":150,""value"":43},{""id"":151,""value"":50},{""id"":152,""value"":57},{""id"":153,""value"":64},{""id"":154,""value"":71},{""id"":155,""value"":78},{""id"":156,""value"":85},{""id"":157,""value"":92},{""id"":158,""value"":99},{""id"":159,""value"":5},{""id"":160,""value"":12},{""id"":161,""value"":19},{""id"":162,""value"":26},{""id"":163,""value"":33},{""id"":164,""value"":40},{""id"":165,""value"":47},{""id"":166,""value"":54},{""id"":167,""value"":61},{""id"":168,""value"":68},{""id"":169,""value"":75},{""id"":170,""value"":82},{""id"":171,""value"":89},{""id"":172,""value"":96},{""id"":173,""value"":2},{""id"":174,""value"":9},{""id"":175,""value"":16},{""id"":176,""value"":23},{""id"":177,""value"":30},{""id"":178,""value"":37},{""id"":179,""value"":44},{""id"":180,""value"":51},{""id"":181,""value"":58},{""id"":182,""value"":65},{""id"":183,""value"":72},{""id"":184,""value"":79},{""id"":185,""value"":86},{""id"":186,""value"":93},{""id"":187,""value"":100},{""id"":188,""value"":6},{""id"":189,""value"":13}],""query_id"":57}","{""value"":99}",exact,1.0,0.7,deterministic,wrong_answer,all lower C levels for level certification,C-Standard,specification-only,False,required/pass for generated dev item,required before attributing concordant cross-tier failures,must report strongest-executor headroom,C6/CΩ require cross-domain/frontier-generalization protocols and cannot be certified by a finite static item alone.
C-C6-LONG_-03,C,C6,,long_context,3,protocol,C6 Long Context #3,Retrieve the value for query_id from the supplied record set.,"{""records"":[{""id"":0,""value"":3},{""id"":1,""value"":10},{""id"":2,""value"":17},{""id"":3,""value"":24},{""id"":4,""value"":31},{""id"":5,""value"":38},{""id"":6,""value"":45},{""id"":7,""value"":52},{""id"":8,""value"":59},{""id"":9,""value"":66},{""id"":10,""value"":73},{""id"":11,""value"":80},{""id"":12,""value"":87},{""id"":13,""value"":94},{""id"":14,""value"":0},{""id"":15,""value"":7},{""id"":16,""value"":14},{""id"":17,""value"":21},{""id"":18,""value"":28},{""id"":19,""value"":35},{""id"":20,""value"":42},{""id"":21,""value"":49},{""id"":22,""value"":56},{""id"":23,""value"":63},{""id"":24,""value"":70},{""id"":25,""value"":77},{""id"":26,""value"":84},{""id"":27,""value"":91},{""id"":28,""value"":98},{""id"":29,""value"":4},{""id"":30,""value"":11},{""id"":31,""value"":18},{""id"":32,""value"":25},{""id"":33,""value"":32},{""id"":34,""value"":39},{""id"":35,""value"":46},{""id"":36,""value"":53},{""id"":37,""value"":60},{""id"":38,""value"":67},{""id"":39,""value"":74},{""id"":40,""value"":81},{""id"":41,""value"":88},{""id"":42,""value"":95},{""id"":43,""value"":1},{""id"":44,""value"":8},{""id"":45,""value"":15},{""id"":46,""value"":22},{""id"":47,""value"":29},{""id"":48,""value"":36},{""id"":49,""value"":43},{""id"":50,""value"":50},{""id"":51,""value"":57},{""id"":52,""value"":64},{""id"":53,""value"":71},{""id"":54,""value"":78},{""id"":55,""value"":85},{""id"":56,""value"":92},{""id"":57,""value"":99},{""id"":58,""value"":5},{""id"":59,""value"":12},{""id"":60,""value"":19},{""id"":61,""value"":26},{""id"":62,""value"":33},{""id"":63,""value"":40},{""id"":64,""value"":47},{""id"":65,""value"":54},{""id"":66,""value"":61},{""id"":67,""value"":68},{""id"":68,""value"":75},{""id"":69,""value"":82},{""id"":70,""value"":89},{""id"":71,""value"":96},{""id"":72,""value"":2},{""id"":73,""value"":9},{""id"":74,""value"":16},{""id"":75,""value"":23},{""id"":76,""value"":30},{""id"":77,""value"":37},{""id"":78,""value"":44},{""id"":79,""value"":51},{""id"":80,""value"":58},{""id"":81,""value"":65},{""id"":82,""value"":72},{""id"":83,""value"":79},{""id"":84,""value"":86},{""id"":85,""value"":93},{""id"":86,""value"":100},{""id"":87,""value"":6},{""id"":88,""value"":13},{""id"":89,""value"":20},{""id"":90,""value"":27},{""id"":91,""value"":34},{""id"":92,""value"":41},{""id"":93,""value"":48},{""id"":94,""value"":55},{""id"":95,""value"":62},{""id"":96,""value"":69},{""id"":97,""value"":76},{""id"":98,""value"":83},{""id"":99,""value"":90},{""id"":100,""value"":97},{""id"":101,""value"":3},{""id"":102,""value"":10},{""id"":103,""value"":17},{""id"":104,""value"":24},{""id"":105,""value"":31},{""id"":106,""value"":38},{""id"":107,""value"":45},{""id"":108,""value"":52},{""id"":109,""value"":59},{""id"":110,""value"":66},{""id"":111,""value"":73},{""id"":112,""value"":80},{""id"":113,""value"":87},{""id"":114,""value"":94},{""id"":115,""value"":0},{""id"":116,""value"":7},{""id"":117,""value"":14},{""id"":118,""value"":21},{""id"":119,""value"":28},{""id"":120,""value"":35},{""id"":121,""value"":42},{""id"":122,""value"":49},{""id"":123,""value"":56},{""id"":124,""value"":63},{""id"":125,""value"":70},{""id"":126,""value"":77},{""id"":127,""value"":84},{""id"":128,""value"":91},{""id"":129,""value"":98},{""id"":130,""value"":4},{""id"":131,""value"":11},{""id"":132,""value"":18},{""id"":133,""value"":25},{""id"":134,""value"":32},{""id"":135,""value"":39},{""id"":136,""value"":46},{""id"":137,""value"":53},{""id"":138,""value"":60},{""id"":139,""value"":67},{""id"":140,""value"":74},{""id"":141,""value"":81},{""id"":142,""value"":88},{""id"":143,""value"":95},{""id"":144,""value"":1},{""id"":145,""value"":8},{""id"":146,""value"":15},{""id"":147,""value"":22},{""id"":148,""value"":29},{""id"":149,""value"":36},{""id"":150,""value"":43},{""id"":151,""value"":50},{""id"":152,""value"":57},{""id"":153,""value"":64},{""id"":154,""value"":71},{""id"":155,""value"":78},{""id"":156,""value"":85},{""id"":157,""value"":92},{""id"":158,""value"":99},{""id"":159,""value"":5},{""id"":160,""value"":12},{""id"":161,""value"":19},{""id"":162,""value"":26},{""id"":163,""value"":33},{""id"":164,""value"":40},{""id"":165,""value"":47},{""id"":166,""value"":54},{""id"":167,""value"":61},{""id"":168,""value"":68},{""id"":169,""value"":75},{""id"":170,""value"":82},{""id"":171,""value"":89},{""id"":172,""value"":96},{""id"":173,""value"":2},{""id"":174,""value"":9},{""id"":175,""value"":16},{""id"":176,""value"":23},{""id"":177,""value"":30},{""id"":178,""value"":37},{""id"":179,""value"":44},{""id"":180,""value"":51},{""id"":181,""value"":58},{""id"":182,""value"":65},{""id"":183,""value"":72},{""id"":184,""value"":79},{""id"":185,""value"":86},{""id"":186,""value"":93},{""id"":187,""value"":100},{""id"":188,""value"":6},{""id"":189,""value"":13}],""query_id"":58}","{""value"":5}",exact,1.0,0.7,deterministic,wrong_answer,all lower C levels for level certification,C-Standard,specification-only,False,required/pass for generated dev item,required before attributing concordant cross-tier failures,must report strongest-executor headroom,C6/CΩ require cross-domain/frontier-generalization protocols and cannot be certified by a finite static item alone.
C-C6-LONG_-04,C,C6,,long_context,4,protocol,C6 Long Context #4,Retrieve the value for query_id from the supplied record set.,"{""records"":[{""id"":0,""value"":3},{""id"":1,""value"":10},{""id"":2,""value"":17},{""id"":3,""value"":24},{""id"":4,""value"":31},{""id"":5,""value"":38},{""id"":6,""value"":45},{""id"":7,""value"":52},{""id"":8,""value"":59},{""id"":9,""value"":66},{""id"":10,""value"":73},{""id"":11,""value"":80},{""id"":12,""value"":87},{""id"":13,""value"":94},{""id"":14,""value"":0},{""id"":15,""value"":7},{""id"":16,""value"":14},{""id"":17,""value"":21},{""id"":18,""value"":28},{""id"":19,""value"":35},{""id"":20,""value"":42},{""id"":21,""value"":49},{""id"":22,""value"":56},{""id"":23,""value"":63},{""id"":24,""value"":70},{""id"":25,""value"":77},{""id"":26,""value"":84},{""id"":27,""value"":91},{""id"":28,""value"":98},{""id"":29,""value"":4},{""id"":30,""value"":11},{""id"":31,""value"":18},{""id"":32,""value"":25},{""id"":33,""value"":32},{""id"":34,""value"":39},{""id"":35,""value"":46},{""id"":36,""value"":53},{""id"":37,""value"":60},{""id"":38,""value"":67},{""id"":39,""value"":74},{""id"":40,""value"":81},{""id"":41,""value"":88},{""id"":42,""value"":95},{""id"":43,""value"":1},{""id"":44,""value"":8},{""id"":45,""value"":15},{""id"":46,""value"":22},{""id"":47,""value"":29},{""id"":48,""value"":36},{""id"":49,""value"":43},{""id"":50,""value"":50},{""id"":51,""value"":57},{""id"":52,""value"":64},{""id"":53,""value"":71},{""id"":54,""value"":78},{""id"":55,""value"":85},{""id"":56,""value"":92},{""id"":57,""value"":99},{""id"":58,""value"":5},{""id"":59,""value"":12},{""id"":60,""value"":19},{""id"":61,""value"":26},{""id"":62,""value"":33},{""id"":63,""value"":40},{""id"":64,""value"":47},{""id"":65,""value"":54},{""id"":66,""value"":61},{""id"":67,""value"":68},{""id"":68,""value"":75},{""id"":69,""value"":82},{""id"":70,""value"":89},{""id"":71,""value"":96},{""id"":72,""value"":2},{""id"":73,""value"":9},{""id"":74,""value"":16},{""id"":75,""value"":23},{""id"":76,""value"":30},{""id"":77,""value"":37},{""id"":78,""value"":44},{""id"":79,""value"":51},{""id"":80,""value"":58},{""id"":81,""value"":65},{""id"":82,""value"":72},{""id"":83,""value"":79},{""id"":84,""value"":86},{""id"":85,""value"":93},{""id"":86,""value"":100},{""id"":87,""value"":6},{""id"":88,""value"":13},{""id"":89,""value"":20},{""id"":90,""value"":27},{""id"":91,""value"":34},{""id"":92,""value"":41},{""id"":93,""value"":48},{""id"":94,""value"":55},{""id"":95,""value"":62},{""id"":96,""value"":69},{""id"":97,""value"":76},{""id"":98,""value"":83},{""id"":99,""value"":90},{""id"":100,""value"":97},{""id"":101,""value"":3},{""id"":102,""value"":10},{""id"":103,""value"":17},{""id"":104,""value"":24},{""id"":105,""value"":31},{""id"":106,""value"":38},{""id"":107,""value"":45},{""id"":108,""value"":52},{""id"":109,""value"":59},{""id"":110,""value"":66},{""id"":111,""value"":73},{""id"":112,""value"":80},{""id"":113,""value"":87},{""id"":114,""value"":94},{""id"":115,""value"":0},{""id"":116,""value"":7},{""id"":117,""value"":14},{""id"":118,""value"":21},{""id"":119,""value"":28},{""id"":120,""value"":35},{""id"":121,""value"":42},{""id"":122,""value"":49},{""id"":123,""value"":56},{""id"":124,""value"":63},{""id"":125,""value"":70},{""id"":126,""value"":77},{""id"":127,""value"":84},{""id"":128,""value"":91},{""id"":129,""value"":98},{""id"":130,""value"":4},{""id"":131,""value"":11},{""id"":132,""value"":18},{""id"":133,""value"":25},{""id"":134,""value"":32},{""id"":135,""value"":39},{""id"":136,""value"":46},{""id"":137,""value"":53},{""id"":138,""value"":60},{""id"":139,""value"":67},{""id"":140,""value"":74},{""id"":141,""value"":81},{""id"":142,""value"":88},{""id"":143,""value"":95},{""id"":144,""value"":1},{""id"":145,""value"":8},{""id"":146,""value"":15},{""id"":147,""value"":22},{""id"":148,""value"":29},{""id"":149,""value"":36},{""id"":150,""value"":43},{""id"":151,""value"":50},{""id"":152,""value"":57},{""id"":153,""value"":64},{""id"":154,""value"":71},{""id"":155,""value"":78},{""id"":156,""value"":85},{""id"":157,""value"":92},{""id"":158,""value"":99},{""id"":159,""value"":5},{""id"":160,""value"":12},{""id"":161,""value"":19},{""id"":162,""value"":26},{""id"":163,""value"":33},{""id"":164,""value"":40},{""id"":165,""value"":47},{""id"":166,""value"":54},{""id"":167,""value"":61},{""id"":168,""value"":68},{""id"":169,""value"":75},{""id"":170,""value"":82},{""id"":171,""value"":89},{""id"":172,""value"":96},{""id"":173,""value"":2},{""id"":174,""value"":9},{""id"":175,""value"":16},{""id"":176,""value"":23},{""id"":177,""value"":30},{""id"":178,""value"":37},{""id"":179,""value"":44},{""id"":180,""value"":51},{""id"":181,""value"":58},{""id"":182,""value"":65},{""id"":183,""value"":72},{""id"":184,""value"":79},{""id"":185,""value"":86},{""id"":186,""value"":93},{""id"":187,""value"":100},{""id"":188,""value"":6},{""id"":189,""value"":13}],""query_id"":59}","{""value"":12}",exact,1.0,0.7,deterministic,wrong_answer,all lower C levels for level certification,C-Standard,specification-only,False,required/pass for generated dev item,required before attributing concordant cross-tier failures,must report strongest-executor headroom,C6/CΩ require cross-domain/frontier-generalization protocols and cannot be certified by a finite static item alone.
C-C6-MULTI-01,C,C6,,multimodal_structured,1,protocol,C6 Multimodal Structured #1,Use the spatial object representation to answer the question.,"{""objects"":[{""id"":""r"",""shape"":""circle"",""x"":21,""y"":30},{""id"":""b"",""shape"":""square"",""x"":80,""y"":36},{""id"":""g"",""shape"":""triangle"",""x"":50,""y"":90}],""question"":""Which object is leftmost?""}","{""id"":""r""}",exact,1.0,0.7,deterministic,wrong_answer,all lower C levels for level certification,C-Standard,specification-only,False,required/pass for generated dev item,required before attributing concordant cross-tier failures,must report strongest-executor headroom,C6/CΩ require cross-domain/frontier-generalization protocols and cannot be certified by a finite static item alone.
C-C6-MULTI-02,C,C6,,multimodal_structured,2,protocol,C6 Multimodal Structured #2,Use the spatial object representation to answer the question.,"{""objects"":[{""id"":""r"",""shape"":""circle"",""x"":22,""y"":30},{""id"":""b"",""shape"":""square"",""x"":80,""y"":36},{""id"":""g"",""shape"":""triangle"",""x"":50,""y"":90}],""question"":""Which object is leftmost?""}","{""id"":""r""}",exact,1.0,0.7,deterministic,wrong_answer,all lower C levels for level certification,C-Standard,specification-only,False,required/pass for generated dev item,required before attributing concordant cross-tier failures,must report strongest-executor headroom,C6/CΩ require cross-domain/frontier-generalization protocols and cannot be certified by a finite static item alone.
C-C6-MULTI-03,C,C6,,multimodal_structured,3,protocol,C6 Multimodal Structured #3,Use the spatial object representation to answer the question.,"{""objects"":[{""id"":""r"",""shape"":""circle"",""x"":23,""y"":30},{""id"":""b"",""shape"":""square"",""x"":80,""y"":36},{""id"":""g"",""shape"":""triangle"",""x"":50,""y"":90}],""question"":""Which object is leftmost?""}","{""id"":""r""}",exact,1.0,0.7,deterministic,wrong_answer,all lower C levels for level certification,C-Standard,specification-only,False,required/pass for generated dev item,required before attributing concordant cross-tier failures,must report strongest-executor headroom,C6/CΩ require cross-domain/frontier-generalization protocols and cannot be certified by a finite static item alone.
C-C6-MULTI-04,C,C6,,multimodal_structured,4,protocol,C6 Multimodal Structured #4,Use the spatial object representation to answer the question.,"{""objects"":[{""id"":""r"",""shape"":""circle"",""x"":24,""y"":30},{""id"":""b"",""shape"":""square"",""x"":80,""y"":36},{""id"":""g"",""shape"":""triangle"",""x"":50,""y"":90}],""question"":""Which object is leftmost?""}","{""id"":""r""}",exact,1.0,0.7,deterministic,wrong_answer,all lower C levels for level certification,C-Standard,specification-only,False,required/pass for generated dev item,required before attributing concordant cross-tier failures,must report strongest-executor headroom,C6/CΩ require cross-domain/frontier-generalization protocols and cannot be certified by a finite static item alone.
C-C6-GUI_P-01,C,C6,GP5,gui_perception,1,static,C6 Gui Perception #1,Interpret the computer-screen image. Do not infer hidden state beyond visible evidence.,"{""image_file"":""gui_assets/C-C6-GUI_P-01.png"",""gp_level"":""GP5"",""questions"":{""text"":""What filename is shown?"",""element"":""What kind of control is labeled Submit?"",""grounding"":""Return Submit bounding box [x1,y1,x2,y2]."",""state"":""Is Submit enabled?"",""result_state"":""What status text is visible?""}}","{""filename"":""item-01.txt"",""submit_element_type"":""button"",""submit_bbox"":[420,125,580,165],""submit_enabled"":true,""status"":""Ready""}",component_fraction,1.0,0.7,bbox_iou_plus_exact_fields,ocr;text;element_type;grounding;state_interpretation,all lower C levels for level certification,C-Standard,specification-only,False,required/pass for generated dev item,required before attributing concordant cross-tier failures,must report strongest-executor headroom,"GP is a diagnostic subscale of C, not a C level: this is GP5 evidence and must not be read as C6 evidence. A previously unseen layout is legitimate static evidence for GP5; nothing static is evidence for C5."
C-C6-GUI_P-02,C,C6,GP5,gui_perception,2,static,C6 Gui Perception #2,Interpret the computer-screen image. Do not infer hidden state beyond visible evidence.,"{""image_file"":""gui_assets/C-C6-GUI_P-02.png"",""gp_level"":""GP5"",""questions"":{""text"":""What filename is shown?"",""element"":""What kind of control is labeled Submit?"",""grounding"":""Return Submit bounding box [x1,y1,x2,y2]."",""state"":""Is Submit enabled?"",""result_state"":""What status text is visible?""}}","{""filename"":""item-02.txt"",""submit_element_type"":""button"",""submit_bbox"":[420,125,580,165],""submit_enabled"":false,""status"":""ERROR: missing owner""}",component_fraction,1.0,0.7,bbox_iou_plus_exact_fields,ocr;text;element_type;grounding;state_interpretation,all lower C levels for level certification,C-Standard,specification-only,False,required/pass for generated dev item,required before attributing concordant cross-tier failures,must report strongest-executor headroom,"GP is a diagnostic subscale of C, not a C level: this is GP5 evidence and must not be read as C6 evidence. A previously unseen layout is legitimate static evidence for GP5; nothing static is evidence for C5."
C-C6-GUI_P-03,C,C6,GP5,gui_perception,3,static,C6 Gui Perception #3,Interpret the computer-screen image. Do not infer hidden state beyond visible evidence.,"{""image_file"":""gui_assets/C-C6-GUI_P-03.png"",""gp_level"":""GP5"",""questions"":{""text"":""What filename is shown?"",""element"":""What kind of control is labeled Submit?"",""grounding"":""Return Submit bounding box [x1,y1,x2,y2]."",""state"":""Is Submit enabled?"",""result_state"":""What status text is visible?""}}","{""filename"":""item-03.txt"",""submit_element_type"":""button"",""submit_bbox"":[420,125,580,165],""submit_enabled"":true,""status"":""Ready""}",component_fraction,1.0,0.7,bbox_iou_plus_exact_fields,ocr;text;element_type;grounding;state_interpretation,all lower C levels for level certification,C-Standard,specification-only,False,required/pass for generated dev item,required before attributing concordant cross-tier failures,must report strongest-executor headroom,"GP is a diagnostic subscale of C, not a C level: this is GP5 evidence and must not be read as C6 evidence. A previously unseen layout is legitimate static evidence for GP5; nothing static is evidence for C5."
C-C6-GUI_P-04,C,C6,GP5,gui_perception,4,static,C6 Gui Perception #4,Interpret the computer-screen image. Do not infer hidden state beyond visible evidence.,"{""image_file"":""gui_assets/C-C6-GUI_P-04.png"",""gp_level"":""GP5"",""questions"":{""text"":""What filename is shown?"",""element"":""What kind of control is labeled Submit?"",""grounding"":""Return Submit bounding box [x1,y1,x2,y2]."",""state"":""Is Submit enabled?"",""result_state"":""What status text is visible?""}}","{""filename"":""item-04.txt"",""submit_element_type"":""button"",""submit_bbox"":[420,125,580,165],""submit_enabled"":false,""status"":""ERROR: missing owner""}",component_fraction,1.0,0.7,bbox_iou_plus_exact_fields,ocr;text;element_type;grounding;state_interpretation,all lower C levels for level certification,C-Standard,specification-only,False,required/pass for generated dev item,required before attributing concordant cross-tier failures,must report strongest-executor headroom,"GP is a diagnostic subscale of C, not a C level: this is GP5 evidence and must not be read as C6 evidence. A previously unseen layout is legitimate static evidence for GP5; nothing static is evidence for C5."
C-CΩ-LOGIC-01,C,CΩ,,logical_reasoning,1,protocol,"CΩ Logical Reasoning -- protocol, not a static item","Protocol item. CΩ requires evidence that a fixed question cannot supply: a mechanism generated after the system was frozen, scored on prediction outside the range it was fitted on, or a longitudinal trial under sealed external evaluation.",,,protocol,1.0,0.7,sealed-longitudinal,wrong_answer,all lower C levels for level certification,C-Standard,specification-only,False,required/pass for generated dev item,required before attributing concordant cross-tier failures,must report strongest-executor headroom,"downgraded in v1.2: v1.1 filled this row by repeating a lower-level payload, which certified every level at once"
C-CΩ-LOGIC-02,C,CΩ,,logical_reasoning,2,protocol,"CΩ Logical Reasoning -- protocol, not a static item","Protocol item. CΩ requires evidence that a fixed question cannot supply: a mechanism generated after the system was frozen, scored on prediction outside the range it was fitted on, or a longitudinal trial under sealed external evaluation.",,,protocol,1.0,0.7,sealed-longitudinal,wrong_answer,all lower C levels for level certification,C-Standard,specification-only,False,required/pass for generated dev item,required before attributing concordant cross-tier failures,must report strongest-executor headroom,"downgraded in v1.2: v1.1 filled this row by repeating a lower-level payload, which certified every level at once"
C-CΩ-LOGIC-03,C,CΩ,,logical_reasoning,3,protocol,"CΩ Logical Reasoning -- protocol, not a static item","Protocol item. CΩ requires evidence that a fixed question cannot supply: a mechanism generated after the system was frozen, scored on prediction outside the range it was fitted on, or a longitudinal trial under sealed external evaluation.",,,protocol,1.0,0.7,sealed-longitudinal,wrong_answer,all lower C levels for level certification,C-Standard,specification-only,False,required/pass for generated dev item,required before attributing concordant cross-tier failures,must report strongest-executor headroom,"downgraded in v1.2: v1.1 filled this row by repeating a lower-level payload, which certified every level at once"
C-CΩ-LOGIC-04,C,CΩ,,logical_reasoning,4,protocol,"CΩ Logical Reasoning -- protocol, not a static item","Protocol item. CΩ requires evidence that a fixed question cannot supply: a mechanism generated after the system was frozen, scored on prediction outside the range it was fitted on, or a longitudinal trial under sealed external evaluation.",,,protocol,1.0,0.7,sealed-longitudinal,wrong_answer,all lower C levels for level certification,C-Standard,specification-only,False,required/pass for generated dev item,required before attributing concordant cross-tier failures,must report strongest-executor headroom,"downgraded in v1.2: v1.1 filled this row by repeating a lower-level payload, which certified every level at once"
C-CΩ-QUANT-01,C,CΩ,,quantitative_math,1,protocol,CΩ Quantitative Math #1,Solve the equation exactly.,"{""equation"":""9*x + 8 = 107""}","{""x"":11}",exact,1.0,0.7,deterministic,wrong_answer,all lower C levels for level certification,C-Standard,specification-only,False,required/pass for generated dev item,required before attributing concordant cross-tier failures,must report strongest-executor headroom,C6/CΩ require cross-domain/frontier-generalization protocols and cannot be certified by a finite static item alone.
C-CΩ-QUANT-02,C,CΩ,,quantitative_math,2,protocol,CΩ Quantitative Math #2,Solve the equation exactly.,"{""equation"":""9*x + 8 = 116""}","{""x"":12}",exact,1.0,0.7,deterministic,wrong_answer,all lower C levels for level certification,C-Standard,specification-only,False,required/pass for generated dev item,required before attributing concordant cross-tier failures,must report strongest-executor headroom,C6/CΩ require cross-domain/frontier-generalization protocols and cannot be certified by a finite static item alone.
C-CΩ-QUANT-03,C,CΩ,,quantitative_math,3,protocol,CΩ Quantitative Math #3,Solve the equation exactly.,"{""equation"":""9*x + 8 = 125""}","{""x"":13}",exact,1.0,0.7,deterministic,wrong_answer,all lower C levels for level certification,C-Standard,specification-only,False,required/pass for generated dev item,required before attributing concordant cross-tier failures,must report strongest-executor headroom,C6/CΩ require cross-domain/frontier-generalization protocols and cannot be certified by a finite static item alone.
C-CΩ-QUANT-04,C,CΩ,,quantitative_math,4,protocol,CΩ Quantitative Math #4,Solve the equation exactly.,"{""equation"":""9*x + 8 = 134""}","{""x"":14}",exact,1.0,0.7,deterministic,wrong_answer,all lower C levels for level certification,C-Standard,specification-only,False,required/pass for generated dev item,required before attributing concordant cross-tier failures,must report strongest-executor headroom,C6/CΩ require cross-domain/frontier-generalization protocols and cannot be certified by a finite static item alone.
C-CΩ-SCIEN-01,C,CΩ,,scientific_reasoning,1,protocol,CΩ Scientific Reasoning #1,Choose the hypothesis best supported by the controlled observations.,"{""observations"":[{""condition"":""control"",""value"":11},{""condition"":""treatment"",""value"":23},{""condition"":""treatment_plus_blocker"",""value"":13}],""hypotheses"":[""treatment increases outcome through blocker-sensitive pathway"",""treatment has no effect""]}","{""best_hypothesis"":0}",exact,1.0,0.7,deterministic,wrong_answer,all lower C levels for level certification,C-Standard,specification-only,False,required/pass for generated dev item,required before attributing concordant cross-tier failures,must report strongest-executor headroom,C6/CΩ require cross-domain/frontier-generalization protocols and cannot be certified by a finite static item alone.
C-CΩ-SCIEN-02,C,CΩ,,scientific_reasoning,2,protocol,CΩ Scientific Reasoning #2,Choose the hypothesis best supported by the controlled observations.,"{""observations"":[{""condition"":""control"",""value"":12},{""condition"":""treatment"",""value"":24},{""condition"":""treatment_plus_blocker"",""value"":14}],""hypotheses"":[""treatment increases outcome through blocker-sensitive pathway"",""treatment has no effect""]}","{""best_hypothesis"":0}",exact,1.0,0.7,deterministic,wrong_answer,all lower C levels for level certification,C-Standard,specification-only,False,required/pass for generated dev item,required before attributing concordant cross-tier failures,must report strongest-executor headroom,C6/CΩ require cross-domain/frontier-generalization protocols and cannot be certified by a finite static item alone.
C-CΩ-SCIEN-03,C,CΩ,,scientific_reasoning,3,protocol,CΩ Scientific Reasoning #3,Choose the hypothesis best supported by the controlled observations.,"{""observations"":[{""condition"":""control"",""value"":13},{""condition"":""treatment"",""value"":25},{""condition"":""treatment_plus_blocker"",""value"":15}],""hypotheses"":[""treatment increases outcome through blocker-sensitive pathway"",""treatment has no effect""]}","{""best_hypothesis"":0}",exact,1.0,0.7,deterministic,wrong_answer,all lower C levels for level certification,C-Standard,specification-only,False,required/pass for generated dev item,required before attributing concordant cross-tier failures,must report strongest-executor headroom,C6/CΩ require cross-domain/frontier-generalization protocols and cannot be certified by a finite static item alone.
C-CΩ-SCIEN-04,C,CΩ,,scientific_reasoning,4,protocol,CΩ Scientific Reasoning #4,Choose the hypothesis best supported by the controlled observations.,"{""observations"":[{""condition"":""control"",""value"":14},{""condition"":""treatment"",""value"":26},{""condition"":""treatment_plus_blocker"",""value"":16}],""hypotheses"":[""treatment increases outcome through blocker-sensitive pathway"",""treatment has no effect""]}","{""best_hypothesis"":0}",exact,1.0,0.7,deterministic,wrong_answer,all lower C levels for level certification,C-Standard,specification-only,False,required/pass for generated dev item,required before attributing concordant cross-tier failures,must report strongest-executor headroom,C6/CΩ require cross-domain/frontier-generalization protocols and cannot be certified by a finite static item alone.
C-CΩ-CAUSA-01,C,CΩ,,causal_reasoning,1,protocol,"CΩ Causal Reasoning -- protocol, not a static item","Protocol item. CΩ requires evidence that a fixed question cannot supply: a mechanism generated after the system was frozen, scored on prediction outside the range it was fitted on, or a longitudinal trial under sealed external evaluation.",,,protocol,1.0,0.7,sealed-longitudinal,wrong_answer,all lower C levels for level certification,C-Standard,specification-only,False,required/pass for generated dev item,required before attributing concordant cross-tier failures,must report strongest-executor headroom,"downgraded in v1.2: v1.1 filled this row by repeating a lower-level payload, which certified every level at once"
C-CΩ-CAUSA-02,C,CΩ,,causal_reasoning,2,protocol,"CΩ Causal Reasoning -- protocol, not a static item","Protocol item. CΩ requires evidence that a fixed question cannot supply: a mechanism generated after the system was frozen, scored on prediction outside the range it was fitted on, or a longitudinal trial under sealed external evaluation.",,,protocol,1.0,0.7,sealed-longitudinal,wrong_answer,all lower C levels for level certification,C-Standard,specification-only,False,required/pass for generated dev item,required before attributing concordant cross-tier failures,must report strongest-executor headroom,"downgraded in v1.2: v1.1 filled this row by repeating a lower-level payload, which certified every level at once"
C-CΩ-CAUSA-03,C,CΩ,,causal_reasoning,3,protocol,"CΩ Causal Reasoning -- protocol, not a static item","Protocol item. CΩ requires evidence that a fixed question cannot supply: a mechanism generated after the system was frozen, scored on prediction outside the range it was fitted on, or a longitudinal trial under sealed external evaluation.",,,protocol,1.0,0.7,sealed-longitudinal,wrong_answer,all lower C levels for level certification,C-Standard,specification-only,False,required/pass for generated dev item,required before attributing concordant cross-tier failures,must report strongest-executor headroom,"downgraded in v1.2: v1.1 filled this row by repeating a lower-level payload, which certified every level at once"
C-CΩ-CAUSA-04,C,CΩ,,causal_reasoning,4,protocol,"CΩ Causal Reasoning -- protocol, not a static item","Protocol item. CΩ requires evidence that a fixed question cannot supply: a mechanism generated after the system was frozen, scored on prediction outside the range it was fitted on, or a longitudinal trial under sealed external evaluation.",,,protocol,1.0,0.7,sealed-longitudinal,wrong_answer,all lower C levels for level certification,C-Standard,specification-only,False,required/pass for generated dev item,required before attributing concordant cross-tier failures,must report strongest-executor headroom,"downgraded in v1.2: v1.1 filled this row by repeating a lower-level payload, which certified every level at once"
C-CΩ-CODIN-01,C,CΩ,,coding_reasoning,1,protocol,CΩ Coding Reasoning #1,Produce the exact requested output.,"{""language"":""python"",""task"":""Return sorted unique values descending."",""values"":[4,8,6,2,14]}","{""result"":[14,8,6,4,2]}",exact,1.0,0.7,deterministic,wrong_answer,all lower C levels for level certification,C-Standard,specification-only,False,required/pass for generated dev item,required before attributing concordant cross-tier failures,must report strongest-executor headroom,C6/CΩ require cross-domain/frontier-generalization protocols and cannot be certified by a finite static item alone.
C-CΩ-CODIN-02,C,CΩ,,coding_reasoning,2,protocol,CΩ Coding Reasoning #2,Produce the exact requested output.,"{""language"":""python"",""task"":""Return sorted unique values descending."",""values"":[5,8,7,2,14]}","{""result"":[14,8,7,5,2]}",exact,1.0,0.7,deterministic,wrong_answer,all lower C levels for level certification,C-Standard,specification-only,False,required/pass for generated dev item,required before attributing concordant cross-tier failures,must report strongest-executor headroom,C6/CΩ require cross-domain/frontier-generalization protocols and cannot be certified by a finite static item alone.
C-CΩ-CODIN-03,C,CΩ,,coding_reasoning,3,protocol,CΩ Coding Reasoning #3,Produce the exact requested output.,"{""language"":""python"",""task"":""Return sorted unique values descending."",""values"":[6,8,8,2,14]}","{""result"":[14,8,6,2]}",exact,1.0,0.7,deterministic,wrong_answer,all lower C levels for level certification,C-Standard,specification-only,False,required/pass for generated dev item,required before attributing concordant cross-tier failures,must report strongest-executor headroom,C6/CΩ require cross-domain/frontier-generalization protocols and cannot be certified by a finite static item alone.
C-CΩ-CODIN-04,C,CΩ,,coding_reasoning,4,protocol,CΩ Coding Reasoning #4,Produce the exact requested output.,"{""language"":""python"",""task"":""Return sorted unique values descending."",""values"":[7,8,9,2,14]}","{""result"":[14,9,8,7,2]}",exact,1.0,0.7,deterministic,wrong_answer,all lower C levels for level certification,C-Standard,specification-only,False,required/pass for generated dev item,required before attributing concordant cross-tier failures,must report strongest-executor headroom,C6/CΩ require cross-domain/frontier-generalization protocols and cannot be certified by a finite static item alone.
C-CΩ-ABSTR-01,C,CΩ,,abstract_rule_induction,1,procedural_generated,"CΩ Abstract Rule Induction -- protocol, not a static item","Protocol item. CΩ requires evidence that a fixed question cannot supply: a mechanism generated after the system was frozen, scored on prediction outside the range it was fitted on, or a longitudinal trial under sealed external evaluation.",,,protocol,1.0,0.7,sealed-longitudinal,wrong_answer,all lower C levels for level certification,C-Standard,specification-only,False,required/pass for generated dev item,required before attributing concordant cross-tier failures,must report strongest-executor headroom,"downgraded in v1.2: v1.1 filled this row by repeating a lower-level payload, which certified every level at once"
C-CΩ-ABSTR-02,C,CΩ,,abstract_rule_induction,2,procedural_generated,"CΩ Abstract Rule Induction -- protocol, not a static item","Protocol item. CΩ requires evidence that a fixed question cannot supply: a mechanism generated after the system was frozen, scored on prediction outside the range it was fitted on, or a longitudinal trial under sealed external evaluation.",,,protocol,1.0,0.7,sealed-longitudinal,wrong_answer,all lower C levels for level certification,C-Standard,specification-only,False,required/pass for generated dev item,required before attributing concordant cross-tier failures,must report strongest-executor headroom,"downgraded in v1.2: v1.1 filled this row by repeating a lower-level payload, which certified every level at once"
C-CΩ-ABSTR-03,C,CΩ,,abstract_rule_induction,3,procedural_generated,"CΩ Abstract Rule Induction -- protocol, not a static item","Protocol item. CΩ requires evidence that a fixed question cannot supply: a mechanism generated after the system was frozen, scored on prediction outside the range it was fitted on, or a longitudinal trial under sealed external evaluation.",,,protocol,1.0,0.7,sealed-longitudinal,wrong_answer,all lower C levels for level certification,C-Standard,specification-only,False,required/pass for generated dev item,required before attributing concordant cross-tier failures,must report strongest-executor headroom,"downgraded in v1.2: v1.1 filled this row by repeating a lower-level payload, which certified every level at once"
C-CΩ-ABSTR-04,C,CΩ,,abstract_rule_induction,4,procedural_generated,"CΩ Abstract Rule Induction -- protocol, not a static item","Protocol item. CΩ requires evidence that a fixed question cannot supply: a mechanism generated after the system was frozen, scored on prediction outside the range it was fitted on, or a longitudinal trial under sealed external evaluation.",,,protocol,1.0,0.7,sealed-longitudinal,wrong_answer,all lower C levels for level certification,C-Standard,specification-only,False,required/pass for generated dev item,required before attributing concordant cross-tier failures,must report strongest-executor headroom,"downgraded in v1.2: v1.1 filled this row by repeating a lower-level payload, which certified every level at once"
C-CΩ-FACTU-01,C,CΩ,,factuality_calibration,1,protocol,"CΩ Factuality Calibration -- protocol, not a static item","Protocol item. CΩ requires evidence that a fixed question cannot supply: a mechanism generated after the system was frozen, scored on prediction outside the range it was fitted on, or a longitudinal trial under sealed external evaluation.",,,protocol,1.0,0.7,sealed-longitudinal,wrong_answer,all lower C levels for level certification,C-Standard,specification-only,False,required/pass for generated dev item,required before attributing concordant cross-tier failures,must report strongest-executor headroom,"downgraded in v1.2: v1.1 filled this row by repeating a lower-level payload, which certified every level at once"
C-CΩ-FACTU-02,C,CΩ,,factuality_calibration,2,protocol,"CΩ Factuality Calibration -- protocol, not a static item","Protocol item. CΩ requires evidence that a fixed question cannot supply: a mechanism generated after the system was frozen, scored on prediction outside the range it was fitted on, or a longitudinal trial under sealed external evaluation.",,,protocol,1.0,0.7,sealed-longitudinal,wrong_answer,all lower C levels for level certification,C-Standard,specification-only,False,required/pass for generated dev item,required before attributing concordant cross-tier failures,must report strongest-executor headroom,"downgraded in v1.2: v1.1 filled this row by repeating a lower-level payload, which certified every level at once"
C-CΩ-FACTU-03,C,CΩ,,factuality_calibration,3,protocol,"CΩ Factuality Calibration -- protocol, not a static item","Protocol item. CΩ requires evidence that a fixed question cannot supply: a mechanism generated after the system was frozen, scored on prediction outside the range it was fitted on, or a longitudinal trial under sealed external evaluation.",,,protocol,1.0,0.7,sealed-longitudinal,wrong_answer,all lower C levels for level certification,C-Standard,specification-only,False,required/pass for generated dev item,required before attributing concordant cross-tier failures,must report strongest-executor headroom,"downgraded in v1.2: v1.1 filled this row by repeating a lower-level payload, which certified every level at once"
C-CΩ-FACTU-04,C,CΩ,,factuality_calibration,4,protocol,"CΩ Factuality Calibration -- protocol, not a static item","Protocol item. CΩ requires evidence that a fixed question cannot supply: a mechanism generated after the system was frozen, scored on prediction outside the range it was fitted on, or a longitudinal trial under sealed external evaluation.",,,protocol,1.0,0.7,sealed-longitudinal,wrong_answer,all lower C levels for level certification,C-Standard,specification-only,False,required/pass for generated dev item,required before attributing concordant cross-tier failures,must report strongest-executor headroom,"downgraded in v1.2: v1.1 filled this row by repeating a lower-level payload, which certified every level at once"
C-CΩ-LONG_-01,C,CΩ,,long_context,1,protocol,CΩ Long Context #1,Retrieve the value for query_id from the supplied record set.,"{""records"":[{""id"":0,""value"":3},{""id"":1,""value"":10},{""id"":2,""value"":17},{""id"":3,""value"":24},{""id"":4,""value"":31},{""id"":5,""value"":38},{""id"":6,""value"":45},{""id"":7,""value"":52},{""id"":8,""value"":59},{""id"":9,""value"":66},{""id"":10,""value"":73},{""id"":11,""value"":80},{""id"":12,""value"":87},{""id"":13,""value"":94},{""id"":14,""value"":0},{""id"":15,""value"":7},{""id"":16,""value"":14},{""id"":17,""value"":21},{""id"":18,""value"":28},{""id"":19,""value"":35},{""id"":20,""value"":42},{""id"":21,""value"":49},{""id"":22,""value"":56},{""id"":23,""value"":63},{""id"":24,""value"":70},{""id"":25,""value"":77},{""id"":26,""value"":84},{""id"":27,""value"":91},{""id"":28,""value"":98},{""id"":29,""value"":4},{""id"":30,""value"":11},{""id"":31,""value"":18},{""id"":32,""value"":25},{""id"":33,""value"":32},{""id"":34,""value"":39},{""id"":35,""value"":46},{""id"":36,""value"":53},{""id"":37,""value"":60},{""id"":38,""value"":67},{""id"":39,""value"":74},{""id"":40,""value"":81},{""id"":41,""value"":88},{""id"":42,""value"":95},{""id"":43,""value"":1},{""id"":44,""value"":8},{""id"":45,""value"":15},{""id"":46,""value"":22},{""id"":47,""value"":29},{""id"":48,""value"":36},{""id"":49,""value"":43},{""id"":50,""value"":50},{""id"":51,""value"":57},{""id"":52,""value"":64},{""id"":53,""value"":71},{""id"":54,""value"":78},{""id"":55,""value"":85},{""id"":56,""value"":92},{""id"":57,""value"":99},{""id"":58,""value"":5},{""id"":59,""value"":12},{""id"":60,""value"":19},{""id"":61,""value"":26},{""id"":62,""value"":33},{""id"":63,""value"":40},{""id"":64,""value"":47},{""id"":65,""value"":54},{""id"":66,""value"":61},{""id"":67,""value"":68},{""id"":68,""value"":75},{""id"":69,""value"":82},{""id"":70,""value"":89},{""id"":71,""value"":96},{""id"":72,""value"":2},{""id"":73,""value"":9},{""id"":74,""value"":16},{""id"":75,""value"":23},{""id"":76,""value"":30},{""id"":77,""value"":37},{""id"":78,""value"":44},{""id"":79,""value"":51},{""id"":80,""value"":58},{""id"":81,""value"":65},{""id"":82,""value"":72},{""id"":83,""value"":79},{""id"":84,""value"":86},{""id"":85,""value"":93},{""id"":86,""value"":100},{""id"":87,""value"":6},{""id"":88,""value"":13},{""id"":89,""value"":20},{""id"":90,""value"":27},{""id"":91,""value"":34},{""id"":92,""value"":41},{""id"":93,""value"":48},{""id"":94,""value"":55},{""id"":95,""value"":62},{""id"":96,""value"":69},{""id"":97,""value"":76},{""id"":98,""value"":83},{""id"":99,""value"":90},{""id"":100,""value"":97},{""id"":101,""value"":3},{""id"":102,""value"":10},{""id"":103,""value"":17},{""id"":104,""value"":24},{""id"":105,""value"":31},{""id"":106,""value"":38},{""id"":107,""value"":45},{""id"":108,""value"":52},{""id"":109,""value"":59},{""id"":110,""value"":66},{""id"":111,""value"":73},{""id"":112,""value"":80},{""id"":113,""value"":87},{""id"":114,""value"":94},{""id"":115,""value"":0},{""id"":116,""value"":7},{""id"":117,""value"":14},{""id"":118,""value"":21},{""id"":119,""value"":28},{""id"":120,""value"":35},{""id"":121,""value"":42},{""id"":122,""value"":49},{""id"":123,""value"":56},{""id"":124,""value"":63},{""id"":125,""value"":70},{""id"":126,""value"":77},{""id"":127,""value"":84},{""id"":128,""value"":91},{""id"":129,""value"":98},{""id"":130,""value"":4},{""id"":131,""value"":11},{""id"":132,""value"":18},{""id"":133,""value"":25},{""id"":134,""value"":32},{""id"":135,""value"":39},{""id"":136,""value"":46},{""id"":137,""value"":53},{""id"":138,""value"":60},{""id"":139,""value"":67},{""id"":140,""value"":74},{""id"":141,""value"":81},{""id"":142,""value"":88},{""id"":143,""value"":95},{""id"":144,""value"":1},{""id"":145,""value"":8},{""id"":146,""value"":15},{""id"":147,""value"":22},{""id"":148,""value"":29},{""id"":149,""value"":36},{""id"":150,""value"":43},{""id"":151,""value"":50},{""id"":152,""value"":57},{""id"":153,""value"":64},{""id"":154,""value"":71},{""id"":155,""value"":78},{""id"":156,""value"":85},{""id"":157,""value"":92},{""id"":158,""value"":99},{""id"":159,""value"":5},{""id"":160,""value"":12},{""id"":161,""value"":19},{""id"":162,""value"":26},{""id"":163,""value"":33},{""id"":164,""value"":40},{""id"":165,""value"":47},{""id"":166,""value"":54},{""id"":167,""value"":61},{""id"":168,""value"":68},{""id"":169,""value"":75},{""id"":170,""value"":82},{""id"":171,""value"":89},{""id"":172,""value"":96},{""id"":173,""value"":2},{""id"":174,""value"":9},{""id"":175,""value"":16},{""id"":176,""value"":23},{""id"":177,""value"":30},{""id"":178,""value"":37},{""id"":179,""value"":44},{""id"":180,""value"":51},{""id"":181,""value"":58},{""id"":182,""value"":65},{""id"":183,""value"":72},{""id"":184,""value"":79},{""id"":185,""value"":86},{""id"":186,""value"":93},{""id"":187,""value"":100},{""id"":188,""value"":6},{""id"":189,""value"":13},{""id"":190,""value"":20},{""id"":191,""value"":27},{""id"":192,""value"":34},{""id"":193,""value"":41},{""id"":194,""value"":48},{""id"":195,""value"":55},{""id"":196,""value"":62},{""id"":197,""value"":69},{""id"":198,""value"":76},{""id"":199,""value"":83},{""id"":200,""value"":90},{""id"":201,""value"":97},{""id"":202,""value"":3},{""id"":203,""value"":10},{""id"":204,""value"":17},{""id"":205,""value"":24},{""id"":206,""value"":31},{""id"":207,""value"":38},{""id"":208,""value"":45},{""id"":209,""value"":52}],""query_id"":59}","{""value"":12}",exact,1.0,0.7,deterministic,wrong_answer,all lower C levels for level certification,C-Standard,specification-only,False,required/pass for generated dev item,required before attributing concordant cross-tier failures,must report strongest-executor headroom,C6/CΩ require cross-domain/frontier-generalization protocols and cannot be certified by a finite static item alone.
C-CΩ-LONG_-02,C,CΩ,,long_context,2,protocol,CΩ Long Context #2,Retrieve the value for query_id from the supplied record set.,"{""records"":[{""id"":0,""value"":3},{""id"":1,""value"":10},{""id"":2,""value"":17},{""id"":3,""value"":24},{""id"":4,""value"":31},{""id"":5,""value"":38},{""id"":6,""value"":45},{""id"":7,""value"":52},{""id"":8,""value"":59},{""id"":9,""value"":66},{""id"":10,""value"":73},{""id"":11,""value"":80},{""id"":12,""value"":87},{""id"":13,""value"":94},{""id"":14,""value"":0},{""id"":15,""value"":7},{""id"":16,""value"":14},{""id"":17,""value"":21},{""id"":18,""value"":28},{""id"":19,""value"":35},{""id"":20,""value"":42},{""id"":21,""value"":49},{""id"":22,""value"":56},{""id"":23,""value"":63},{""id"":24,""value"":70},{""id"":25,""value"":77},{""id"":26,""value"":84},{""id"":27,""value"":91},{""id"":28,""value"":98},{""id"":29,""value"":4},{""id"":30,""value"":11},{""id"":31,""value"":18},{""id"":32,""value"":25},{""id"":33,""value"":32},{""id"":34,""value"":39},{""id"":35,""value"":46},{""id"":36,""value"":53},{""id"":37,""value"":60},{""id"":38,""value"":67},{""id"":39,""value"":74},{""id"":40,""value"":81},{""id"":41,""value"":88},{""id"":42,""value"":95},{""id"":43,""value"":1},{""id"":44,""value"":8},{""id"":45,""value"":15},{""id"":46,""value"":22},{""id"":47,""value"":29},{""id"":48,""value"":36},{""id"":49,""value"":43},{""id"":50,""value"":50},{""id"":51,""value"":57},{""id"":52,""value"":64},{""id"":53,""value"":71},{""id"":54,""value"":78},{""id"":55,""value"":85},{""id"":56,""value"":92},{""id"":57,""value"":99},{""id"":58,""value"":5},{""id"":59,""value"":12},{""id"":60,""value"":19},{""id"":61,""value"":26},{""id"":62,""value"":33},{""id"":63,""value"":40},{""id"":64,""value"":47},{""id"":65,""value"":54},{""id"":66,""value"":61},{""id"":67,""value"":68},{""id"":68,""value"":75},{""id"":69,""value"":82},{""id"":70,""value"":89},{""id"":71,""value"":96},{""id"":72,""value"":2},{""id"":73,""value"":9},{""id"":74,""value"":16},{""id"":75,""value"":23},{""id"":76,""value"":30},{""id"":77,""value"":37},{""id"":78,""value"":44},{""id"":79,""value"":51},{""id"":80,""value"":58},{""id"":81,""value"":65},{""id"":82,""value"":72},{""id"":83,""value"":79},{""id"":84,""value"":86},{""id"":85,""value"":93},{""id"":86,""value"":100},{""id"":87,""value"":6},{""id"":88,""value"":13},{""id"":89,""value"":20},{""id"":90,""value"":27},{""id"":91,""value"":34},{""id"":92,""value"":41},{""id"":93,""value"":48},{""id"":94,""value"":55},{""id"":95,""value"":62},{""id"":96,""value"":69},{""id"":97,""value"":76},{""id"":98,""value"":83},{""id"":99,""value"":90},{""id"":100,""value"":97},{""id"":101,""value"":3},{""id"":102,""value"":10},{""id"":103,""value"":17},{""id"":104,""value"":24},{""id"":105,""value"":31},{""id"":106,""value"":38},{""id"":107,""value"":45},{""id"":108,""value"":52},{""id"":109,""value"":59},{""id"":110,""value"":66},{""id"":111,""value"":73},{""id"":112,""value"":80},{""id"":113,""value"":87},{""id"":114,""value"":94},{""id"":115,""value"":0},{""id"":116,""value"":7},{""id"":117,""value"":14},{""id"":118,""value"":21},{""id"":119,""value"":28},{""id"":120,""value"":35},{""id"":121,""value"":42},{""id"":122,""value"":49},{""id"":123,""value"":56},{""id"":124,""value"":63},{""id"":125,""value"":70},{""id"":126,""value"":77},{""id"":127,""value"":84},{""id"":128,""value"":91},{""id"":129,""value"":98},{""id"":130,""value"":4},{""id"":131,""value"":11},{""id"":132,""value"":18},{""id"":133,""value"":25},{""id"":134,""value"":32},{""id"":135,""value"":39},{""id"":136,""value"":46},{""id"":137,""value"":53},{""id"":138,""value"":60},{""id"":139,""value"":67},{""id"":140,""value"":74},{""id"":141,""value"":81},{""id"":142,""value"":88},{""id"":143,""value"":95},{""id"":144,""value"":1},{""id"":145,""value"":8},{""id"":146,""value"":15},{""id"":147,""value"":22},{""id"":148,""value"":29},{""id"":149,""value"":36},{""id"":150,""value"":43},{""id"":151,""value"":50},{""id"":152,""value"":57},{""id"":153,""value"":64},{""id"":154,""value"":71},{""id"":155,""value"":78},{""id"":156,""value"":85},{""id"":157,""value"":92},{""id"":158,""value"":99},{""id"":159,""value"":5},{""id"":160,""value"":12},{""id"":161,""value"":19},{""id"":162,""value"":26},{""id"":163,""value"":33},{""id"":164,""value"":40},{""id"":165,""value"":47},{""id"":166,""value"":54},{""id"":167,""value"":61},{""id"":168,""value"":68},{""id"":169,""value"":75},{""id"":170,""value"":82},{""id"":171,""value"":89},{""id"":172,""value"":96},{""id"":173,""value"":2},{""id"":174,""value"":9},{""id"":175,""value"":16},{""id"":176,""value"":23},{""id"":177,""value"":30},{""id"":178,""value"":37},{""id"":179,""value"":44},{""id"":180,""value"":51},{""id"":181,""value"":58},{""id"":182,""value"":65},{""id"":183,""value"":72},{""id"":184,""value"":79},{""id"":185,""value"":86},{""id"":186,""value"":93},{""id"":187,""value"":100},{""id"":188,""value"":6},{""id"":189,""value"":13},{""id"":190,""value"":20},{""id"":191,""value"":27},{""id"":192,""value"":34},{""id"":193,""value"":41},{""id"":194,""value"":48},{""id"":195,""value"":55},{""id"":196,""value"":62},{""id"":197,""value"":69},{""id"":198,""value"":76},{""id"":199,""value"":83},{""id"":200,""value"":90},{""id"":201,""value"":97},{""id"":202,""value"":3},{""id"":203,""value"":10},{""id"":204,""value"":17},{""id"":205,""value"":24},{""id"":206,""value"":31},{""id"":207,""value"":38},{""id"":208,""value"":45},{""id"":209,""value"":52}],""query_id"":60}","{""value"":19}",exact,1.0,0.7,deterministic,wrong_answer,all lower C levels for level certification,C-Standard,specification-only,False,required/pass for generated dev item,required before attributing concordant cross-tier failures,must report strongest-executor headroom,C6/CΩ require cross-domain/frontier-generalization protocols and cannot be certified by a finite static item alone.
C-CΩ-LONG_-03,C,CΩ,,long_context,3,protocol,CΩ Long Context #3,Retrieve the value for query_id from the supplied record set.,"{""records"":[{""id"":0,""value"":3},{""id"":1,""value"":10},{""id"":2,""value"":17},{""id"":3,""value"":24},{""id"":4,""value"":31},{""id"":5,""value"":38},{""id"":6,""value"":45},{""id"":7,""value"":52},{""id"":8,""value"":59},{""id"":9,""value"":66},{""id"":10,""value"":73},{""id"":11,""value"":80},{""id"":12,""value"":87},{""id"":13,""value"":94},{""id"":14,""value"":0},{""id"":15,""value"":7},{""id"":16,""value"":14},{""id"":17,""value"":21},{""id"":18,""value"":28},{""id"":19,""value"":35},{""id"":20,""value"":42},{""id"":21,""value"":49},{""id"":22,""value"":56},{""id"":23,""value"":63},{""id"":24,""value"":70},{""id"":25,""value"":77},{""id"":26,""value"":84},{""id"":27,""value"":91},{""id"":28,""value"":98},{""id"":29,""value"":4},{""id"":30,""value"":11},{""id"":31,""value"":18},{""id"":32,""value"":25},{""id"":33,""value"":32},{""id"":34,""value"":39},{""id"":35,""value"":46},{""id"":36,""value"":53},{""id"":37,""value"":60},{""id"":38,""value"":67},{""id"":39,""value"":74},{""id"":40,""value"":81},{""id"":41,""value"":88},{""id"":42,""value"":95},{""id"":43,""value"":1},{""id"":44,""value"":8},{""id"":45,""value"":15},{""id"":46,""value"":22},{""id"":47,""value"":29},{""id"":48,""value"":36},{""id"":49,""value"":43},{""id"":50,""value"":50},{""id"":51,""value"":57},{""id"":52,""value"":64},{""id"":53,""value"":71},{""id"":54,""value"":78},{""id"":55,""value"":85},{""id"":56,""value"":92},{""id"":57,""value"":99},{""id"":58,""value"":5},{""id"":59,""value"":12},{""id"":60,""value"":19},{""id"":61,""value"":26},{""id"":62,""value"":33},{""id"":63,""value"":40},{""id"":64,""value"":47},{""id"":65,""value"":54},{""id"":66,""value"":61},{""id"":67,""value"":68},{""id"":68,""value"":75},{""id"":69,""value"":82},{""id"":70,""value"":89},{""id"":71,""value"":96},{""id"":72,""value"":2},{""id"":73,""value"":9},{""id"":74,""value"":16},{""id"":75,""value"":23},{""id"":76,""value"":30},{""id"":77,""value"":37},{""id"":78,""value"":44},{""id"":79,""value"":51},{""id"":80,""value"":58},{""id"":81,""value"":65},{""id"":82,""value"":72},{""id"":83,""value"":79},{""id"":84,""value"":86},{""id"":85,""value"":93},{""id"":86,""value"":100},{""id"":87,""value"":6},{""id"":88,""value"":13},{""id"":89,""value"":20},{""id"":90,""value"":27},{""id"":91,""value"":34},{""id"":92,""value"":41},{""id"":93,""value"":48},{""id"":94,""value"":55},{""id"":95,""value"":62},{""id"":96,""value"":69},{""id"":97,""value"":76},{""id"":98,""value"":83},{""id"":99,""value"":90},{""id"":100,""value"":97},{""id"":101,""value"":3},{""id"":102,""value"":10},{""id"":103,""value"":17},{""id"":104,""value"":24},{""id"":105,""value"":31},{""id"":106,""value"":38},{""id"":107,""value"":45},{""id"":108,""value"":52},{""id"":109,""value"":59},{""id"":110,""value"":66},{""id"":111,""value"":73},{""id"":112,""value"":80},{""id"":113,""value"":87},{""id"":114,""value"":94},{""id"":115,""value"":0},{""id"":116,""value"":7},{""id"":117,""value"":14},{""id"":118,""value"":21},{""id"":119,""value"":28},{""id"":120,""value"":35},{""id"":121,""value"":42},{""id"":122,""value"":49},{""id"":123,""value"":56},{""id"":124,""value"":63},{""id"":125,""value"":70},{""id"":126,""value"":77},{""id"":127,""value"":84},{""id"":128,""value"":91},{""id"":129,""value"":98},{""id"":130,""value"":4},{""id"":131,""value"":11},{""id"":132,""value"":18},{""id"":133,""value"":25},{""id"":134,""value"":32},{""id"":135,""value"":39},{""id"":136,""value"":46},{""id"":137,""value"":53},{""id"":138,""value"":60},{""id"":139,""value"":67},{""id"":140,""value"":74},{""id"":141,""value"":81},{""id"":142,""value"":88},{""id"":143,""value"":95},{""id"":144,""value"":1},{""id"":145,""value"":8},{""id"":146,""value"":15},{""id"":147,""value"":22},{""id"":148,""value"":29},{""id"":149,""value"":36},{""id"":150,""value"":43},{""id"":151,""value"":50},{""id"":152,""value"":57},{""id"":153,""value"":64},{""id"":154,""value"":71},{""id"":155,""value"":78},{""id"":156,""value"":85},{""id"":157,""value"":92},{""id"":158,""value"":99},{""id"":159,""value"":5},{""id"":160,""value"":12},{""id"":161,""value"":19},{""id"":162,""value"":26},{""id"":163,""value"":33},{""id"":164,""value"":40},{""id"":165,""value"":47},{""id"":166,""value"":54},{""id"":167,""value"":61},{""id"":168,""value"":68},{""id"":169,""value"":75},{""id"":170,""value"":82},{""id"":171,""value"":89},{""id"":172,""value"":96},{""id"":173,""value"":2},{""id"":174,""value"":9},{""id"":175,""value"":16},{""id"":176,""value"":23},{""id"":177,""value"":30},{""id"":178,""value"":37},{""id"":179,""value"":44},{""id"":180,""value"":51},{""id"":181,""value"":58},{""id"":182,""value"":65},{""id"":183,""value"":72},{""id"":184,""value"":79},{""id"":185,""value"":86},{""id"":186,""value"":93},{""id"":187,""value"":100},{""id"":188,""value"":6},{""id"":189,""value"":13},{""id"":190,""value"":20},{""id"":191,""value"":27},{""id"":192,""value"":34},{""id"":193,""value"":41},{""id"":194,""value"":48},{""id"":195,""value"":55},{""id"":196,""value"":62},{""id"":197,""value"":69},{""id"":198,""value"":76},{""id"":199,""value"":83},{""id"":200,""value"":90},{""id"":201,""value"":97},{""id"":202,""value"":3},{""id"":203,""value"":10},{""id"":204,""value"":17},{""id"":205,""value"":24},{""id"":206,""value"":31},{""id"":207,""value"":38},{""id"":208,""value"":45},{""id"":209,""value"":52}],""query_id"":61}","{""value"":26}",exact,1.0,0.7,deterministic,wrong_answer,all lower C levels for level certification,C-Standard,specification-only,False,required/pass for generated dev item,required before attributing concordant cross-tier failures,must report strongest-executor headroom,C6/CΩ require cross-domain/frontier-generalization protocols and cannot be certified by a finite static item alone.
C-CΩ-LONG_-04,C,CΩ,,long_context,4,protocol,CΩ Long Context #4,Retrieve the value for query_id from the supplied record set.,"{""records"":[{""id"":0,""value"":3},{""id"":1,""value"":10},{""id"":2,""value"":17},{""id"":3,""value"":24},{""id"":4,""value"":31},{""id"":5,""value"":38},{""id"":6,""value"":45},{""id"":7,""value"":52},{""id"":8,""value"":59},{""id"":9,""value"":66},{""id"":10,""value"":73},{""id"":11,""value"":80},{""id"":12,""value"":87},{""id"":13,""value"":94},{""id"":14,""value"":0},{""id"":15,""value"":7},{""id"":16,""value"":14},{""id"":17,""value"":21},{""id"":18,""value"":28},{""id"":19,""value"":35},{""id"":20,""value"":42},{""id"":21,""value"":49},{""id"":22,""value"":56},{""id"":23,""value"":63},{""id"":24,""value"":70},{""id"":25,""value"":77},{""id"":26,""value"":84},{""id"":27,""value"":91},{""id"":28,""value"":98},{""id"":29,""value"":4},{""id"":30,""value"":11},{""id"":31,""value"":18},{""id"":32,""value"":25},{""id"":33,""value"":32},{""id"":34,""value"":39},{""id"":35,""value"":46},{""id"":36,""value"":53},{""id"":37,""value"":60},{""id"":38,""value"":67},{""id"":39,""value"":74},{""id"":40,""value"":81},{""id"":41,""value"":88},{""id"":42,""value"":95},{""id"":43,""value"":1},{""id"":44,""value"":8},{""id"":45,""value"":15},{""id"":46,""value"":22},{""id"":47,""value"":29},{""id"":48,""value"":36},{""id"":49,""value"":43},{""id"":50,""value"":50},{""id"":51,""value"":57},{""id"":52,""value"":64},{""id"":53,""value"":71},{""id"":54,""value"":78},{""id"":55,""value"":85},{""id"":56,""value"":92},{""id"":57,""value"":99},{""id"":58,""value"":5},{""id"":59,""value"":12},{""id"":60,""value"":19},{""id"":61,""value"":26},{""id"":62,""value"":33},{""id"":63,""value"":40},{""id"":64,""value"":47},{""id"":65,""value"":54},{""id"":66,""value"":61},{""id"":67,""value"":68},{""id"":68,""value"":75},{""id"":69,""value"":82},{""id"":70,""value"":89},{""id"":71,""value"":96},{""id"":72,""value"":2},{""id"":73,""value"":9},{""id"":74,""value"":16},{""id"":75,""value"":23},{""id"":76,""value"":30},{""id"":77,""value"":37},{""id"":78,""value"":44},{""id"":79,""value"":51},{""id"":80,""value"":58},{""id"":81,""value"":65},{""id"":82,""value"":72},{""id"":83,""value"":79},{""id"":84,""value"":86},{""id"":85,""value"":93},{""id"":86,""value"":100},{""id"":87,""value"":6},{""id"":88,""value"":13},{""id"":89,""value"":20},{""id"":90,""value"":27},{""id"":91,""value"":34},{""id"":92,""value"":41},{""id"":93,""value"":48},{""id"":94,""value"":55},{""id"":95,""value"":62},{""id"":96,""value"":69},{""id"":97,""value"":76},{""id"":98,""value"":83},{""id"":99,""value"":90},{""id"":100,""value"":97},{""id"":101,""value"":3},{""id"":102,""value"":10},{""id"":103,""value"":17},{""id"":104,""value"":24},{""id"":105,""value"":31},{""id"":106,""value"":38},{""id"":107,""value"":45},{""id"":108,""value"":52},{""id"":109,""value"":59},{""id"":110,""value"":66},{""id"":111,""value"":73},{""id"":112,""value"":80},{""id"":113,""value"":87},{""id"":114,""value"":94},{""id"":115,""value"":0},{""id"":116,""value"":7},{""id"":117,""value"":14},{""id"":118,""value"":21},{""id"":119,""value"":28},{""id"":120,""value"":35},{""id"":121,""value"":42},{""id"":122,""value"":49},{""id"":123,""value"":56},{""id"":124,""value"":63},{""id"":125,""value"":70},{""id"":126,""value"":77},{""id"":127,""value"":84},{""id"":128,""value"":91},{""id"":129,""value"":98},{""id"":130,""value"":4},{""id"":131,""value"":11},{""id"":132,""value"":18},{""id"":133,""value"":25},{""id"":134,""value"":32},{""id"":135,""value"":39},{""id"":136,""value"":46},{""id"":137,""value"":53},{""id"":138,""value"":60},{""id"":139,""value"":67},{""id"":140,""value"":74},{""id"":141,""value"":81},{""id"":142,""value"":88},{""id"":143,""value"":95},{""id"":144,""value"":1},{""id"":145,""value"":8},{""id"":146,""value"":15},{""id"":147,""value"":22},{""id"":148,""value"":29},{""id"":149,""value"":36},{""id"":150,""value"":43},{""id"":151,""value"":50},{""id"":152,""value"":57},{""id"":153,""value"":64},{""id"":154,""value"":71},{""id"":155,""value"":78},{""id"":156,""value"":85},{""id"":157,""value"":92},{""id"":158,""value"":99},{""id"":159,""value"":5},{""id"":160,""value"":12},{""id"":161,""value"":19},{""id"":162,""value"":26},{""id"":163,""value"":33},{""id"":164,""value"":40},{""id"":165,""value"":47},{""id"":166,""value"":54},{""id"":167,""value"":61},{""id"":168,""value"":68},{""id"":169,""value"":75},{""id"":170,""value"":82},{""id"":171,""value"":89},{""id"":172,""value"":96},{""id"":173,""value"":2},{""id"":174,""value"":9},{""id"":175,""value"":16},{""id"":176,""value"":23},{""id"":177,""value"":30},{""id"":178,""value"":37},{""id"":179,""value"":44},{""id"":180,""value"":51},{""id"":181,""value"":58},{""id"":182,""value"":65},{""id"":183,""value"":72},{""id"":184,""value"":79},{""id"":185,""value"":86},{""id"":186,""value"":93},{""id"":187,""value"":100},{""id"":188,""value"":6},{""id"":189,""value"":13},{""id"":190,""value"":20},{""id"":191,""value"":27},{""id"":192,""value"":34},{""id"":193,""value"":41},{""id"":194,""value"":48},{""id"":195,""value"":55},{""id"":196,""value"":62},{""id"":197,""value"":69},{""id"":198,""value"":76},{""id"":199,""value"":83},{""id"":200,""value"":90},{""id"":201,""value"":97},{""id"":202,""value"":3},{""id"":203,""value"":10},{""id"":204,""value"":17},{""id"":205,""value"":24},{""id"":206,""value"":31},{""id"":207,""value"":38},{""id"":208,""value"":45},{""id"":209,""value"":52}],""query_id"":62}","{""value"":33}",exact,1.0,0.7,deterministic,wrong_answer,all lower C levels for level certification,C-Standard,specification-only,False,required/pass for generated dev item,required before attributing concordant cross-tier failures,must report strongest-executor headroom,C6/CΩ require cross-domain/frontier-generalization protocols and cannot be certified by a finite static item alone.
C-CΩ-MULTI-01,C,CΩ,,multimodal_structured,1,protocol,CΩ Multimodal Structured #1,Use the spatial object representation to answer the question.,"{""objects"":[{""id"":""r"",""shape"":""circle"",""x"":21,""y"":30},{""id"":""b"",""shape"":""square"",""x"":80,""y"":37},{""id"":""g"",""shape"":""triangle"",""x"":50,""y"":90}],""question"":""Which object is leftmost?""}","{""id"":""r""}",exact,1.0,0.7,deterministic,wrong_answer,all lower C levels for level certification,C-Standard,specification-only,False,required/pass for generated dev item,required before attributing concordant cross-tier failures,must report strongest-executor headroom,C6/CΩ require cross-domain/frontier-generalization protocols and cannot be certified by a finite static item alone.
C-CΩ-MULTI-02,C,CΩ,,multimodal_structured,2,protocol,CΩ Multimodal Structured #2,Use the spatial object representation to answer the question.,"{""objects"":[{""id"":""r"",""shape"":""circle"",""x"":22,""y"":30},{""id"":""b"",""shape"":""square"",""x"":80,""y"":37},{""id"":""g"",""shape"":""triangle"",""x"":50,""y"":90}],""question"":""Which object is leftmost?""}","{""id"":""r""}",exact,1.0,0.7,deterministic,wrong_answer,all lower C levels for level certification,C-Standard,specification-only,False,required/pass for generated dev item,required before attributing concordant cross-tier failures,must report strongest-executor headroom,C6/CΩ require cross-domain/frontier-generalization protocols and cannot be certified by a finite static item alone.
C-CΩ-MULTI-03,C,CΩ,,multimodal_structured,3,protocol,CΩ Multimodal Structured #3,Use the spatial object representation to answer the question.,"{""objects"":[{""id"":""r"",""shape"":""circle"",""x"":23,""y"":30},{""id"":""b"",""shape"":""square"",""x"":80,""y"":37},{""id"":""g"",""shape"":""triangle"",""x"":50,""y"":90}],""question"":""Which object is leftmost?""}","{""id"":""r""}",exact,1.0,0.7,deterministic,wrong_answer,all lower C levels for level certification,C-Standard,specification-only,False,required/pass for generated dev item,required before attributing concordant cross-tier failures,must report strongest-executor headroom,C6/CΩ require cross-domain/frontier-generalization protocols and cannot be certified by a finite static item alone.
C-CΩ-MULTI-04,C,CΩ,,multimodal_structured,4,protocol,CΩ Multimodal Structured #4,Use the spatial object representation to answer the question.,"{""objects"":[{""id"":""r"",""shape"":""circle"",""x"":24,""y"":30},{""id"":""b"",""shape"":""square"",""x"":80,""y"":37},{""id"":""g"",""shape"":""triangle"",""x"":50,""y"":90}],""question"":""Which object is leftmost?""}","{""id"":""r""}",exact,1.0,0.7,deterministic,wrong_answer,all lower C levels for level certification,C-Standard,specification-only,False,required/pass for generated dev item,required before attributing concordant cross-tier failures,must report strongest-executor headroom,C6/CΩ require cross-domain/frontier-generalization protocols and cannot be certified by a finite static item alone.
C-CΩ-GUI_P-01,C,CΩ,GP5,gui_perception,1,static,CΩ Gui Perception #1,Interpret the computer-screen image. Do not infer hidden state beyond visible evidence.,"{""image_file"":""gui_assets/C-CΩ-GUI_P-01.png"",""gp_level"":""GP5"",""questions"":{""text"":""What filename is shown?"",""element"":""What kind of control is labeled Submit?"",""grounding"":""Return Submit bounding box [x1,y1,x2,y2]."",""state"":""Is Submit enabled?"",""result_state"":""What status text is visible?""}}","{""filename"":""item-01.txt"",""submit_element_type"":""button"",""submit_bbox"":[420,125,580,165],""submit_enabled"":true,""status"":""Ready""}",component_fraction,1.0,0.7,bbox_iou_plus_exact_fields,ocr;text;element_type;grounding;state_interpretation,all lower C levels for level certification,C-Standard,specification-only,False,required/pass for generated dev item,required before attributing concordant cross-tier failures,must report strongest-executor headroom,"GP is a diagnostic subscale of C, not a C level: this is GP5 evidence and must not be read as CΩ evidence. A previously unseen layout is legitimate static evidence for GP5; nothing static is evidence for C5."
C-CΩ-GUI_P-02,C,CΩ,GP5,gui_perception,2,static,CΩ Gui Perception #2,Interpret the computer-screen image. Do not infer hidden state beyond visible evidence.,"{""image_file"":""gui_assets/C-CΩ-GUI_P-02.png"",""gp_level"":""GP5"",""questions"":{""text"":""What filename is shown?"",""element"":""What kind of control is labeled Submit?"",""grounding"":""Return Submit bounding box [x1,y1,x2,y2]."",""state"":""Is Submit enabled?"",""result_state"":""What status text is visible?""}}","{""filename"":""item-02.txt"",""submit_element_type"":""button"",""submit_bbox"":[420,125,580,165],""submit_enabled"":false,""status"":""ERROR: missing owner""}",component_fraction,1.0,0.7,bbox_iou_plus_exact_fields,ocr;text;element_type;grounding;state_interpretation,all lower C levels for level certification,C-Standard,specification-only,False,required/pass for generated dev item,required before attributing concordant cross-tier failures,must report strongest-executor headroom,"GP is a diagnostic subscale of C, not a C level: this is GP5 evidence and must not be read as CΩ evidence. A previously unseen layout is legitimate static evidence for GP5; nothing static is evidence for C5."
C-CΩ-GUI_P-03,C,CΩ,GP5,gui_perception,3,static,CΩ Gui Perception #3,Interpret the computer-screen image. Do not infer hidden state beyond visible evidence.,"{""image_file"":""gui_assets/C-CΩ-GUI_P-03.png"",""gp_level"":""GP5"",""questions"":{""text"":""What filename is shown?"",""element"":""What kind of control is labeled Submit?"",""grounding"":""Return Submit bounding box [x1,y1,x2,y2]."",""state"":""Is Submit enabled?"",""result_state"":""What status text is visible?""}}","{""filename"":""item-03.txt"",""submit_element_type"":""button"",""submit_bbox"":[420,125,580,165],""submit_enabled"":true,""status"":""Ready""}",component_fraction,1.0,0.7,bbox_iou_plus_exact_fields,ocr;text;element_type;grounding;state_interpretation,all lower C levels for level certification,C-Standard,specification-only,False,required/pass for generated dev item,required before attributing concordant cross-tier failures,must report strongest-executor headroom,"GP is a diagnostic subscale of C, not a C level: this is GP5 evidence and must not be read as CΩ evidence. A previously unseen layout is legitimate static evidence for GP5; nothing static is evidence for C5."
C-CΩ-GUI_P-04,C,CΩ,GP5,gui_perception,4,static,CΩ Gui Perception #4,Interpret the computer-screen image. Do not infer hidden state beyond visible evidence.,"{""image_file"":""gui_assets/C-CΩ-GUI_P-04.png"",""gp_level"":""GP5"",""questions"":{""text"":""What filename is shown?"",""element"":""What kind of control is labeled Submit?"",""grounding"":""Return Submit bounding box [x1,y1,x2,y2]."",""state"":""Is Submit enabled?"",""result_state"":""What status text is visible?""}}","{""filename"":""item-04.txt"",""submit_element_type"":""button"",""submit_bbox"":[420,125,580,165],""submit_enabled"":false,""status"":""ERROR: missing owner""}",component_fraction,1.0,0.7,bbox_iou_plus_exact_fields,ocr;text;element_type;grounding;state_interpretation,all lower C levels for level certification,C-Standard,specification-only,False,required/pass for generated dev item,required before attributing concordant cross-tier failures,must report strongest-executor headroom,"GP is a diagnostic subscale of C, not a C level: this is GP5 evidence and must not be read as CΩ evidence. A previously unseen layout is legitimate static evidence for GP5; nothing static is evidence for C5."
